index	g id	t id	f1	f2	f3	f4	f5	f6	f7	f8	f9	f10	f11	f12	f13	f14	f15	f16	f17	f18	f19	f20
0	g1	t1	0	3	0	0	0	0	0	0	0	4	0	0	0	4	0	1	0	2	0	0
1	g1	t2	5	1	0	1	2	2	0	0	0	3	0	0	3	1	3	0	7	1	0	1
2	g1	t3	6	0	0	2	0	0	2	0	0	0	0	2	0	0	0	0	4	0	3	7
3	g1	t4	0	0	6	0	0	4	3	3	3	6	1	0	0	4	0	0	4	0	0	3
4	g1	t5	4	0	5	0	0	5	0	3	3	0	0	5	0	4	0	0	5	5	0	2
5	g1	t6	0	1	1	0	0	6	0	1	8	8	0	0	4	3	0	2	1	5	1	0
6	g1	t7	0	0	0	0	3	3	5	7	0	0	1	3	4	0	5	0	5	0	5	1
7	g1	t8	0	0	0	0	0	0	0	2	4	0	0	1	2	0	0	1	0	2	2	2
8	g1	t9	0	0	2	3	0	0	0	0	2	4	0	1	1	0	2	1	5	0	0	0
9	g1	t10	1	0	1	0	0	5	0	4	0	4	0	0	4	3	3	1	0	0	3	3
10	g10	t11	0	4	3	3	0	0	2	4	3	1	0	1	0	0	0	1	0	1	2	0
11	g10	t12	0	0	0	3	0	6	2	3	3	4	0	6	2	0	0	7	0	3	0	4
12	g10	t13	0	5	3	0	1	2	0	0	4	0	0	5	0	3	4	2	2	2	0	5
13	g10	t14	3	2	2	3	4	0	1	0	0	0	0	0	5	0	2	3	0	0	0	2
14	g10	t15	5	4	5	0	0	4	1	2	5	6	3	2	3	0	0	0	0	0	4	0
15	g10	t16	3	4	2	3	0	0	0	0	3	0	0	3	0	0	0	0	4	0	0	3
16	g10	t17	0	1	0	0	2	0	0	3	1	5	0	3	0	2	1	0	0	6	3	1
17	g10	t18	2	3	2	3	0	1	2	2	2	0	1	1	0	0	4	0	3	0	0	6
18	g10	t19	0	0	7	3	4	1	3	6	4	0	0	0	0	3	0	0	4	5	3	0
19	g10	t20	0	3	2	0	0	0	1	0	0	3	0	4	0	0	5	2	0	4	4	2
20	g100	t21	3	1	0	0	0	2	0	0	0	0	0	3	2	2	5	0	2	0	2	2
21	g100	t22	0	0	0	0	0	0	0	1	0	2	0	0	0	0	0	0	3	0	6	0
22	g100	t23	3	0	2	0	1	3	2	3	0	0	0	3	2	6	2	4	1	0	0	0
23	g100	t24	0	2	0	0	2	0	8	0	1	0	4	0	0	7	3	0	3	3	0	3
24	g100	t25	0	2	4	2	0	3	0	0	2	0	1	5	0	0	0	0	3	3	0	0
25	g100	t26	0	0	0	0	0	0	3	0	3	0	4	0	0	0	0	0	7	0	4	5
26	g100	t27	3	4	5	6	2	0	0	0	0	0	1	0	1	2	4	2	5	0	0	0
27	g100	t28	0	1	0	0	0	0	3	0	3	0	0	3	6	0	0	0	4	4	2	0
28	g100	t29	0	3	0	0	0	2	0	5	2	0	0	3	2	4	2	1	0	4	7	0
29	g100	t30	2	0	2	0	1	0	4	0	0	3	0	5	2	0	0	0	0	0	0	0
30	g100	t31	1	5	0	0	0	1	3	4	0	2	0	3	0	0	0	2	0	0	0	0
31	g101	t32	0	0	0	3	3	0	4	5	1	7	0	3	2	0	6	0	0	0	0	0
32	g101	t33	0	4	0	8	0	0	0	0	2	0	0	0	3	0	3	0	2	0	3	0
33	g101	t34	5	2	0	2	0	3	5	0	1	0	2	3	0	2	0	3	0	0	5	3
34	g101	t35	4	2	6	3	0	4	1	6	0	5	0	4	5	0	0	0	0	2	2	0
35	g101	t36	0	0	3	0	0	0	4	0	0	4	0	0	0	3	1	0	4	0	2	0
36	g101	t37	0	3	2	5	3	0	4	0	3	4	3	0	0	0	2	5	4	2	3	0
37	g101	t38	1	0	0	2	0	3	4	0	0	4	0	0	2	3	0	3	0	4	0	4
38	g101	t39	0	2	0	0	0	0	0	2	5	2	3	3	8	0	3	0	0	0	0	0
39	g101	t40	0	4	0	4	3	0	4	4	0	4	0	0	0	5	0	1	0	4	0	2
40	g101	t41	4	0	6	4	0	5	0	4	4	0	0	0	6	0	3	0	0	0	3	2
41	g101	t42	4	0	6	0	0	0	0	0	2	2	4	4	0	0	3	7	0	0	0	0
42	g102	t43	0	0	0	6	4	0	2	0	3	0	2	3	2	0	0	1	3	3	0	0
43	g102	t44	1	0	0	5	8	1	4	3	0	2	0	0	0	0	1	0	0	0	3	2
44	g102	t45	0	0	4	0	6	0	1	0	3	0	0	0	0	0	4	0	4	1	2	0
45	g102	t46	0	5	0	2	0	0	5	0	2	0	0	0	2	2	3	0	7	2	0	4
46	g102	t47	0	0	0	2	0	0	1	3	0	0	0	0	0	0	3	3	0	3	0	4
47	g102	t48	0	0	0	1	0	2	0	0	0	0	0	2	0	0	0	0	5	0	0	4
48	g103	t49	2	5	1	2	0	0	0	0	2	0	3	3	0	3	0	0	0	1	0	1
49	g103	t50	0	0	1	0	0	3	0	0	4	7	5	0	2	0	2	1	0	4	0	5
50	g103	t51	0	3	3	4	0	0	0	0	0	3	3	0	1	8	0	0	0	0	0	0
51	g103	t52	3	2	0	5	0	0	5	2	0	4	0	0	0	0	3	0	0	0	2	5
52	g103	t53	0	0	0	1	3	1	3	0	9	0	0	3	6	0	3	3	1	4	0	0
53	g103	t54	4	0	0	2	4	5	0	0	3	0	0	2	0	3	1	0	1	3	3	2
54	g103	t55	0	0	1	0	0	2	0	0	0	6	0	2	0	3	6	3	0	2	4	1
55	g103	t56	0	3	0	0	3	0	5	0	2	1	0	0	3	0	0	4	0	0	2	0
56	g103	t57	0	0	8	2	0	2	2	0	4	0	0	0	0	2	2	0	7	3	6	5
57	g104	t58	0	0	0	4	0	5	7	1	2	0	1	5	3	0	0	0	0	3	4	1
58	g104	t59	0	0	0	0	0	1	2	1	0	0	0	0	0	0	1	1	0	2	0	5
59	g104	t60	3	1	0	2	5	0	0	4	0	6	3	0	5	0	2	2	0	0	4	2
60	g104	t61	4	0	2	3	0	0	0	4	0	2	3	0	0	0	0	2	0	1	1	0
61	g104	t62	0	0	4	1	0	0	0	3	0	2	0	2	0	3	0	0	5	2	0	0
62	g104	t63	0	0	0	1	1	0	0	2	0	0	0	2	0	0	0	1	0	0	4	0
63	g104	t64	0	2	3	4	0	1	4	0	0	1	0	3	0	2	0	0	0	0	0	0
64	g104	t65	6	3	4	0	4	3	0	0	0	5	2	8	0	3	6	4	0	7	4	0
65	g104	t66	3	0	4	1	0	0	2	1	0	1	0	0	0	0	0	0	3	2	0	3
66	g104	t67	1	3	4	0	0	0	2	0	1	0	0	1	0	0	2	0	2	2	0	4
67	g105	t68	3	3	4	0	2	3	6	1	0	1	0	3	4	0	0	2	8	0	4	4
68	g105	t69	2	4	0	0	2	3	1	6	0	3	2	0	0	0	0	3	0	4	5	0
69	g105	t70	0	0	0	2	1	0	0	0	0	6	2	0	3	0	0	3	4	4	2	0
70	g105	t71	5	0	3	0	1	5	1	0	0	0	2	0	2	2	0	3	5	1	0	0
71	g105	t72	0	0	0	0	0	3	0	0	4	2	0	8	0	3	1	0	0	0	0	3
72	g105	t73	0	4	3	3	0	3	6	0	0	0	0	0	0	0	4	3	2	0	1	0
73	g105	t74	4	1	3	0	0	0	0	0	0	0	0	1	0	0	7	0	3	0	5	0
74	g105	t75	0	0	3	5	0	0	4	4	0	0	2	0	0	0	0	0	2	6	0	0
75	g105	t76	0	1	6	0	0	0	0	2	0	0	0	1	4	0	1	0	0	0	4	2
76	g105	t77	0	4	3	0	0	2	0	0	0	0	5	4	0	1	0	0	0	0	0	0
77	g105	t78	0	2	0	0	8	5	5	0	0	2	1	2	4	4	4	0	2	3	1	0
78	g105	t79	0	5	6	2	0	0	2	3	0	2	2	0	0	3	0	4	5	4	0	0
79	g106	t80	3	0	0	0	4	0	2	7	1	1	0	7	0	0	0	4	2	0	2	2
80	g106	t81	0	0	3	3	0	3	0	3	0	0	3	1	0	0	3	0	0	0	3	1
81	g106	t82	3	3	4	2	0	6	0	1	0	7	7	0	0	1	3	5	0	2	0	8
82	g106	t83	2	0	0	2	3	3	0	1	3	5	0	0	0	1	4	0	2	0	6	0
83	g106	t84	8	0	0	4	4	1	0	2	4	0	0	1	0	2	4	3	0	2	1	3
84	g106	t85	0	0	0	0	0	3	0	0	6	1	1	2	0	3	0	1	1	5	0	2
85	g106	t86	0	2	2	1	0	3	2	0	0	0	0	0	4	3	0	1	6	3	3	0
86	g106	t87	1	0	3	3	0	0	0	0	4	0	0	0	2	1	3	0	0	0	0	0
87	g107	t88	4	0	2	1	2	0	2	5	7	3	0	6	0	2	0	6	0	0	0	0
88	g107	t89	0	1	0	7	2	0	0	0	0	2	3	0	2	0	1	4	4	0	0	0
89	g107	t90	1	2	0	1	3	4	5	3	0	4	3	2	2	2	2	0	2	4	4	0
90	g107	t91	3	0	0	4	3	1	0	0	0	0	3	2	0	0	3	4	1	2	0	2
91	g107	t92	0	2	4	0	0	0	2	5	0	2	5	0	3	0	1	0	4	0	4	2
92	g107	t93	1	2	3	1	3	0	0	4	1	0	4	6	0	8	5	0	0	0	2	0
93	g107	t94	0	4	0	3	0	6	6	0	0	0	2	1	0	6	0	1	9	0	0	2
94	g107	t95	6	0	0	1	3	2	0	6	3	0	5	4	0	0	0	3	0	1	0	7
95	g107	t96	0	0	3	5	0	2	3	0	0	0	0	0	6	3	0	0	0	1	0	2
96	g107	t97	7	2	1	0	3	0	0	0	2	2	7	0	0	0	3	0	4	0	3	2
97	g107	t98	1	0	0	0	4	0	0	1	7	0	0	3	3	2	0	0	0	2	0	0
98	g107	t99	4	2	2	4	4	4	3	1	0	3	0	0	0	2	0	0	0	0	6	4
99	g108	t100	0	2	5	3	0	0	6	0	0	0	3	0	3	2	1	0	0	2	0	0
100	g108	t101	3	1	1	0	0	2	1	0	3	0	4	4	0	0	0	0	0	6	2	0
101	g108	t102	5	1	2	1	0	2	2	3	0	0	0	4	1	2	3	0	6	0	0	2
102	g108	t103	0	0	2	5	0	0	0	0	0	4	2	1	0	0	3	0	2	4	0	0
103	g108	t104	0	0	1	0	0	0	2	0	0	0	0	0	0	0	0	3	0	0	0	0
104	g108	t105	2	3	0	0	0	0	0	3	4	3	0	0	0	1	0	0	4	2	0	0
105	g108	t106	0	3	2	2	3	0	2	4	0	0	6	0	4	0	3	0	2	0	0	4
106	g108	t107	0	0	1	4	0	0	1	2	5	6	4	5	0	0	1	1	0	0	0	0
107	g109	t108	0	2	0	0	3	0	0	0	0	0	1	5	2	0	1	0	0	4	0	2
108	g109	t109	0	0	0	1	0	0	0	4	4	0	1	0	2	0	5	0	0	0	0	4
109	g109	t110	4	2	0	0	4	0	2	1	0	0	0	0	0	0	0	2	0	4	0	0
110	g109	t111	3	0	2	0	4	0	2	0	0	8	2	9	0	3	4	0	2	0	0	0
111	g109	t112	3	0	3	3	3	0	0	0	0	0	3	2	2	1	0	0	1	3	0	0
112	g109	t113	2	0	0	0	0	0	5	2	4	0	0	0	0	0	0	0	0	0	5	2
113	g109	t114	5	2	0	3	2	0	4	3	0	0	0	2	0	9	0	3	1	4	3	8
114	g109	t115	4	4	2	8	1	3	3	0	0	4	2	3	4	0	3	0	3	7	3	0
115	g11	t116	0	3	2	2	0	0	4	4	0	4	1	4	0	0	0	0	0	0	3	2
116	g11	t117	0	0	5	0	0	0	5	0	3	0	8	5	0	0	3	2	0	6	0	4
117	g11	t118	2	4	3	0	4	3	3	7	2	2	0	1	0	5	0	0	0	0	2	5
118	g11	t119	0	0	0	3	5	5	0	0	6	0	0	0	0	0	3	0	0	0	0	0
119	g11	t120	0	3	2	0	0	0	0	2	0	3	3	0	4	1	0	1	0	0	0	0
120	g11	t121	10	0	0	6	4	0	3	1	0	0	5	0	0	3	0	0	3	0	0	3
121	g11	t122	0	0	0	0	0	2	0	0	5	0	7	3	0	0	1	0	0	0	0	3
122	g11	t123	0	0	0	3	0	1	0	0	1	6	0	2	2	0	0	0	4	3	4	0
123	g11	t124	0	1	3	0	0	2	0	3	3	3	0	4	0	1	3	0	0	0	0	5
124	g110	t125	0	0	0	0	0	0	0	0	0	1	4	0	0	0	1	0	2	6	0	0
125	g110	t126	2	5	3	0	3	2	0	0	0	0	0	0	2	0	0	0	4	0	0	4
126	g110	t127	1	5	0	0	5	3	0	0	2	0	6	0	0	7	5	0	4	0	0	0
127	g110	t128	4	2	5	0	0	2	0	0	0	1	4	0	0	0	0	0	3	0	3	3
128	g110	t129	2	0	3	0	3	0	0	0	0	0	0	0	0	5	0	8	0	0	0	0
129	g110	t130	0	2	4	0	0	3	2	0	0	0	3	0	0	0	2	3	2	0	4	0
130	g110	t131	0	0	0	0	2	6	3	0	5	0	0	0	4	3	0	0	3	0	1	2
131	g110	t132	2	3	6	4	6	0	1	7	3	0	3	0	0	9	0	0	5	0	0	0
132	g110	t133	0	4	3	0	0	4	0	0	3	0	5	0	0	3	0	1	4	3	2	0
133	g110	t134	0	7	0	3	2	0	2	0	0	4	1	0	7	0	0	0	0	0	0	0
134	g110	t135	0	0	0	2	4	0	0	4	4	0	0	4	0	3	3	4	0	5	0	5
135	g110	t136	2	6	0	0	6	6	2	2	0	0	4	4	3	0	0	0	0	0	1	8
136	g111	t137	0	0	7	0	0	4	1	0	4	0	7	0	0	0	0	4	0	0	1	4
137	g111	t138	0	0	3	3	3	3	3	2	0	0	1	3	3	0	4	2	0	0	0	5
138	g111	t139	4	2	0	0	0	2	5	4	0	0	0	0	4	0	0	0	0	0	0	0
139	g111	t140	5	0	0	3	3	3	0	0	0	5	0	5	0	0	4	3	0	0	1	0
140	g111	t141	0	1	3	0	2	2	0	0	1	0	0	4	0	0	2	0	0	3	0	3
141	g111	t142	4	4	0	0	0	2	4	6	0	0	3	0	0	0	0	0	3	2	7	0
142	g111	t143	4	2	5	0	0	4	0	1	0	2	4	3	0	0	2	0	0	0	3	0
143	g111	t144	1	4	3	0	0	3	0	2	3	0	0	4	0	0	4	2	0	0	0	2
144	g111	t145	2	5	0	3	4	0	4	4	0	0	6	0	0	2	0	2	0	0	0	0
145	g111	t146	4	3	0	0	3	1	4	0	0	0	0	0	3	1	0	0	2	6	1	0
146	g111	t147	0	2	0	0	2	2	0	0	0	0	0	1	1	0	0	0	0	1	4	5
147	g111	t148	0	0	3	0	0	4	0	5	3	3	4	0	0	0	0	3	2	0	0	0
148	g111	t149	1	2	1	0	3	0	2	5	2	1	0	0	2	5	1	0	0	0	0	0
149	g112	t150	4	0	0	0	0	0	0	3	3	0	1	0	1	0	1	4	0	0	0	3
150	g112	t151	5	0	0	1	2	2	3	0	0	3	5	0	3	4	5	1	0	4	0	3
151	g112	t152	0	5	0	0	0	0	5	0	6	0	0	2	1	0	0	0	3	0	4	0
152	g112	t153	4	3	0	1	1	0	0	0	1	0	0	2	3	0	0	2	3	0	4	0
153	g112	t154	3	3	0	5	4	4	0	7	0	5	0	0	3	8	0	3	3	0	3	0
154	g112	t155	1	0	0	2	3	0	3	0	0	0	0	0	0	2	3	4	0	0	4	3
155	g112	t156	0	0	0	0	0	0	3	4	0	2	4	0	0	2	0	4	5	0	1	3
156	g112	t157	0	0	1	2	0	0	2	0	0	3	4	4	0	0	1	0	1	8	3	4
157	g112	t158	3	0	0	5	0	0	4	3	0	0	0	5	0	3	2	0	1	2	0	0
158	g112	t159	0	0	1	4	2	0	0	0	2	4	2	1	0	0	0	0	0	2	3	0
159	g112	t160	0	0	4	2	4	4	0	2	0	0	0	0	2	4	0	3	0	4	0	1
160	g112	t161	0	0	0	0	0	2	0	3	0	0	0	4	0	0	5	0	2	0	0	0
161	g113	t162	3	0	3	0	0	5	4	6	5	0	0	0	0	0	4	0	2	0	4	0
162	g113	t163	0	4	0	5	5	1	2	0	0	5	2	4	1	6	1	5	0	5	3	2
163	g113	t164	4	3	0	0	4	4	2	5	5	0	2	0	2	3	0	1	0	0	0	2
164	g113	t165	0	0	3	4	0	0	0	0	4	1	2	3	7	0	0	0	0	3	3	4
165	g113	t166	0	0	3	4	0	0	2	4	0	1	1	1	0	0	0	0	0	4	4	5
166	g113	t167	0	0	0	1	1	0	0	4	1	0	4	2	0	2	2	0	0	3	0	0
167	g113	t168	3	0	2	1	4	3	0	2	4	2	4	1	1	5	3	2	3	0	4	3
168	g113	t169	0	0	0	2	5	1	0	0	3	0	0	0	0	0	0	0	2	5	4	0
169	g113	t170	2	0	0	0	0	4	8	0	5	3	0	0	7	0	0	1	3	0	2	6
170	g113	t171	2	0	1	0	2	5	3	0	2	0	4	4	0	3	2	1	0	0	0	0
171	g114	t172	0	4	0	3	0	0	0	0	0	1	0	0	0	0	0	2	0	0	4	4
172	g114	t173	0	0	0	5	0	5	0	2	0	3	0	0	0	0	5	1	0	5	2	3
173	g114	t174	3	0	0	0	2	0	0	0	5	0	5	3	0	1	0	1	0	4	0	6
174	g114	t175	0	3	0	2	0	1	0	0	3	0	0	5	4	3	0	0	4	6	0	0
175	g114	t176	4	1	1	0	4	4	0	4	0	7	0	0	0	0	0	0	0	2	2	2
176	g114	t177	0	0	0	0	0	3	3	2	0	0	0	8	0	3	2	3	0	0	3	0
177	g114	t178	0	0	4	2	0	0	2	1	0	3	6	0	3	0	0	0	2	0	0	0
178	g114	t179	3	0	0	7	5	3	3	0	0	0	1	6	0	0	0	2	0	4	0	2
179	g114	t180	0	0	0	3	0	1	0	0	2	1	5	0	4	0	2	6	5	0	2	0
180	g114	t181	0	0	3	3	0	0	0	4	0	0	4	0	0	0	0	0	2	0	0	0
181	g114	t182	0	0	0	0	0	1	0	2	0	2	2	0	3	3	4	0	0	1	1	0
182	g114	t183	0	3	2	0	3	0	0	0	2	6	0	4	6	2	0	0	6	3	0	0
183	g115	t184	2	2	0	0	0	1	0	0	0	0	0	4	3	0	4	1	6	0	3	6
184	g115	t185	2	0	4	0	0	0	0	0	3	0	0	3	8	5	0	7	0	0	3	0
185	g115	t186	0	2	4	0	0	0	5	3	3	0	0	0	0	4	3	0	0	0	0	0
186	g115	t187	1	4	0	0	1	3	0	0	4	0	2	2	0	0	0	4	1	0	2	5
187	g115	t188	3	2	1	2	0	0	0	0	2	2	4	0	0	1	2	0	2	0	0	3
188	g115	t189	0	0	5	4	3	0	0	0	6	0	0	1	0	0	0	3	6	1	0	3
189	g115	t190	3	2	3	1	0	0	4	3	2	0	3	0	4	0	4	0	0	3	4	3
190	g115	t191	0	0	4	3	6	1	0	0	0	0	0	0	3	2	3	0	4	4	0	6
191	g115	t192	0	4	0	0	2	1	0	1	0	2	0	2	0	0	2	3	1	0	6	0
192	g115	t193	4	1	3	2	2	3	4	0	2	3	6	1	3	0	0	0	0	2	0	0
193	g115	t194	0	3	2	0	0	0	0	0	0	2	0	5	0	1	0	0	3	4	0	2
194	g115	t195	2	1	1	2	2	0	5	1	0	0	6	1	4	1	2	0	1	1	9	3
195	g115	t196	4	2	0	6	0	5	0	6	1	0	1	0	0	0	0	0	0	5	4	1
196	g115	t197	2	0	3	4	0	0	0	6	6	3	2	0	2	0	4	0	2	2	4	0
197	g115	t198	0	4	0	0	3	6	0	8	1	4	5	4	0	0	0	0	0	0	0	3
198	g116	t199	4	6	0	2	0	0	0	0	2	3	0	3	4	0	0	0	0	0	3	0
199	g116	t200	3	2	3	0	0	0	5	0	5	0	0	4	0	6	5	2	0	0	6	1
200	g116	t201	0	3	3	0	0	0	0	4	0	0	1	0	6	3	5	3	5	4	2	0
201	g116	t202	0	0	0	0	0	0	3	0	0	4	3	0	1	5	0	0	0	0	0	2
202	g116	t203	0	0	0	0	7	3	0	3	3	4	0	0	3	4	0	0	0	0	0	0
203	g116	t204	6	0	0	3	0	2	0	1	1	0	4	0	0	0	0	0	0	0	0	2
204	g116	t205	1	1	0	5	4	4	3	0	0	4	0	0	3	0	2	3	3	5	0	5
205	g116	t206	0	0	0	0	2	0	1	0	3	3	0	3	0	0	0	4	0	0	0	0
206	g117	t207	0	0	0	2	0	2	2	0	3	0	1	0	1	0	0	0	3	0	0	0
207	g117	t208	0	0	0	3	3	5	4	2	4	5	0	0	0	7	4	0	5	0	0	1
208	g117	t209	0	0	0	0	0	4	4	2	1	2	0	0	2	0	0	0	1	5	0	0
209	g117	t210	2	2	0	5	0	0	3	0	0	3	0	0	1	3	0	3	0	0	0	0
210	g117	t211	5	0	3	0	3	0	0	0	0	0	0	0	0	0	3	0	4	0	3	1
211	g117	t212	6	0	0	2	2	2	0	3	2	2	0	0	0	0	0	0	2	3	5	0
212	g117	t213	2	1	0	0	0	0	0	6	0	0	0	9	7	5	1	5	0	2	0	3
213	g117	t214	0	0	2	0	5	0	2	1	2	0	0	2	3	0	6	3	2	4	5	0
214	g117	t215	0	0	1	1	5	0	3	0	0	0	0	0	0	0	4	0	0	3	3	0
215	g117	t216	0	3	5	0	2	0	0	1	0	0	3	0	0	2	5	0	3	2	2	4
216	g117	t217	0	1	0	0	0	0	0	1	0	0	2	0	0	0	0	0	0	0	0	0
217	g117	t218	0	3	4	0	0	0	0	0	0	0	2	0	1	1	4	0	3	0	5	0
218	g117	t219	3	4	2	0	0	0	1	0	4	0	0	0	5	2	2	3	0	0	1	2
219	g117	t220	1	0	2	0	0	2	0	0	7	3	0	2	2	0	4	0	2	1	0	0
220	g118	t221	4	0	0	0	0	0	0	0	0	2	0	2	3	4	4	4	0	0	0	0
221	g118	t222	0	0	0	2	0	0	0	2	1	0	0	0	3	0	4	3	0	0	0	0
222	g118	t223	0	0	0	0	0	0	5	6	0	0	0	3	0	0	0	2	0	0	0	0
223	g118	t224	0	5	0	0	0	2	0	0	0	0	3	0	2	1	0	2	0	7	6	0
224	g118	t225	0	0	1	0	4	0	5	0	2	7	2	0	0	1	0	3	0	0	0	0
225	g118	t226	1	2	0	0	2	3	0	0	4	3	0	1	0	0	0	0	0	0	4	2
226	g118	t227	4	0	0	0	0	2	3	0	0	0	4	0	0	0	2	0	2	0	0	1
227	g118	t228	0	0	0	0	3	0	0	2	1	0	2	6	3	0	0	4	0	1	3	0
228	g119	t229	0	0	0	0	0	4	2	4	0	0	0	0	3	4	0	0	0	0	2	0
229	g119	t230	6	5	0	2	0	9	2	2	0	3	5	1	0	3	0	0	0	3	0	9
230	g119	t231	0	0	4	3	0	0	0	0	0	6	4	0	0	0	4	2	0	5	2	0
231	g119	t232	0	6	0	1	0	2	0	0	2	0	0	0	3	0	3	3	0	0	0	2
232	g119	t233	2	0	0	1	0	0	6	2	0	3	0	4	0	0	2	0	4	0	0	0
233	g119	t234	4	3	0	3	2	0	0	0	0	0	4	3	0	0	0	0	2	5	0	4
234	g119	t235	0	6	1	3	1	0	8	4	6	0	0	4	2	0	0	3	3	5	2	0
235	g119	t236	4	7	3	4	1	3	3	0	0	2	0	0	0	0	6	3	0	2	0	4
236	g119	t237	2	4	5	0	0	5	2	0	0	0	0	0	0	0	3	0	3	3	1	1
237	g119	t238	0	0	0	0	0	0	2	3	6	0	0	4	0	3	2	4	0	1	3	2
238	g119	t239	0	3	2	0	4	0	5	2	1	3	4	0	1	0	0	4	2	2	0	4
239	g119	t240	2	3	0	1	6	5	2	3	1	2	0	5	0	3	0	0	0	3	0	2
240	g119	t241	0	3	0	0	0	3	3	0	0	0	0	0	3	0	3	0	0	6	0	2
241	g12	t242	3	2	3	0	0	5	0	4	3	0	2	0	7	6	0	5	0	5	0	5
242	g12	t243	0	3	0	2	0	0	3	2	0	4	3	0	0	0	2	0	0	5	2	0
243	g12	t244	0	0	0	6	6	6	4	2	5	3	0	2	0	4	0	0	0	0	0	4
244	g12	t245	0	0	0	3	0	0	0	2	0	0	0	3	0	0	0	5	0	0	4	4
245	g12	t246	1	0	0	3	2	2	0	0	0	2	3	3	0	0	0	0	3	1	0	5
246	g12	t247	0	5	0	0	2	2	2	1	0	3	0	0	1	0	2	0	0	3	2	0
247	g12	t248	6	2	0	3	0	0	0	0	2	6	0	0	0	4	4	3	1	2	2	3
248	g120	t249	0	0	0	0	4	4	0	1	1	4	0	0	0	2	4	0	0	1	4	3
249	g120	t250	3	1	0	2	0	4	2	2	6	0	0	5	0	5	4	0	3	0	4	0
250	g120	t251	6	2	0	3	0	2	0	3	0	3	1	3	0	0	0	3	0	2	0	0
251	g120	t252	0	0	0	1	3	4	7	0	0	5	7	5	0	3	2	3	5	0	3	0
252	g120	t253	0	1	0	0	5	0	0	7	2	0	4	0	0	0	0	3	0	0	0	2
253	g120	t254	2	1	0	0	0	4	0	0	3	0	7	0	0	0	1	0	5	0	0	3
254	g120	t255	6	0	2	0	3	0	5	0	4	0	8	3	0	0	0	0	0	0	0	5
255	g120	t256	5	4	2	0	3	4	6	6	6	0	0	0	1	0	0	0	3	5	0	4
256	g120	t257	2	0	2	4	4	3	4	3	1	3	2	0	0	4	2	0	0	3	3	0
257	g120	t258	0	3	0	0	3	0	0	0	0	5	1	3	0	3	2	4	0	5	0	1
258	g121	t259	0	2	0	3	5	2	6	2	0	0	0	3	2	0	0	3	0	0	0	3
259	g121	t260	3	0	3	3	3	4	0	0	2	2	0	1	4	6	0	4	5	0	0	6
260	g121	t261	4	0	0	2	0	0	0	0	2	6	0	3	0	4	0	0	0	0	3	2
261	g121	t262	0	0	3	0	3	0	0	2	0	0	2	7	0	0	5	0	3	2	5	0
262	g121	t263	1	0	0	0	3	5	3	3	0	0	2	0	4	6	4	0	0	0	3	0
263	g121	t264	3	2	2	0	0	0	1	0	0	3	0	0	2	4	0	0	0	0	2	0
264	g121	t265	0	0	0	1	0	4	0	3	3	0	0	0	1	5	5	5	3	3	0	1
265	g122	t266	0	0	4	0	5	0	1	1	0	5	1	0	0	0	2	0	3	0	0	0
266	g122	t267	0	5	6	0	4	1	2	0	3	3	2	0	3	5	3	5	0	2	1	0
267	g122	t268	0	0	3	5	0	0	0	4	0	0	0	1	2	1	0	0	0	0	0	1
268	g122	t269	4	4	2	0	2	0	0	0	6	0	4	0	0	4	0	0	0	2	1	0
269	g122	t270	6	3	0	5	0	0	2	2	2	0	0	0	1	3	4	0	4	3	0	5
270	g122	t271	6	0	0	0	1	0	4	0	0	6	0	1	3	0	1	4	5	0	6	3
271	g122	t272	0	0	2	5	0	4	0	0	1	4	2	0	0	0	0	0	0	4	0	2
272	g122	t273	0	1	0	2	4	0	0	4	0	0	0	3	0	4	0	0	0	3	6	3
273	g122	t274	0	2	6	3	6	2	2	1	2	1	2	2	8	5	0	1	0	0	4	1
274	g122	t275	3	2	3	0	2	0	5	0	0	0	4	2	3	2	2	0	0	0	0	0
275	g123	t276	0	0	3	0	3	0	4	3	3	0	3	0	0	0	0	0	2	4	3	0
276	g123	t277	0	2	0	3	2	0	1	3	2	3	2	2	4	0	1	0	0	0	0	2
277	g123	t278	2	4	0	0	0	0	3	1	0	2	5	0	0	0	0	0	4	0	0	0
278	g123	t279	2	0	5	0	0	3	0	0	0	4	0	0	0	0	1	0	6	2	3	0
279	g123	t280	6	2	3	4	3	0	0	0	3	2	1	2	1	0	0	0	0	1	1	3
280	g123	t281	4	1	6	0	0	2	3	0	1	0	2	4	0	0	4	3	1	0	0	4
281	g123	t282	0	0	5	0	1	1	0	0	4	0	0	6	1	1	5	2	0	4	4	3
282	g123	t283	0	0	2	1	0	0	0	5	4	0	3	4	0	6	2	0	0	3	1	2
283	g123	t284	2	0	1	3	3	0	2	0	0	0	4	0	6	0	0	0	0	0	0	2
284	g123	t285	2	0	0	3	1	0	0	5	1	1	3	0	1	8	4	6	2	0	0	0
285	g124	t286	0	0	0	3	1	0	2	1	0	0	0	0	0	3	0	4	2	4	0	2
286	g124	t287	3	0	0	6	4	2	0	0	2	0	0	1	1	0	0	3	4	3	0	3
287	g124	t288	4	0	3	0	5	0	4	0	2	0	4	0	0	4	5	5	0	5	4	4
288	g124	t289	4	0	2	2	0	3	0	1	5	5	6	5	2	4	3	0	0	0	0	3
289	g124	t290	0	0	0	2	0	0	5	4	2	0	4	3	0	1	2	0	1	0	0	3
290	g124	t291	0	2	0	3	0	0	0	0	0	4	5	1	0	0	6	4	4	0	0	0
291	g124	t292	0	2	0	4	0	0	0	1	0	0	1	0	2	1	0	6	2	0	3	1
292	g124	t293	0	0	2	0	5	7	0	0	0	4	4	0	0	1	2	0	0	4	10	4
293	g124	t294	2	0	1	0	5	3	2	1	0	0	0	0	0	11	0	0	2	1	0	4
294	g124	t295	0	6	0	1	0	0	3	0	4	2	4	3	0	3	0	3	4	0	0	0
295	g124	t296	2	0	0	0	4	0	2	4	0	3	8	0	3	1	7	4	6	1	5	1
296	g125	t297	0	0	4	0	3	0	0	0	0	0	4	3	0	0	0	0	2	0	0	3
297	g125	t298	1	0	0	6	0	3	0	4	0	0	0	0	0	0	5	0	3	7	4	1
298	g125	t299	0	1	3	0	0	1	2	0	5	6	5	6	3	0	0	0	3	0	0	2
299	g125	t300	3	5	0	2	0	4	0	3	3	2	2	2	3	0	0	0	2	0	6	3
300	g125	t301	2	3	3	0	6	4	0	0	3	0	3	2	0	0	3	5	0	3	4	0
301	g125	t302	0	0	0	5	2	1	0	0	4	0	2	6	0	0	1	6	0	3	2	6
302	g125	t303	1	0	0	3	0	0	5	0	0	1	0	2	2	4	4	6	2	2	2	7
303	g125	t304	3	0	0	0	4	0	3	0	2	0	0	0	0	0	0	0	1	0	0	0
304	g125	t305	4	0	0	1	1	0	3	0	3	3	6	3	0	0	1	2	4	0	4	6
305	g125	t306	2	2	0	2	4	5	5	0	0	0	0	9	2	1	3	0	5	6	1	1
306	g125	t307	0	0	1	4	3	0	0	0	0	2	0	2	0	0	2	1	0	0	0	0
307	g125	t308	2	0	0	4	0	1	4	4	0	3	0	0	0	0	0	3	0	0	0	0
308	g125	t309	4	4	0	5	4	3	0	7	0	3	0	2	0	5	3	0	0	3	4	1
309	g126	t310	0	0	0	0	0	4	0	2	0	7	0	0	0	5	0	2	1	0	1	6
310	g126	t311	0	6	6	1	4	0	0	10	0	4	3	0	3	5	5	2	0	0	4	1
311	g126	t312	3	0	7	0	0	0	3	0	2	3	4	0	0	0	7	0	4	2	0	0
312	g126	t313	0	0	6	6	0	0	0	0	0	0	0	3	0	1	4	2	0	4	3	1
313	g126	t314	3	0	2	0	2	0	5	0	0	0	5	5	0	0	6	0	0	0	0	0
314	g126	t315	0	0	0	0	0	0	2	0	2	0	3	2	0	0	0	3	0	4	0	0
315	g126	t316	0	0	0	0	0	4	0	0	0	5	1	0	0	0	2	2	0	0	2	6
316	g126	t317	1	3	0	3	0	0	4	3	0	0	4	0	3	5	0	4	0	3	3	0
317	g126	t318	0	4	1	5	0	0	4	1	0	0	0	0	1	0	2	2	4	3	0	3
318	g126	t319	5	1	4	0	0	0	0	0	2	4	0	1	4	2	2	1	0	0	2	5
319	g126	t320	0	2	0	2	0	0	2	4	6	1	1	0	0	0	1	0	0	1	1	0
320	g126	t321	4	0	0	0	0	0	0	3	0	0	0	3	0	0	7	0	0	1	0	0
321	g126	t322	6	0	0	2	0	0	1	0	0	0	0	0	3	0	1	4	2	0	4	3
322	g126	t323	0	6	3	0	0	1	1	3	2	2	0	3	2	0	4	1	0	2	0	1
323	g126	t324	0	0	0	0	4	1	0	0	5	0	4	0	0	0	1	0	0	0	0	0
324	g127	t325	0	4	0	3	4	0	0	0	0	4	0	4	1	3	0	0	1	3	0	0
325	g127	t326	0	2	0	2	6	4	2	4	0	5	3	0	0	0	0	0	0	2	0	5
326	g127	t327	2	5	2	1	0	2	0	0	0	0	0	1	0	4	0	2	3	2	1	1
327	g127	t328	4	1	0	0	0	6	0	0	2	0	1	0	0	6	0	0	0	0	0	4
328	g127	t329	0	2	0	2	3	0	0	0	0	0	0	7	4	0	3	5	0	0	0	0
329	g127	t330	0	0	2	0	0	0	3	0	0	0	0	0	0	0	3	0	0	0	0	2
330	g127	t331	3	2	0	1	0	0	0	3	5	4	0	3	3	1	0	0	0	0	1	0
331	g127	t332	4	4	0	0	0	0	1	0	0	4	0	2	0	0	0	1	2	0	0	0
332	g127	t333	0	7	0	6	7	0	4	0	1	0	0	0	3	2	0	3	2	4	1	0
333	g127	t334	1	0	0	0	1	2	0	0	0	0	0	3	0	0	3	0	0	5	1	0
334	g128	t335	0	6	0	3	6	0	0	2	2	0	0	2	0	4	0	0	4	0	0	3
335	g128	t336	0	3	0	2	1	0	0	4	0	1	0	0	0	0	2	0	3	0	2	0
336	g128	t337	0	0	2	2	0	0	0	0	0	2	0	0	0	2	0	0	1	2	0	0
337	g129	t338	0	0	2	0	4	0	0	4	0	0	1	0	1	4	0	0	1	3	1	0
338	g129	t339	0	1	4	0	0	5	5	4	0	4	0	4	0	2	2	6	5	0	0	0
339	g129	t340	4	3	2	0	0	3	0	2	2	0	2	3	2	0	2	0	3	0	0	2
340	g129	t341	5	3	0	0	3	0	1	5	5	5	2	0	0	4	4	0	0	0	5	3
341	g129	t342	4	5	0	0	2	0	0	0	0	0	0	4	0	0	4	1	2	0	0	3
342	g129	t343	0	2	0	0	3	2	0	1	0	0	0	2	0	0	3	0	0	4	0	0
343	g129	t344	0	0	4	0	8	0	0	1	2	0	0	1	0	0	0	2	3	0	3	2
344	g129	t345	0	2	0	5	0	0	2	0	4	3	4	2	5	0	0	0	0	0	0	2
345	g129	t346	0	0	0	1	1	3	5	7	0	1	4	0	0	0	5	2	0	6	1	3
346	g129	t347	0	2	1	0	2	6	0	0	4	5	0	4	3	0	3	0	0	0	0	0
347	g13	t348	0	2	4	0	1	0	0	0	2	0	2	0	0	1	3	0	2	0	5	0
348	g13	t349	0	2	3	0	0	3	0	4	6	6	0	2	6	0	0	6	0	1	4	0
349	g13	t350	0	3	0	0	3	0	0	0	0	0	0	0	0	0	5	2	0	0	2	6
350	g13	t351	0	0	0	0	4	0	0	0	0	0	0	2	5	0	2	0	2	0	4	0
351	g130	t352	4	2	0	0	6	0	3	1	0	0	3	0	1	2	1	5	0	0	4	0
352	g130	t353	0	0	0	3	3	3	0	0	3	4	3	0	3	3	0	6	3	6	0	0
353	g130	t354	0	3	0	0	0	2	0	0	0	3	3	3	0	0	0	5	5	7	1	0
354	g130	t355	1	5	0	0	0	2	0	5	3	2	2	7	1	2	3	2	0	2	4	0
355	g130	t356	0	2	3	3	0	1	2	1	0	2	0	3	0	6	0	0	0	2	0	0
356	g130	t357	5	0	1	0	0	0	0	3	6	1	0	8	0	4	0	0	0	0	0	0
357	g130	t358	0	1	6	0	0	0	0	0	0	0	0	0	0	0	0	0	0	1	0	2
358	g130	t359	0	0	1	1	0	0	2	0	1	3	0	1	0	0	1	0	2	4	0	0
359	g130	t360	0	7	0	5	0	2	2	1	3	4	0	0	3	0	0	0	3	0	0	2
360	g130	t361	3	5	0	0	0	0	1	0	0	7	0	5	3	3	0	4	5	4	2	4
361	g130	t362	0	8	1	4	0	6	2	5	0	1	0	0	1	0	0	0	0	3	4	2
362	g130	t363	0	0	0	0	4	0	0	0	0	4	0	0	0	2	0	0	2	0	1	4
363	g130	t364	2	5	1	0	4	0	6	0	6	8	4	0	4	0	0	0	2	0	0	5
364	g131	t365	5	0	8	1	0	1	0	0	4	1	0	1	1	4	3	2	0	0	0	4
365	g131	t366	6	3	2	7	2	0	0	0	0	4	2	5	0	0	4	0	0	2	1	0
366	g131	t367	0	5	0	2	0	3	0	5	1	1	0	4	6	0	3	0	2	0	0	0
367	g131	t368	0	2	0	0	0	0	0	3	4	0	0	0	2	5	0	1	0	0	4	0
368	g131	t369	4	5	0	0	0	0	0	7	6	0	0	0	2	0	4	3	0	0	0	0
369	g131	t370	2	3	0	0	3	0	4	2	3	0	0	2	4	1	0	4	0	2	0	3
370	g131	t371	3	0	0	0	0	0	0	0	0	0	0	0	5	0	2	0	0	3	0	0
371	g131	t372	3	3	1	0	4	3	0	4	2	2	0	0	0	0	0	7	0	0	2	0
372	g131	t373	2	0	0	0	0	1	0	0	0	0	4	0	0	0	5	2	1	1	0	0
373	g131	t374	6	2	5	0	0	1	0	0	3	3	0	0	1	0	0	0	5	4	5	0
374	g131	t375	0	2	4	0	0	5	0	0	0	4	0	0	2	0	7	0	0	0	0	2
375	g131	t376	2	0	2	0	2	0	0	0	6	2	1	3	0	0	0	7	3	0	0	2
376	g131	t377	0	3	2	0	0	0	2	0	0	4	0	0	0	2	0	3	4	0	0	5
377	g131	t378	0	4	0	2	0	3	0	0	0	0	0	3	1	0	0	0	3	0	0	0
378	g131	t379	0	1	5	5	3	0	0	5	4	3	7	0	0	6	3	0	3	5	0	0
379	g131	t380	2	0	0	0	2	3	0	0	3	0	0	0	0	0	2	4	0	0	2	0
380	g132	t381	3	0	0	4	0	0	2	3	0	3	0	0	4	0	0	0	0	3	5	0
381	g132	t382	0	0	0	0	4	0	3	2	0	2	0	0	2	4	0	2	7	6	0	0
382	g132	t383	4	0	0	0	5	0	5	0	0	0	0	0	0	0	1	0	4	0	0	0
383	g132	t384	5	0	0	0	4	1	0	1	0	2	0	0	1	3	3	0	0	0	4	0
384	g132	t385	0	0	2	3	5	3	2	4	0	0	3	8	0	2	3	6	0	1	0	1
385	g132	t386	3	0	0	2	0	0	2	4	0	0	0	0	0	5	4	5	0	2	4	0
386	g132	t387	0	0	0	0	0	0	2	3	1	4	6	0	0	3	6	0	0	3	0	4
387	g132	t388	3	0	0	0	2	0	0	2	3	0	0	3	3	0	0	4	0	6	2	3
388	g133	t389	4	0	2	0	2	0	3	0	0	1	0	0	2	4	0	3	3	10	3	1
389	g133	t390	4	1	2	0	0	0	0	0	4	0	4	3	2	2	5	0	0	5	0	0
390	g133	t391	0	0	0	7	1	0	0	2	0	1	0	0	6	0	4	2	2	0	0	6
391	g133	t392	3	4	1	0	0	0	0	1	0	3	0	0	3	0	0	0	1	0	0	2
392	g133	t393	5	5	2	0	2	0	3	0	0	0	3	4	0	0	2	5	2	0	3	0
393	g133	t394	0	4	0	2	2	0	3	0	0	2	4	1	4	0	0	4	3	6	3	3
394	g133	t395	0	0	0	0	2	4	5	0	0	5	0	3	2	0	0	0	0	0	5	0
395	g133	t396	1	0	2	0	1	1	4	0	6	2	0	2	4	0	0	0	4	0	0	0
396	g133	t397	0	0	0	1	0	5	3	3	0	0	4	4	0	1	2	2	6	0	4	0
397	g133	t398	4	0	0	2	0	2	0	0	4	5	0	3	2	0	0	0	0	5	1	4
398	g134	t399	0	6	0	2	1	6	2	0	6	4	0	3	0	0	3	2	1	1	0	1
399	g134	t400	0	4	0	0	2	4	8	1	3	3	4	0	0	6	5	0	0	2	3	5
400	g134	t401	0	2	2	0	0	5	0	4	0	0	0	0	0	0	7	0	2	4	0	1
401	g134	t402	4	0	3	0	0	1	1	4	0	0	2	4	0	0	6	4	4	0	0	0
402	g134	t403	0	0	1	0	3	0	0	0	2	5	0	2	4	1	1	4	4	0	0	1
403	g134	t404	0	0	6	0	0	0	0	3	0	1	1	0	0	0	5	0	0	2	5	0
404	g134	t405	0	0	1	0	0	0	0	0	3	0	0	4	0	0	0	0	0	0	2	3
405	g134	t406	4	3	0	0	4	0	0	6	4	2	1	0	5	1	0	4	0	0	3	3
406	g134	t407	0	7	4	0	0	0	2	2	0	0	0	0	0	3	0	0	1	1	6	0
407	g134	t408	0	0	0	0	0	0	5	6	1	0	3	5	0	4	2	1	2	0	0	3
408	g134	t409	0	0	0	1	0	3	0	1	0	0	0	0	0	3	0	3	4	0	0	3
409	g135	t410	4	0	8	2	3	0	3	0	0	0	5	0	5	0	5	0	0	1	1	0
410	g135	t411	3	0	0	0	0	0	2	3	0	3	2	1	0	0	5	2	2	3	0	4
411	g135	t412	0	1	0	0	1	0	2	0	1	2	0	9	3	3	0	1	0	0	0	0
412	g135	t413	0	0	6	2	0	5	0	3	0	0	1	3	2	0	5	0	3	0	0	0
413	g135	t414	5	7	1	0	0	3	0	0	0	0	4	0	1	3	0	4	1	3	1	7
414	g135	t415	1	4	0	2	2	0	1	0	3	0	0	0	4	3	2	0	0	0	2	1
415	g135	t416	0	0	0	2	0	2	4	0	0	6	0	2	0	3	0	1	2	2	0	2
416	g135	t417	0	3	0	0	0	0	0	0	0	0	3	0	0	3	3	0	0	4	4	3
417	g136	t418	4	2	2	0	4	0	0	5	4	0	0	5	0	0	3	2	2	0	1	0
418	g136	t419	0	0	0	0	0	5	0	0	2	1	1	0	0	4	0	0	4	0	0	2
419	g136	t420	4	0	0	0	1	0	2	0	6	1	0	0	0	4	3	1	4	2	0	0
420	g136	t421	0	7	3	3	0	3	1	0	3	0	0	4	0	0	3	1	3	0	3	5
421	g136	t422	0	3	4	0	4	6	3	2	0	2	0	0	0	2	4	0	0	3	0	3
422	g136	t423	0	0	1	0	0	0	0	8	0	3	0	4	0	6	0	2	0	7	0	2
423	g137	t424	0	2	0	0	0	0	2	0	0	0	0	0	3	4	7	4	0	0	6	0
424	g137	t425	0	4	0	3	7	0	0	4	0	4	4	0	4	0	1	0	4	2	1	0
425	g137	t426	0	0	2	3	0	4	0	2	6	1	3	5	0	3	2	0	3	0	3	0
426	g137	t427	7	0	0	0	0	0	0	2	0	2	1	0	5	3	3	0	0	3	0	4
427	g137	t428	2	5	0	0	0	4	0	0	0	0	0	0	0	0	0	0	0	1	0	0
428	g137	t429	3	4	0	0	2	2	4	0	4	0	0	0	0	0	0	0	0	6	0	0
429	g137	t430	0	5	4	0	0	3	2	2	4	0	1	2	0	3	4	5	4	7	4	0
430	g137	t431	0	0	0	2	0	0	0	2	9	0	0	0	0	0	1	3	0	6	0	0
431	g137	t432	0	0	0	2	0	0	1	0	0	0	0	0	1	0	0	0	0	4	0	2
432	g137	t433	0	0	0	0	3	0	3	0	1	0	0	0	0	0	0	0	0	0	4	0
433	g138	t434	0	0	1	0	2	0	0	0	0	0	3	4	2	0	0	0	0	0	0	1
434	g138	t435	4	1	3	7	2	0	0	1	0	0	0	0	0	0	0	0	0	1	0	5
435	g138	t436	2	0	0	2	0	0	0	1	0	0	0	0	0	3	3	4	2	0	1	0
436	g138	t437	3	3	4	1	5	1	0	0	7	0	5	0	0	4	2	0	2	1	0	0
437	g138	t438	0	4	0	0	0	1	1	0	1	0	4	6	2	0	0	2	5	2	0	1
438	g138	t439	3	0	3	0	2	0	0	0	2	0	5	0	3	1	0	0	0	1	1	0
439	g138	t440	0	2	0	4	2	1	0	0	0	3	3	0	1	1	1	3	0	0	2	0
440	g138	t441	0	2	4	0	0	0	0	0	3	0	0	2	0	1	4	0	3	0	3	2
441	g138	t442	0	0	0	5	0	9	0	4	0	0	2	3	0	0	4	0	0	0	2	0
442	g138	t443	2	7	0	0	0	0	4	3	0	3	0	0	0	5	4	5	0	0	0	0
443	g138	t444	3	3	4	2	0	4	3	2	0	0	3	0	4	3	0	2	0	0	0	3
444	g138	t445	1	4	0	0	0	4	3	0	0	1	0	4	0	1	0	0	1	0	0	4
445	g138	t446	0	0	0	3	0	0	3	0	4	0	3	2	5	0	0	0	0	0	5	2
446	g138	t447	0	4	0	2	0	5	2	0	1	1	0	0	0	3	5	0	0	0	6	0
447	g138	t448	0	0	2	0	8	4	5	2	0	3	0	2	0	2	0	0	0	0	0	0
448	g138	t449	0	4	0	0	4	0	2	4	8	0	0	2	4	4	0	4	0	2	3	5
449	g139	t450	0	0	2	0	0	0	5	7	0	5	4	1	0	5	0	2	2	6	4	4
450	g139	t451	0	5	0	0	1	4	0	3	3	3	0	1	3	2	0	0	3	1	0	0
451	g139	t452	0	0	6	0	6	0	0	0	2	0	0	5	1	0	0	0	3	0	0	4
452	g139	t453	6	0	0	3	0	0	0	2	6	3	5	0	0	0	0	3	0	0	0	0
453	g139	t454	0	0	0	2	4	0	4	5	1	1	1	2	0	0	0	0	0	0	0	0
454	g139	t455	0	3	0	0	0	3	7	6	2	0	0	0	2	3	0	3	0	4	0	0
455	g139	t456	3	3	2	1	4	0	0	0	0	1	3	4	0	5	2	0	5	6	2	1
456	g14	t457	0	3	7	0	1	4	0	0	3	0	2	4	0	0	3	2	0	0	0	2
457	g14	t458	1	4	0	0	0	4	0	0	3	4	4	0	1	0	0	0	0	0	0	0
458	g14	t459	0	5	0	0	0	5	3	0	0	0	2	4	0	6	1	0	2	2	0	5
459	g14	t460	2	0	0	4	0	1	0	0	0	3	0	4	1	1	3	1	0	5	6	0
460	g14	t461	3	1	0	6	0	0	0	0	0	5	0	2	0	0	0	0	0	0	2	2
461	g14	t462	3	0	3	0	1	0	0	1	1	0	4	0	0	3	0	0	0	0	0	0
462	g14	t463	1	0	0	5	0	2	4	3	0	3	0	1	0	0	0	0	4	3	4	0
463	g14	t464	2	0	0	0	2	3	0	4	1	3	2	0	1	0	0	0	0	0	2	2
464	g14	t465	0	0	0	5	0	3	0	0	0	3	0	0	2	0	3	0	1	0	0	0
465	g14	t466	2	0	0	0	5	3	4	4	0	3	5	0	3	0	0	3	0	2	4	0
466	g140	t467	0	0	0	0	0	0	0	0	0	0	0	0	0	0	0	0	3	0	0	0
467	g140	t468	4	0	0	0	3	0	3	2	2	0	0	4	0	5	1	3	0	3	0	0
468	g140	t469	6	2	0	4	0	0	5	4	3	3	5	0	0	0	2	0	0	1	2	0
469	g140	t470	0	0	5	7	0	0	0	4	4	6	5	5	0	0	4	0	0	3	0	5
470	g140	t471	0	2	0	0	0	4	0	2	0	0	3	0	0	4	5	1	0	0	2	2
471	g140	t472	0	3	0	0	1	2	0	0	0	1	3	3	0	3	0	0	3	1	0	0
472	g140	t473	3	5	4	0	3	2	4	5	0	2	0	1	0	1	3	0	2	0	0	4
473	g140	t474	1	0	0	0	0	0	2	0	0	0	3	8	4	1	3	0	0	0	0	5
474	g140	t475	0	4	0	0	0	0	2	0	4	0	6	2	0	0	2	0	7	0	2	0
475	g140	t476	1	0	2	0	4	0	3	5	3	4	0	0	0	0	0	0	0	0	0	0
476	g140	t477	3	4	5	0	0	0	0	0	0	7	4	1	0	0	1	1	0	2	0	0
477	g141	t478	0	0	4	4	1	3	5	0	2	4	0	0	2	0	0	2	0	3	0	0
478	g141	t479	0	5	3	2	0	2	0	0	0	4	3	5	5	0	0	0	2	0	2	4
479	g141	t480	2	1	0	0	0	0	3	1	6	6	0	0	1	0	1	0	2	0	0	0
480	g141	t481	4	0	0	3	0	1	0	0	0	0	5	0	3	1	0	1	2	0	0	3
481	g141	t482	4	4	5	7	0	0	0	0	1	3	0	3	1	0	0	0	2	0	7	3
482	g141	t483	2	3	4	4	7	0	0	0	0	2	0	0	4	3	0	0	0	0	4	2
483	g141	t484	4	3	2	0	3	2	0	0	2	0	4	0	1	0	0	0	0	0	0	5
484	g141	t485	0	2	3	0	4	0	4	0	2	4	6	1	4	0	2	0	4	0	7	3
485	g141	t486	0	0	2	3	0	0	0	0	3	1	0	0	1	2	2	0	0	0	4	2
486	g142	t487	2	1	5	3	2	0	1	0	0	2	0	3	3	0	0	0	0	0	3	0
487	g142	t488	0	1	0	4	0	0	0	0	0	3	1	0	0	6	4	0	4	0	5	3
488	g142	t489	0	3	1	3	0	0	0	2	0	0	0	0	0	0	0	4	3	2	0	3
489	g142	t490	3	2	0	0	3	0	4	0	0	0	0	3	7	0	3	2	0	5	0	0
490	g142	t491	2	0	3	0	1	1	0	8	4	4	2	0	2	4	2	3	3	0	2	0
491	g142	t492	3	4	4	0	0	4	0	0	0	0	2	0	0	3	0	0	0	0	3	3
492	g142	t493	0	0	3	8	0	0	0	1	3	0	0	2	1	0	2	0	4	0	0	3
493	g142	t494	3	3	0	1	0	1	2	4	4	7	0	4	1	0	2	4	0	5	1	1
494	g142	t495	3	3	2	0	0	1	3	0	2	1	2	0	4	5	5	0	6	0	2	0
495	g142	t496	0	2	2	0	4	3	2	1	0	0	3	2	0	3	3	2	0	0	5	3
496	g142	t497	0	0	0	0	2	4	3	0	2	1	2	0	3	0	4	0	3	0	2	1
497	g143	t498	2	4	2	0	0	0	0	0	5	6	0	0	0	4	0	1	6	1	0	3
498	g143	t499	0	4	0	2	4	0	0	0	3	0	0	2	0	0	2	0	0	0	0	1
499	g143	t500	0	0	0	3	7	2	0	1	1	2	4	2	3	1	0	6	0	0	0	1
500	g143	t501	6	0	6	5	0	0	2	3	0	0	0	4	0	3	3	0	1	0	3	0
501	g143	t502	0	5	4	0	0	0	3	0	0	3	1	3	0	3	0	0	0	3	0	0
502	g143	t503	1	5	2	4	0	0	0	5	0	0	0	4	5	0	4	2	3	0	3	0
503	g143	t504	2	1	2	0	7	5	0	0	0	0	0	2	3	2	1	0	0	2	0	0
504	g144	t505	4	5	0	0	0	0	3	0	0	4	0	6	6	0	7	0	0	0	2	1
505	g144	t506	2	0	0	0	2	0	4	3	4	2	4	0	0	2	2	1	1	1	0	0
506	g144	t507	0	1	0	5	4	0	0	0	0	0	0	0	0	4	1	0	4	3	0	0
507	g144	t508	5	0	4	4	2	5	0	0	0	4	2	5	0	0	0	1	1	0	3	6
508	g144	t509	2	0	2	0	5	0	1	0	0	0	0	0	1	0	0	3	1	0	0	0
509	g144	t510	0	0	5	6	3	1	0	0	0	0	0	0	3	0	0	0	0	0	0	0
510	g144	t511	0	4	2	0	1	0	0	1	4	0	1	2	0	2	0	0	0	3	2	1
511	g145	t512	0	0	3	3	0	1	3	0	1	0	1	1	0	0	5	0	2	5	4	4
512	g145	t513	5	5	2	0	1	0	0	0	0	3	2	0	0	3	3	3	4	0	5	1
513	g145	t514	0	5	0	4	0	0	0	3	6	3	4	2	0	2	0	2	4	3	0	1
514	g145	t515	2	2	4	1	3	2	0	0	0	2	0	2	0	0	3	0	2	1	4	0
515	g145	t516	1	5	2	0	0	0	1	0	2	0	2	0	2	1	2	0	0	0	0	3
516	g145	t517	5	2	0	0	0	0	0	4	3	0	0	0	0	0	0	2	3	0	5	3
517	g145	t518	0	2	3	1	2	0	2	0	3	2	0	2	7	0	3	3	0	4	6	3
518	g145	t519	0	0	4	2	2	0	0	0	0	2	0	0	0	0	2	5	0	0	0	4
519	g145	t520	0	3	3	0	0	1	0	1	4	0	0	0	3	0	2	0	3	2	0	2
520	g145	t521	6	1	0	5	0	1	0	0	6	0	0	0	2	0	0	0	2	0	3	0
521	g146	t522	0	0	0	1	0	2	0	0	0	0	0	3	0	0	0	0	7	0	0	0
522	g146	t523	3	0	2	0	3	0	3	1	0	0	2	0	3	0	0	4	1	4	0	6
523	g146	t524	1	6	0	1	0	2	0	4	0	2	6	0	1	0	2	0	0	6	0	4
524	g146	t525	0	0	2	3	4	0	0	0	0	7	3	5	0	0	0	4	2	0	0	0
525	g146	t526	2	0	0	2	3	0	2	0	0	0	0	2	3	6	0	3	4	2	0	0
526	g146	t527	0	4	1	3	0	0	2	0	3	3	5	0	4	4	0	5	0	3	0	3
527	g146	t528	0	3	0	1	0	4	2	1	0	0	3	3	0	0	0	0	4	0	3	0
528	g146	t529	0	0	0	0	0	0	0	0	0	0	3	0	0	4	0	0	5	4	4	0
529	g146	t530	3	3	2	0	0	5	4	5	0	1	2	0	0	0	5	0	7	1	2	0
530	g146	t531	5	3	4	2	0	4	0	0	5	4	5	1	0	0	0	0	5	0	3	2
531	g146	t532	0	4	2	4	1	5	0	2	1	5	5	0	5	0	0	3	0	5	4	0
532	g147	t533	0	0	6	3	0	0	0	8	4	0	1	0	3	5	2	0	4	0	0	0
533	g147	t534	5	0	1	0	1	0	0	0	3	5	5	4	3	5	0	2	0	1	0	4
534	g147	t535	6	4	0	0	0	2	0	0	0	0	4	0	6	0	0	4	5	0	3	3
535	g147	t536	2	0	0	0	0	0	0	0	1	2	0	9	2	0	1	0	0	4	6	3
536	g147	t537	0	1	4	1	0	0	0	4	0	0	9	2	0	4	4	0	0	0	0	0
537	g147	t538	2	6	0	3	3	5	2	0	0	0	2	0	4	0	2	0	0	4	0	3
538	g147	t539	4	0	0	3	1	1	0	0	1	3	0	2	2	0	0	3	0	0	0	2
539	g147	t540	0	0	1	1	4	3	0	0	0	0	3	0	0	0	0	0	0	0	0	5
540	g147	t541	0	0	0	3	0	0	1	0	2	0	2	4	0	0	3	0	4	2	5	0
541	g147	t542	1	0	2	3	0	0	2	5	0	1	0	0	0	4	0	6	0	3	3	6
542	g147	t543	0	2	2	0	1	0	0	3	1	0	0	0	0	0	0	2	0	2	5	4
543	g147	t544	2	6	4	3	3	0	1	5	0	0	0	7	0	0	0	0	2	1	1	2
544	g147	t545	1	0	5	3	3	3	3	2	2	0	4	0	3	1	0	0	3	0	2	2
545	g148	t546	0	0	1	3	2	6	1	3	3	4	0	2	0	4	0	0	4	0	0	3
546	g148	t547	2	3	4	3	0	0	0	0	0	0	3	3	0	4	3	2	0	0	0	6
547	g148	t548	0	1	0	0	0	3	3	1	0	0	6	3	0	5	0	4	2	3	0	0
548	g148	t549	0	2	0	0	3	0	1	0	5	3	3	0	0	2	2	4	5	0	0	0
549	g148	t550	5	1	0	0	5	0	0	2	0	2	2	0	3	1	3	1	4	8	2	0
550	g148	t551	0	0	0	0	0	0	0	0	0	4	6	0	0	1	6	3	0	3	7	2
551	g149	t552	8	3	0	1	5	4	0	5	0	0	0	5	6	0	6	0	3	0	0	0
552	g149	t553	4	0	4	3	0	0	4	3	2	0	1	0	2	0	0	0	0	0	0	0
553	g149	t554	0	0	3	0	3	0	0	5	0	3	0	1	0	0	3	1	4	1	3	3
554	g149	t555	0	1	0	0	4	0	3	4	0	1	4	0	0	0	3	3	5	2	0	0
555	g149	t556	0	0	0	0	0	0	2	0	3	3	0	2	0	0	0	0	0	0	0	1
556	g149	t557	6	0	1	4	0	2	0	0	1	0	0	0	1	0	0	2	5	0	3	0
557	g149	t558	5	1	3	0	0	0	0	0	3	0	1	0	0	1	1	0	2	8	3	0
558	g149	t559	0	0	0	0	0	4	0	2	0	0	0	1	0	8	0	4	1	0	1	0
559	g149	t560	3	0	0	0	0	0	0	1	2	0	0	0	0	0	5	4	5	0	0	4
560	g15	t561	2	0	0	0	4	0	0	0	3	0	0	0	5	0	3	4	5	2	4	0
561	g15	t562	5	0	0	0	0	0	0	3	3	3	2	4	0	0	0	0	0	6	0	3
562	g15	t563	6	0	3	0	2	0	0	7	0	0	2	1	6	4	0	0	3	3	0	3
563	g15	t564	0	4	0	0	0	1	0	4	0	1	0	6	0	4	4	2	2	3	0	0
564	g15	t565	0	0	2	7	2	0	4	7	0	0	0	1	6	0	0	0	3	5	5	2
565	g15	t566	0	0	2	0	0	0	4	0	3	0	0	3	1	0	0	3	0	0	0	0
566	g15	t567	0	3	1	4	0	0	2	0	4	1	0	2	5	0	4	1	4	0	2	2
567	g15	t568	0	2	2	0	0	2	3	0	0	0	5	6	3	0	0	0	0	0	2	0
568	g150	t569	0	2	0	4	0	0	0	5	3	2	4	1	1	3	2	0	4	2	4	0
569	g150	t570	1	0	0	2	0	0	3	4	5	0	5	2	0	0	2	0	3	0	5	3
570	g150	t571	1	0	0	2	0	0	4	6	0	0	3	0	5	5	7	3	0	4	5	1
571	g150	t572	5	0	0	5	5	0	2	0	0	0	3	6	1	1	3	0	3	6	0	0
572	g150	t573	0	0	1	4	3	1	3	0	0	0	0	0	0	0	2	5	1	0	0	0
573	g151	t574	0	0	6	0	2	0	0	2	0	4	0	0	6	5	0	4	0	5	3	0
574	g151	t575	0	0	0	4	3	3	0	4	0	0	7	0	1	0	0	0	3	0	0	2
575	g151	t576	0	0	0	0	0	0	0	0	0	7	1	0	2	3	0	4	2	0	0	2
576	g151	t577	6	0	1	0	0	0	0	2	3	0	3	1	0	5	0	0	0	0	4	2
577	g151	t578	6	4	2	1	1	4	0	0	0	2	3	5	6	0	1	3	0	4	0	2
578	g151	t579	2	4	3	0	1	4	0	0	4	1	0	0	4	1	3	5	1	0	0	3
579	g151	t580	0	0	5	4	1	0	2	3	1	0	0	0	4	0	0	0	0	0	0	4
580	g151	t581	3	0	0	5	0	0	0	0	0	4	1	2	0	2	2	4	0	4	1	0
581	g152	t582	0	0	1	0	0	1	0	0	2	8	3	0	3	0	0	1	2	0	2	0
582	g152	t583	5	0	0	2	0	0	3	2	3	0	2	2	0	0	0	0	6	0	0	3
583	g152	t584	2	5	0	4	0	4	3	0	0	0	0	2	0	2	0	0	7	0	0	0
584	g152	t585	4	6	3	0	0	0	0	0	1	0	0	3	0	0	5	0	1	0	2	0
585	g152	t586	0	4	2	8	0	0	0	4	0	2	1	0	0	1	0	0	6	0	0	1
586	g152	t587	6	0	0	3	0	0	4	0	0	1	0	0	0	1	2	0	0	1	2	0
587	g152	t588	0	0	0	0	4	0	1	2	0	0	0	0	2	6	5	4	0	1	0	0
588	g152	t589	0	0	2	0	0	5	0	3	0	0	1	2	0	2	2	1	1	5	6	3
589	g152	t590	2	3	5	2	1	2	2	3	0	0	3	0	3	0	4	0	0	3	6	0
590	g153	t591	0	0	2	4	4	1	3	2	3	0	1	0	0	4	1	4	5	0	5	1
591	g153	t592	4	0	0	4	3	0	0	3	0	2	1	0	3	0	0	0	4	0	1	0
592	g153	t593	2	0	6	2	0	0	0	0	2	0	0	3	3	3	3	0	0	0	0	1
593	g153	t594	5	2	0	5	4	0	3	0	2	2	0	0	2	1	0	0	0	5	2	2
594	g153	t595	0	0	0	1	0	1	0	0	3	0	0	3	0	2	3	0	2	6	0	0
595	g153	t596	1	3	2	3	0	4	0	0	0	5	4	6	0	0	0	1	2	0	2	0
596	g153	t597	2	1	2	4	0	5	0	1	3	3	0	0	0	0	1	5	6	3	2	0
597	g153	t598	0	3	4	0	5	1	3	1	0	1	0	0	4	7	0	3	6	0	0	0
598	g153	t599	1	1	0	4	0	1	1	0	1	2	4	4	4	2	0	0	0	2	0	0
599	g153	t600	4	6	2	6	4	3	1	0	2	6	0	0	0	0	0	2	0	0	0	3
600	g153	t601	0	3	0	0	4	0	0	0	0	0	0	3	5	0	2	0	2	0	0	5
601	g153	t602	0	0	1	0	0	2	0	0	1	0	3	4	0	3	7	0	5	3	0	2
602	g153	t603	0	2	2	4	2	0	6	0	0	2	0	0	0	0	2	0	3	4	0	0
603	g154	t604	3	0	0	0	1	3	0	4	1	1	4	0	3	2	0	3	0	0	5	2
604	g154	t605	0	3	0	0	3	1	0	0	0	5	0	3	1	3	0	0	0	5	1	3
605	g154	t606	0	6	0	0	0	2	5	0	0	0	4	0	4	6	1	0	0	0	0	0
606	g154	t607	4	4	4	6	4	0	2	0	4	0	5	0	1	0	0	0	0	3	0	0
607	g154	t608	0	4	0	5	4	4	0	4	0	0	3	0	6	3	6	4	4	3	0	1
608	g154	t609	2	0	0	0	0	0	4	5	5	0	0	2	3	0	8	2	0	0	0	0
609	g154	t610	3	0	4	0	0	0	0	0	0	2	0	0	8	7	0	0	0	2	0	6
610	g154	t611	0	3	3	0	2	0	1	2	2	4	0	0	2	0	1	2	0	0	0	4
611	g154	t612	3	0	4	2	9	0	0	0	0	2	0	3	6	0	6	0	0	5	0	4
612	g154	t613	0	1	1	0	6	2	3	0	0	0	0	2	2	4	0	5	0	3	0	3
613	g154	t614	3	3	5	1	0	0	6	4	0	0	4	0	4	0	4	0	0	0	5	2
614	g154	t615	0	0	0	0	2	0	0	2	0	0	2	0	0	5	6	0	5	4	0	2
615	g154	t616	2	1	1	4	2	5	1	1	0	4	4	4	5	0	0	0	0	0	0	0
616	g154	t617	0	5	0	0	4	0	2	3	4	0	0	4	0	0	6	0	0	3	0	0
617	g154	t618	0	1	2	0	0	0	0	0	3	0	0	0	0	10	0	0	2	0	2	2
618	g154	t619	0	2	0	5	0	0	7	0	0	0	3	8	0	0	5	0	0	1	0	5
619	g154	t620	0	3	1	0	0	0	5	0	0	0	0	0	0	3	0	0	0	5	0	2
620	g155	t621	0	0	4	1	0	5	2	0	4	2	0	0	0	1	3	0	4	0	0	0
621	g155	t622	3	0	0	0	3	5	0	0	3	0	2	3	4	1	0	2	4	0	0	0
622	g155	t623	5	0	0	0	1	1	2	0	0	2	0	0	0	0	0	5	0	6	3	0
623	g155	t624	1	0	3	4	5	1	0	0	0	1	0	1	0	0	0	3	0	3	0	3
624	g155	t625	2	3	3	0	0	3	0	3	6	0	0	0	0	4	1	0	0	0	3	4
625	g155	t626	5	0	5	0	0	0	0	0	5	6	2	0	3	0	2	0	0	1	6	0
626	g155	t627	0	0	0	2	0	0	3	0	3	0	4	4	0	0	6	0	0	0	0	0
627	g155	t628	0	0	2	0	0	3	1	4	5	0	1	2	0	0	3	0	0	1	0	0
628	g156	t629	4	0	0	0	0	1	0	4	6	2	3	0	4	0	0	4	0	4	0	0
629	g156	t630	0	0	1	7	6	0	0	2	2	1	0	0	0	0	3	0	7	2	0	0
630	g156	t631	4	0	0	0	3	0	0	5	2	2	2	3	0	0	4	0	0	0	3	3
631	g156	t632	0	2	0	3	0	0	0	8	0	0	3	0	2	2	3	2	1	0	0	0
632	g156	t633	0	0	0	0	3	4	0	3	0	4	2	3	7	5	5	2	4	0	8	3
633	g156	t634	0	4	0	0	0	3	0	0	4	3	0	0	0	3	0	5	2	4	3	0
634	g156	t635	0	6	0	0	0	0	4	0	0	5	0	0	1	0	3	0	0	0	0	0
635	g156	t636	0	4	4	0	0	0	0	0	0	2	3	0	3	0	4	1	4	0	2	0
636	g156	t637	0	3	4	1	1	0	0	0	7	4	2	2	4	0	5	0	0	0	4	2
637	g156	t638	0	5	0	0	2	0	3	0	0	0	0	0	5	0	4	0	5	4	0	0
638	g156	t639	0	0	3	0	2	0	0	3	0	3	0	0	4	1	0	0	2	6	3	0
639	g157	t640	3	1	0	0	2	0	0	0	0	3	2	2	0	0	0	0	2	0	2	2
640	g157	t641	0	0	0	4	2	0	0	2	0	2	0	0	0	3	2	0	4	6	3	0
641	g157	t642	5	2	6	0	0	0	4	5	7	2	0	2	0	0	0	4	3	1	0	0
642	g157	t643	0	0	0	0	5	4	6	4	5	2	0	4	7	1	0	0	3	3	0	3
643	g157	t644	0	0	0	0	0	0	0	0	5	0	2	4	3	4	0	0	0	0	0	3
644	g157	t645	5	0	0	0	0	4	3	1	4	3	2	0	0	2	4	2	0	0	0	2
645	g157	t646	0	2	6	0	0	0	3	2	8	3	2	4	0	0	0	1	0	0	4	4
646	g157	t647	3	0	0	1	3	3	5	2	2	0	3	0	5	0	4	1	0	2	0	4
647	g157	t648	3	0	3	0	0	5	4	4	4	2	0	0	5	3	0	0	0	4	5	4
648	g157	t649	0	0	0	3	1	0	0	2	0	0	0	4	4	0	0	5	0	2	3	0
649	g157	t650	0	0	0	0	5	0	0	1	2	1	5	1	1	0	0	2	0	3	4	4
650	g158	t651	0	0	0	0	0	3	2	2	0	0	0	0	4	0	2	0	0	5	2	1
651	g158	t652	0	5	0	2	0	1	2	0	5	0	0	0	0	0	0	0	5	0	0	1
652	g158	t653	0	0	4	5	0	4	0	2	0	2	0	8	1	0	0	1	0	5	5	3
653	g158	t654	3	4	7	1	0	0	3	1	0	0	0	0	5	2	0	0	4	0	2	3
654	g158	t655	0	3	0	0	3	3	0	0	0	0	2	0	6	4	0	1	0	1	1	0
655	g158	t656	0	3	2	0	3	2	0	4	0	0	0	6	2	0	0	0	0	1	3	0
656	g158	t657	3	0	3	2	0	0	0	4	2	7	4	6	2	4	0	2	3	4	2	3
657	g158	t658	1	3	0	4	2	2	0	0	0	0	0	1	8	6	0	5	3	0	2	0
658	g158	t659	0	0	7	5	2	1	5	0	0	0	3	0	1	0	0	6	3	0	2	0
659	g158	t660	1	0	1	0	0	3	0	1	0	3	0	2	4	0	0	5	6	3	4	3
660	g158	t661	1	0	6	0	0	7	0	0	3	3	0	3	0	2	1	6	4	4	0	0
661	g158	t662	3	3	2	0	3	0	0	0	0	0	0	2	0	0	0	0	2	0	5	0
662	g159	t663	0	0	0	4	5	2	1	1	3	0	1	0	0	4	0	0	0	0	0	0
663	g159	t664	1	0	0	0	5	2	0	2	0	5	3	3	0	0	0	0	0	0	5	0
664	g159	t665	0	2	0	4	2	0	4	3	0	0	6	0	2	0	4	2	3	2	0	2
665	g159	t666	0	4	1	4	0	1	0	0	4	0	0	0	1	0	0	0	1	0	2	0
666	g159	t667	2	0	3	0	1	3	0	0	0	2	1	0	2	0	4	1	1	0	5	0
667	g159	t668	0	0	2	0	1	8	0	3	0	3	2	2	0	4	5	0	0	5	0	2
668	g159	t669	0	0	0	0	0	2	1	0	0	1	0	0	0	0	4	0	2	0	1	0
669	g159	t670	0	7	0	0	2	0	0	1	1	3	0	0	0	0	3	0	3	5	0	1
670	g159	t671	0	2	4	1	0	0	1	3	0	1	3	0	4	0	0	0	3	0	3	0
671	g159	t672	0	0	0	0	0	0	3	2	0	4	0	0	0	0	0	0	0	0	3	0
672	g159	t673	0	0	0	0	4	0	6	0	0	4	0	6	0	1	3	0	3	0	0	0
673	g159	t674	3	0	0	0	5	0	2	8	5	1	0	3	0	0	0	2	0	5	5	2
674	g16	t675	0	2	0	3	4	2	4	2	0	4	0	0	3	0	4	3	0	0	2	0
675	g16	t676	7	0	2	0	0	0	0	3	0	2	0	0	0	4	4	4	0	1	3	0
676	g16	t677	6	3	0	0	0	5	0	5	0	0	0	1	0	0	3	0	1	0	0	2
677	g16	t678	3	2	0	5	4	0	5	1	0	3	0	3	0	2	1	2	0	1	0	4
678	g16	t679	3	0	2	4	5	0	0	0	0	2	3	3	1	0	0	0	1	1	4	0
679	g16	t680	0	5	0	4	0	3	0	0	3	2	0	0	2	0	2	3	0	8	0	2
680	g16	t681	4	3	0	0	0	2	5	0	0	1	5	2	3	0	2	0	2	0	0	3
681	g160	t682	0	2	0	0	0	0	4	1	5	0	0	4	0	3	0	1	0	1	0	1
682	g160	t683	0	4	0	3	0	2	0	4	0	0	2	8	0	3	1	0	0	0	4	0
683	g160	t684	0	1	0	2	2	0	2	2	0	0	0	4	0	1	2	0	2	0	0	0
684	g160	t685	1	0	0	4	2	1	0	0	2	0	0	2	3	0	2	0	0	4	1	5
685	g160	t686	0	0	0	0	0	4	3	2	0	4	0	4	0	0	0	0	0	0	5	0
686	g160	t687	0	5	0	3	0	4	4	0	4	0	2	0	3	0	2	3	0	2	4	3
687	g160	t688	0	0	1	0	0	0	0	1	0	0	0	0	0	3	5	3	1	2	2	0
688	g160	t689	0	5	2	0	0	0	0	5	0	3	0	0	0	0	0	5	0	0	3	0
689	g160	t690	2	2	0	0	0	0	0	0	0	0	0	5	0	6	4	0	1	4	0	5
690	g160	t691	3	0	4	0	4	0	0	0	0	0	0	1	0	0	4	0	3	2	3	2
691	g161	t692	0	3	5	0	3	0	0	2	5	0	4	7	0	1	0	0	0	2	0	0
692	g161	t693	5	5	0	5	0	0	2	2	7	3	0	6	4	0	3	2	10	0	2	3
693	g161	t694	0	4	3	0	5	1	0	0	0	1	3	0	5	3	2	1	0	4	2	0
694	g161	t695	1	3	8	0	5	5	0	1	0	2	2	4	3	0	3	2	1	2	0	0
695	g161	t696	0	4	5	0	0	1	2	0	0	5	1	2	0	0	5	3	1	2	0	2
696	g162	t697	0	0	0	2	5	5	0	2	1	0	0	0	1	0	0	0	2	6	0	6
697	g162	t698	0	2	0	3	0	2	0	3	4	0	0	0	0	0	3	0	0	0	3	0
698	g162	t699	0	0	3	4	0	4	1	7	2	0	3	0	5	0	0	0	0	0	1	0
699	g162	t700	0	0	0	1	2	4	0	3	0	0	0	0	0	3	0	3	0	0	0	2
700	g162	t701	0	0	0	5	3	0	0	4	4	3	0	0	5	5	8	1	0	3	2	2
701	g162	t702	2	4	3	6	0	0	2	2	0	0	3	0	0	2	3	3	0	0	7	0
702	g162	t703	2	3	5	3	2	0	0	4	1	3	0	4	0	2	1	0	0	4	0	0
703	g163	t704	2	0	0	4	5	3	0	0	0	2	0	5	0	0	2	0	3	0	0	4
704	g163	t705	0	3	2	0	4	3	0	1	2	0	0	4	0	1	2	1	2	6	0	6
705	g163	t706	2	2	0	3	3	1	0	4	0	0	2	0	2	1	3	3	2	0	3	0
706	g163	t707	2	0	0	2	0	0	4	4	2	0	5	3	3	0	1	0	5	0	0	0
707	g163	t708	2	0	0	0	3	4	2	1	5	2	0	0	0	0	4	0	0	8	4	0
708	g163	t709	0	1	3	0	1	3	0	4	0	0	1	4	0	0	3	5	4	0	0	5
709	g163	t710	0	0	0	0	0	2	2	0	0	0	0	1	0	0	0	9	1	1	0	3
710	g163	t711	0	5	0	6	0	0	1	0	0	4	0	0	0	4	0	1	0	0	0	2
711	g163	t712	6	0	0	0	0	0	1	0	4	0	0	0	0	0	3	0	0	5	0	0
712	g164	t713	0	3	1	3	0	0	0	2	0	0	0	6	2	5	0	0	0	7	1	2
713	g164	t714	0	2	2	0	0	0	3	5	0	0	3	0	0	2	0	5	0	0	0	0
714	g164	t715	3	0	0	0	0	4	1	0	1	4	0	0	3	0	3	0	0	4	5	8
715	g164	t716	0	1	0	3	3	6	0	1	6	0	2	0	1	0	3	2	3	1	3	0
716	g164	t717	0	0	0	0	0	1	6	7	0	0	7	0	5	0	0	0	0	0	2	5
717	g164	t718	0	0	0	0	1	3	0	1	0	5	0	0	6	2	0	0	3	3	0	0
718	g164	t719	0	2	3	0	0	0	2	3	3	0	3	2	0	3	3	1	0	0	4	0
719	g164	t720	2	0	0	5	0	4	0	5	0	5	1	0	2	5	3	0	4	0	1	0
720	g164	t721	0	0	4	0	3	0	0	0	0	4	4	0	1	0	4	0	0	0	1	0
721	g164	t722	0	4	4	0	5	0	0	0	4	3	5	0	2	0	1	0	3	0	0	1
722	g164	t723	0	4	0	4	0	0	0	2	5	0	4	0	0	3	0	7	6	1	0	0
723	g164	t724	6	3	1	3	0	0	5	2	4	0	0	4	2	0	0	0	4	0	7	0
724	g164	t725	6	4	0	5	0	1	0	0	7	3	1	4	5	1	0	0	6	5	4	2
725	g165	t726	5	3	0	0	0	2	0	2	0	4	1	1	0	0	0	0	0	3	0	0
726	g165	t727	0	2	1	3	0	1	4	0	0	0	0	4	4	0	0	3	4	2	0	0
727	g165	t728	4	1	0	3	2	0	2	5	2	0	2	5	3	0	0	0	4	0	0	3
728	g165	t729	4	0	0	0	1	5	4	5	0	0	7	0	2	0	0	3	0	0	5	0
729	g165	t730	0	7	0	0	3	5	2	0	0	1	0	2	3	0	0	4	4	0	2	3
730	g165	t731	0	2	3	2	3	0	3	0	0	0	0	0	2	0	0	2	4	0	5	2
731	g165	t732	0	0	0	4	0	0	0	0	5	2	4	0	3	0	3	2	0	2	0	0
732	g165	t733	0	2	0	0	2	4	3	2	0	5	6	0	1	4	3	0	2	6	0	2
733	g165	t734	0	0	0	1	2	1	2	0	0	1	0	0	0	2	0	0	0	0	5	0
734	g165	t735	1	0	1	5	0	0	0	5	4	0	2	5	4	2	0	0	0	8	0	0
735	g165	t736	0	0	0	0	1	0	6	2	7	0	0	3	0	3	0	0	4	1	3	0
736	g165	t737	1	0	0	3	0	2	0	1	0	0	0	1	1	0	0	0	0	2	4	3
737	g165	t738	0	2	7	3	0	5	3	1	1	0	3	1	0	4	0	4	0	2	0	1
738	g165	t739	0	5	5	1	0	5	0	0	3	0	1	5	0	2	1	0	0	0	1	0
739	g165	t740	0	1	1	4	2	0	0	0	4	3	5	2	0	0	3	0	0	0	3	0
740	g166	t741	0	0	7	3	1	3	0	5	0	0	0	0	0	0	2	0	1	0	5	7
741	g166	t742	0	1	5	0	1	0	0	5	0	0	0	0	4	0	0	0	0	0	0	0
742	g166	t743	2	0	0	2	0	0	3	1	0	4	0	5	0	0	0	2	2	0	0	0
743	g166	t744	0	0	4	0	0	0	0	3	3	2	3	0	0	0	0	2	0	0	0	0
744	g166	t745	6	0	4	0	0	0	0	0	0	6	0	2	0	4	3	0	0	5	0	3
745	g166	t746	0	0	0	3	3	3	3	5	0	0	0	0	3	6	2	3	5	1	0	0
746	g166	t747	0	3	7	1	0	0	3	0	0	0	0	2	4	3	0	0	4	0	0	2
747	g166	t748	3	5	0	5	0	0	0	0	0	0	4	0	0	2	0	2	0	0	1	0
748	g166	t749	4	2	0	3	0	0	2	0	0	0	4	0	3	4	4	0	6	0	4	4
749	g166	t750	3	5	0	2	8	3	0	0	0	2	3	0	0	0	0	5	2	5	0	5
750	g167	t751	6	3	1	0	5	2	1	3	0	0	0	0	4	0	0	0	2	4	2	2
751	g167	t752	0	0	4	0	1	1	2	0	4	0	0	0	2	0	0	0	5	2	0	0
752	g167	t753	2	2	4	2	0	4	3	1	1	0	5	0	7	0	1	0	5	0	4	0
753	g167	t754	2	4	0	0	2	0	0	0	4	3	6	0	0	0	0	0	0	6	0	1
754	g167	t755	2	3	0	3	0	1	1	2	0	0	2	0	0	3	0	8	0	3	0	3
755	g167	t756	0	1	4	4	0	3	0	2	1	1	1	4	4	5	1	0	0	0	0	3
756	g167	t757	2	0	0	2	1	0	0	6	5	0	1	1	4	1	0	6	0	0	0	0
757	g167	t758	3	3	3	2	1	4	0	0	0	5	6	1	5	0	0	0	0	0	0	0
758	g167	t759	4	0	2	10	0	0	5	5	0	3	0	5	5	0	3	0	0	0	0	1
759	g167	t760	4	0	0	3	3	3	4	3	4	0	0	0	0	0	5	3	0	0	0	0
760	g168	t761	0	0	2	2	0	1	0	4	1	0	0	0	0	3	0	6	0	3	5	0
761	g168	t762	0	0	0	0	0	2	0	1	4	2	4	2	0	1	2	3	1	3	5	1
762	g168	t763	4	3	3	0	0	5	4	3	2	0	3	0	1	5	2	0	5	1	0	0
763	g168	t764	8	0	0	4	0	0	0	0	0	2	0	0	1	2	2	0	1	0	1	5
764	g168	t765	2	0	3	0	1	7	0	0	0	4	1	0	0	0	0	2	3	0	0	2
765	g168	t766	0	1	1	4	0	0	1	1	0	0	0	2	1	2	4	0	0	0	0	0
766	g168	t767	0	2	0	0	3	0	0	3	4	0	2	5	0	4	0	3	4	0	3	0
767	g168	t768	5	1	0	2	0	3	8	0	0	3	0	2	0	0	6	0	0	0	0	3
768	g169	t769	4	0	0	0	5	3	0	0	3	0	5	3	5	0	2	2	0	4	0	0
769	g169	t770	0	4	2	1	2	0	3	0	0	0	0	3	4	0	5	0	4	0	0	2
770	g169	t771	0	0	0	0	6	4	3	3	0	0	0	3	1	0	2	2	9	3	2	2
771	g169	t772	5	3	0	0	0	0	0	0	0	0	2	0	0	0	4	4	2	1	3	0
772	g169	t773	2	4	5	6	0	0	0	0	3	0	2	2	4	3	0	1	0	0	0	0
773	g17	t774	0	4	4	4	3	3	0	5	4	4	0	1	1	3	0	0	0	5	0	0
774	g17	t775	0	2	0	3	4	2	5	0	0	3	0	0	4	2	6	0	2	0	3	0
775	g17	t776	3	0	0	0	4	3	4	0	1	3	1	0	4	0	0	0	1	5	0	0
776	g17	t777	0	8	0	0	2	1	3	0	4	6	0	0	4	0	1	2	3	0	0	0
777	g17	t778	3	0	4	4	5	3	4	9	2	1	2	0	0	0	0	3	0	0	1	3
778	g17	t779	0	0	4	0	1	0	0	0	2	0	0	0	0	0	0	6	4	4	7	0
779	g17	t780	0	0	1	4	0	3	0	0	4	4	0	2	0	0	3	1	0	0	2	0
780	g17	t781	4	1	0	0	3	0	1	1	0	2	0	0	4	0	4	5	0	0	0	2
781	g17	t782	3	0	0	0	0	6	0	0	0	0	0	0	0	0	2	1	0	2	1	0
782	g17	t783	0	1	1	5	0	0	0	4	0	0	0	0	6	4	3	5	3	3	2	0
783	g17	t784	4	0	3	0	1	6	1	0	0	2	0	0	2	3	2	0	0	0	0	0
784	g170	t785	0	0	0	0	0	0	0	4	0	4	2	0	0	0	0	3	0	0	1	0
785	g170	t786	0	0	2	0	6	0	2	7	0	3	0	2	5	0	3	0	4	2	4	0
786	g170	t787	3	4	2	3	0	5	0	0	4	0	4	3	0	3	2	0	1	0	3	2
787	g170	t788	4	2	5	5	1	0	0	2	0	3	3	0	1	0	1	2	3	2	0	0
788	g170	t789	2	1	1	2	0	0	0	2	3	0	4	0	0	0	8	0	1	0	0	0
789	g170	t790	0	6	2	3	0	2	7	0	0	3	0	3	2	6	3	3	0	3	6	2
790	g170	t791	0	0	3	3	1	1	0	0	1	4	0	1	2	3	7	2	2	2	5	0
791	g170	t792	5	0	0	0	6	2	0	1	3	0	1	3	4	0	4	0	1	1	0	3
792	g170	t793	0	3	4	0	0	0	0	5	2	0	0	0	0	0	0	0	2	6	0	0
793	g170	t794	0	4	4	2	2	0	0	0	0	0	0	0	0	0	6	2	0	6	1	0
794	g170	t795	0	2	0	1	0	0	6	5	0	0	0	0	8	4	0	0	0	0	0	4
795	g170	t796	2	2	8	5	0	2	0	1	0	2	1	3	3	0	0	3	0	0	2	2
796	g171	t797	1	1	6	2	1	0	0	0	0	0	7	0	2	2	0	3	2	0	1	0
797	g171	t798	0	0	0	2	5	3	0	2	9	2	0	0	2	4	3	5	0	3	0	5
798	g171	t799	3	2	3	0	1	4	3	4	0	5	0	0	0	0	6	0	6	0	3	1
799	g171	t800	0	3	0	0	2	4	0	5	0	0	6	0	2	0	0	0	2	0	0	1
800	g171	t801	3	0	2	3	0	4	0	0	1	1	2	1	3	0	0	2	0	3	3	4
801	g171	t802	1	0	3	3	2	3	4	0	4	0	0	0	0	5	0	2	0	4	4	2
802	g171	t803	0	0	0	1	1	8	2	6	0	3	6	0	2	3	0	0	0	1	3	3
803	g171	t804	0	1	4	0	0	0	0	0	0	1	1	3	2	3	0	2	3	2	4	4
804	g171	t805	3	0	0	9	0	1	3	0	0	2	0	0	5	0	0	0	0	0	0	0
805	g171	t806	0	0	0	0	0	0	0	0	2	2	1	7	3	0	4	1	4	0	2	4
806	g171	t807	0	4	0	0	0	2	4	4	0	0	5	0	0	9	0	0	0	0	0	0
807	g172	t808	0	0	4	2	0	5	1	0	0	4	0	0	4	2	0	0	2	0	2	4
808	g172	t809	0	0	0	5	1	0	0	0	0	0	4	0	0	0	0	6	0	1	0	0
809	g172	t810	5	3	1	4	0	0	0	2	0	0	0	2	0	2	0	4	0	1	6	0
810	g172	t811	1	7	1	0	5	0	0	4	0	2	0	0	1	0	4	0	6	0	0	4
811	g172	t812	0	0	4	0	4	0	4	0	0	0	3	5	0	7	0	0	0	0	0	3
812	g172	t813	0	0	0	1	4	1	0	2	0	0	1	4	0	0	1	0	1	2	0	0
813	g172	t814	0	0	3	0	3	3	3	0	0	0	0	4	3	0	5	3	3	0	0	3
814	g172	t815	0	0	0	0	0	0	0	0	0	4	0	0	4	0	0	0	0	0	0	0
815	g173	t816	0	4	0	0	0	0	0	1	4	2	0	3	1	3	0	1	3	0	4	0
816	g173	t817	0	3	0	0	0	0	1	2	0	2	0	0	0	2	0	5	0	4	0	3
817	g173	t818	1	2	0	5	0	3	0	0	0	0	1	5	0	0	0	0	2	1	0	1
818	g173	t819	0	0	0	4	0	0	0	0	6	5	3	0	6	0	0	0	5	0	4	0
819	g173	t820	0	1	0	5	0	0	0	1	5	0	0	0	1	0	3	4	0	2	0	3
820	g173	t821	0	4	5	4	4	0	6	0	0	0	4	0	0	2	2	0	4	0	0	1
821	g174	t822	0	0	0	0	0	2	0	0	2	0	1	3	0	0	7	0	5	0	1	0
822	g174	t823	0	2	0	3	0	2	0	0	0	0	0	2	1	4	2	0	4	0	0	2
823	g174	t824	3	1	0	0	0	0	0	2	4	0	0	0	4	0	4	0	0	0	0	0
824	g174	t825	1	2	0	3	8	0	0	6	4	0	0	3	0	5	0	0	0	0	0	0
825	g174	t826	2	0	0	0	5	0	3	3	2	0	4	5	0	0	4	0	0	0	3	0
826	g174	t827	1	0	5	0	0	0	0	0	3	0	0	0	1	6	0	5	0	3	4	0
827	g175	t828	0	1	0	0	0	0	0	0	4	4	1	4	0	1	2	2	5	0	5	3
828	g175	t829	0	4	2	0	0	0	3	0	2	4	0	0	0	2	6	0	0	2	0	3
829	g175	t830	0	1	0	0	7	0	0	0	0	2	2	0	0	0	0	0	0	4	0	0
830	g175	t831	2	2	0	0	0	0	3	3	7	0	2	4	0	2	7	0	0	0	0	0
831	g175	t832	3	2	0	0	0	0	0	2	3	0	0	0	0	7	0	5	3	4	0	0
832	g175	t833	4	5	0	1	0	3	4	0	0	10	0	0	0	0	6	0	0	2	0	0
833	g175	t834	4	0	0	0	0	0	0	0	6	2	3	0	0	1	2	3	0	1	0	6
834	g175	t835	3	4	0	3	4	0	2	3	2	0	2	0	3	3	2	0	3	0	2	0
835	g176	t836	0	6	3	5	0	0	0	2	1	0	0	0	0	0	3	0	3	5	0	5
836	g176	t837	0	0	0	2	1	3	0	5	0	0	5	0	6	0	0	0	3	0	0	5
837	g176	t838	0	9	1	0	0	0	2	7	2	4	1	0	0	2	0	0	4	2	1	0
838	g176	t839	3	0	1	0	0	0	0	0	4	3	0	5	0	4	2	0	5	3	2	0
839	g176	t840	0	0	0	3	0	0	0	0	0	5	4	0	0	0	1	2	1	4	5	0
840	g176	t841	1	4	2	0	0	1	2	0	0	0	0	5	4	0	3	2	0	2	0	5
841	g176	t842	1	0	3	0	3	2	0	2	2	2	1	1	0	0	4	5	4	0	0	0
842	g176	t843	0	0	0	3	0	0	0	1	1	3	0	0	2	0	0	3	4	0	1	1
843	g176	t844	0	1	0	3	3	0	2	0	0	0	4	0	0	3	0	3	2	0	0	0
844	g176	t845	0	5	0	0	3	5	1	5	0	0	1	0	0	4	7	0	2	0	1	2
845	g176	t846	2	6	0	2	3	0	0	8	1	3	0	2	2	0	3	0	3	0	0	0
846	g176	t847	3	0	0	2	1	5	0	0	2	1	0	1	1	0	3	0	7	0	0	0
847	g177	t848	0	0	0	0	0	1	0	0	0	2	6	1	0	0	0	3	0	0	3	2
848	g177	t849	0	0	5	4	0	4	0	0	0	2	0	5	4	0	0	7	1	0	3	2
849	g177	t850	3	0	0	0	0	3	0	0	3	7	5	2	0	3	0	6	4	0	1	1
850	g177	t851	3	0	0	0	3	0	0	0	0	4	0	8	5	5	2	6	1	0	4	2
851	g177	t852	0	0	0	0	0	0	0	0	0	6	0	2	2	1	0	0	5	4	4	2
852	g177	t853	4	2	3	0	5	2	0	0	5	5	5	8	0	0	0	0	2	0	5	2
853	g177	t854	2	5	4	0	0	0	0	0	5	1	1	3	0	0	3	3	0	6	5	0
854	g177	t855	0	2	3	0	4	0	7	0	4	2	3	6	2	3	0	5	0	2	0	0
855	g177	t856	5	3	0	3	2	0	0	4	5	5	0	0	0	2	0	0	0	0	1	0
856	g178	t857	5	2	0	2	0	3	0	3	4	1	2	4	0	5	3	4	0	2	0	0
857	g178	t858	0	2	0	0	5	6	0	0	5	0	0	2	0	2	4	3	2	0	0	0
858	g178	t859	4	3	0	0	5	4	4	2	3	0	3	3	3	0	0	1	0	0	1	0
859	g178	t860	0	3	4	0	0	0	0	6	6	0	0	5	4	7	0	2	1	3	0	2
860	g178	t861	0	0	2	0	1	2	0	4	0	5	0	0	5	0	3	5	0	0	0	0
861	g178	t862	0	4	0	0	2	0	3	6	2	0	5	5	0	4	1	0	4	0	0	2
862	g178	t863	7	5	0	2	2	0	0	0	2	0	0	0	0	0	0	0	0	0	0	4
863	g178	t864	5	0	1	2	4	1	0	0	4	0	4	2	0	3	2	0	1	2	3	7
864	g178	t865	0	5	0	0	1	0	0	0	2	2	0	3	0	2	0	1	0	3	5	0
865	g178	t866	1	0	0	3	4	3	3	5	4	0	3	0	0	3	4	0	0	0	2	0
866	g178	t867	0	0	5	2	0	0	0	0	0	2	2	1	4	5	6	2	3	0	0	0
867	g178	t868	2	0	0	0	0	3	2	0	0	2	0	2	0	0	0	0	3	4	2	1
868	g178	t869	0	3	0	0	2	6	0	0	0	4	1	0	1	2	0	1	0	0	1	2
869	g178	t870	4	0	3	0	0	0	4	0	1	1	5	5	5	0	0	4	0	0	0	0
870	g178	t871	0	5	0	0	0	0	0	0	0	0	2	0	3	0	0	0	0	2	0	0
871	g178	t872	2	3	5	4	0	0	0	2	0	0	2	4	0	2	0	0	13	2	0	3
872	g179	t873	1	0	5	4	0	0	0	3	0	2	0	1	0	0	0	6	5	0	4	0
873	g179	t874	1	4	4	0	0	0	6	3	1	3	0	1	0	0	2	0	6	0	5	0
874	g179	t875	0	4	3	0	2	3	0	0	0	6	0	4	0	0	3	5	0	0	4	4
875	g179	t876	3	1	0	2	1	3	3	0	4	3	2	0	0	4	2	0	0	0	0	0
876	g179	t877	7	0	0	0	0	0	0	2	0	4	1	0	2	1	0	1	3	3	1	2
877	g179	t878	1	0	4	2	2	0	3	0	3	0	0	6	0	3	5	0	0	4	0	0
878	g179	t879	0	4	2	0	0	3	0	0	0	2	5	4	0	0	0	5	0	3	0	0
879	g179	t880	0	0	0	0	0	0	4	2	0	0	0	4	2	0	2	2	6	4	0	1
880	g179	t881	3	2	2	4	0	0	0	0	0	0	4	0	0	0	0	7	0	0	0	6
881	g179	t882	3	0	4	0	0	0	0	5	0	5	0	0	0	0	8	5	6	1	0	3
882	g18	t883	4	4	3	0	6	3	3	0	3	3	0	2	0	0	0	3	0	0	0	0
883	g18	t884	0	0	0	0	3	0	0	4	0	0	0	0	2	0	6	0	4	0	0	3
884	g18	t885	3	0	0	6	0	0	2	3	0	2	8	0	4	0	0	0	0	0	0	0
885	g18	t886	0	0	4	0	4	1	0	2	1	3	0	0	1	0	0	3	0	0	3	7
886	g18	t887	3	0	0	5	2	0	0	4	1	2	0	0	5	3	0	0	0	0	0	1
887	g18	t888	3	0	3	0	0	2	2	0	4	0	3	5	3	4	0	3	0	0	1	0
888	g18	t889	1	0	0	0	4	4	2	2	0	7	0	4	0	0	2	0	0	4	0	3
889	g18	t890	0	2	0	0	3	4	0	0	4	0	4	0	8	7	0	3	4	4	0	4
890	g18	t891	2	1	0	0	0	0	0	0	2	0	0	4	0	8	0	7	2	0	0	0
891	g18	t892	1	2	6	0	1	0	2	3	3	0	4	3	4	1	0	0	0	0	0	0
892	g180	t893	3	0	3	5	1	2	2	0	0	0	0	0	4	0	3	1	1	0	2	5
893	g180	t894	2	0	2	5	0	2	2	4	3	3	0	2	4	0	3	0	3	4	5	4
894	g180	t895	2	0	0	5	2	5	0	6	4	3	0	2	3	0	2	0	0	2	1	2
895	g180	t896	0	2	6	0	0	0	0	0	7	0	0	0	1	0	0	0	0	4	0	0
896	g180	t897	1	0	0	0	3	0	0	0	0	5	2	4	2	0	3	0	2	0	2	4
897	g180	t898	3	0	3	2	2	3	4	3	0	5	2	3	1	2	0	0	0	0	4	2
898	g181	t899	3	1	0	2	3	0	0	5	0	2	1	6	0	1	0	5	0	2	4	0
899	g181	t900	11	4	1	4	0	3	0	3	0	2	0	0	0	0	3	0	0	0	0	0
900	g181	t901	0	0	0	0	0	7	0	1	5	3	0	2	1	0	0	5	3	4	2	0
901	g181	t902	0	4	0	0	2	0	0	2	1	0	6	2	4	4	2	0	0	0	6	0
902	g181	t903	6	0	0	0	2	4	1	0	4	3	2	0	0	2	0	0	0	1	3	1
903	g181	t904	0	0	4	2	4	0	1	2	2	0	0	4	5	0	5	2	4	2	1	3
904	g181	t905	0	0	0	3	4	6	0	2	0	0	0	0	2	0	0	3	0	2	0	0
905	g181	t906	3	1	0	0	0	1	0	4	3	0	5	5	0	1	2	0	2	2	4	1
906	g181	t907	0	0	0	4	0	0	1	5	0	2	0	3	3	1	1	0	4	0	0	3
907	g181	t908	0	0	0	0	0	0	0	6	4	5	0	0	0	0	3	4	0	0	0	0
908	g181	t909	2	0	2	2	0	0	0	0	2	4	0	0	1	0	0	0	4	0	5	0
909	g181	t910	2	7	6	0	0	4	0	3	0	0	0	1	5	3	2	0	3	0	0	6
910	g181	t911	0	0	0	0	0	0	0	0	4	0	2	0	1	0	0	2	0	0	0	4
911	g181	t912	0	0	0	0	4	0	0	3	0	2	0	0	0	0	0	5	3	3	0	2
912	g181	t913	0	0	0	0	3	0	3	1	0	5	7	4	5	0	0	0	5	0	0	0
913	g182	t914	1	0	0	4	0	0	0	0	4	5	4	4	0	2	5	2	5	3	0	2
914	g182	t915	1	1	0	0	0	0	3	3	0	0	2	0	0	3	1	0	0	2	0	4
915	g182	t916	0	4	2	0	0	2	2	0	4	0	2	1	7	6	0	3	0	5	2	0
916	g182	t917	3	4	0	0	5	0	0	0	6	0	3	0	2	2	0	0	0	5	3	3
917	g182	t918	4	0	1	0	1	5	0	2	0	0	0	1	0	0	4	0	0	5	3	5
918	g182	t919	7	5	0	0	3	0	6	2	5	4	2	1	0	2	0	0	2	0	5	3
919	g182	t920	0	0	0	5	0	2	0	0	0	2	0	3	0	1	0	2	0	6	0	3
920	g183	t921	0	0	2	3	0	2	0	3	5	2	4	3	0	0	5	0	0	4	4	4
921	g183	t922	0	0	4	2	0	1	0	2	0	0	5	2	0	0	2	0	0	0	2	3
922	g183	t923	0	0	0	0	2	0	5	2	0	2	2	0	3	4	0	0	3	6	1	3
923	g183	t924	0	2	6	3	0	8	2	0	5	0	0	0	3	1	0	0	5	0	0	2
924	g183	t925	0	5	5	2	0	2	0	0	0	3	0	1	0	2	3	4	0	3	0	1
925	g183	t926	0	0	0	0	3	2	2	2	2	3	1	5	0	1	3	0	0	0	6	1
926	g183	t927	4	7	0	0	0	0	0	3	0	0	0	2	2	3	3	0	3	3	0	5
927	g183	t928	0	0	0	4	0	7	1	1	0	0	0	0	1	5	1	3	5	0	1	4
928	g183	t929	0	0	0	4	0	1	0	0	0	0	0	3	0	0	3	0	0	5	3	2
929	g183	t930	9	2	0	2	0	0	0	0	1	4	0	4	0	0	0	0	0	1	0	0
930	g183	t931	0	3	0	1	2	0	0	0	4	0	0	0	0	2	0	0	2	5	1	0
931	g183	t932	0	0	4	0	0	6	2	0	6	3	1	0	3	0	2	0	0	2	2	0
932	g183	t933	1	0	6	2	0	0	4	5	4	0	5	0	1	1	0	0	1	5	3	0
933	g183	t934	2	2	0	0	3	3	0	0	1	2	0	0	1	2	7	5	1	4	1	2
934	g183	t935	2	0	3	5	1	3	3	1	0	6	0	3	0	4	3	0	0	0	0	4
935	g184	t936	0	6	0	0	2	0	0	0	6	2	6	0	0	1	5	3	0	0	0	5
936	g184	t937	3	0	0	0	0	3	4	0	0	0	0	3	0	0	0	4	2	2	2	3
937	g184	t938	0	0	5	5	0	0	3	5	3	0	3	0	7	2	0	0	0	5	4	2
938	g184	t939	0	0	1	3	0	5	1	8	0	0	0	2	0	5	0	3	0	2	0	0
939	g184	t940	5	7	1	0	1	0	5	0	0	0	2	0	0	0	5	0	6	2	4	6
940	g184	t941	4	8	3	0	0	1	4	7	5	4	5	3	4	0	4	0	0	0	3	3
941	g184	t942	0	0	0	0	0	0	0	0	0	6	3	0	0	0	0	2	0	3	4	0
942	g185	t943	5	0	4	1	0	5	0	0	3	3	0	3	0	1	4	4	0	3	4	6
943	g185	t944	0	8	0	0	4	2	0	3	0	4	2	4	0	5	3	2	5	0	0	4
944	g185	t945	0	0	3	6	0	0	0	0	0	4	0	0	0	3	1	0	0	0	0	4
945	g185	t946	0	0	3	0	4	3	2	0	0	0	0	4	0	2	1	0	0	0	0	0
946	g185	t947	0	0	2	4	0	3	3	0	0	0	6	3	0	0	2	4	0	6	0	0
947	g185	t948	0	0	0	0	0	2	3	0	2	3	2	4	0	3	7	2	0	4	4	2
948	g185	t949	0	5	2	5	1	5	0	2	0	2	7	0	1	0	3	0	6	2	0	0
949	g185	t950	1	0	5	0	0	1	0	2	2	0	5	1	0	4	4	4	2	3	4	3
950	g185	t951	0	4	3	0	3	0	1	2	0	2	5	0	3	0	0	4	0	2	0	4
951	g185	t952	5	2	5	3	0	0	2	6	0	2	0	3	6	4	0	0	0	0	5	0
952	g185	t953	0	6	0	1	0	0	1	5	0	1	0	3	3	0	2	2	0	4	2	3
953	g185	t954	2	1	2	0	0	2	2	7	3	0	0	0	8	0	1	0	0	2	1	0
954	g185	t955	3	0	0	0	0	1	0	2	0	4	0	0	2	4	0	0	2	0	1	0
955	g186	t956	0	1	0	4	6	1	3	0	2	0	0	1	2	0	3	0	4	0	0	0
956	g186	t957	2	2	2	0	2	0	0	0	2	4	4	0	5	0	2	0	0	0	0	0
957	g186	t958	0	3	7	0	0	0	0	6	0	5	0	1	0	4	6	0	4	0	0	0
958	g186	t959	3	0	0	5	0	0	4	0	2	0	0	0	0	2	0	3	0	0	3	2
959	g186	t960	3	2	4	0	3	3	3	0	3	3	0	4	2	4	1	0	1	2	3	0
960	g186	t961	2	0	0	0	2	0	3	0	2	2	1	0	0	3	0	0	0	0	5	0
961	g186	t962	3	2	0	1	0	2	0	0	2	0	0	0	0	1	5	6	1	1	2	2
962	g186	t963	4	0	5	0	0	0	0	0	0	1	3	1	0	3	0	0	2	3	3	0
963	g186	t964	1	0	3	4	2	2	1	0	0	0	0	3	3	4	5	3	2	0	0	3
964	g186	t965	0	3	0	5	0	0	5	0	3	0	3	1	0	1	2	1	2	4	5	1
965	g187	t966	0	0	7	0	3	0	2	0	4	2	4	3	0	0	0	2	0	2	3	1
966	g187	t967	0	3	0	2	0	0	0	0	4	3	5	0	0	4	0	6	0	2	2	3
967	g187	t968	0	6	3	1	3	0	0	4	0	5	4	7	0	4	0	3	0	4	2	2
968	g187	t969	3	0	0	0	0	0	0	0	0	7	3	0	0	0	0	0	5	0	0	6
969	g187	t970	0	0	0	5	3	0	0	3	0	0	0	0	3	0	0	0	5	0	0	0
970	g187	t971	2	1	2	0	3	0	2	2	3	4	0	4	0	0	0	4	2	1	3	0
971	g187	t972	0	0	1	4	2	4	0	0	0	1	0	2	4	0	0	2	3	5	0	1
972	g187	t973	0	5	0	1	3	1	0	0	4	0	0	3	0	3	2	4	0	0	1	1
973	g187	t974	4	0	0	5	0	0	2	0	0	1	0	0	2	0	1	0	0	0	0	2
974	g187	t975	2	0	5	0	0	0	3	5	1	0	3	0	1	3	0	0	0	3	3	6
975	g187	t976	0	0	0	3	0	3	1	0	0	0	0	0	0	0	0	0	0	0	0	3
976	g187	t977	2	0	3	0	0	0	5	3	2	4	0	0	0	6	4	5	2	0	0	2
977	g187	t978	0	2	6	3	5	0	0	5	2	3	0	0	3	0	4	0	0	0	0	3
978	g187	t979	0	0	4	2	0	0	0	0	3	0	4	5	0	2	5	0	2	6	0	0
979	g188	t980	0	7	5	0	4	2	3	2	2	0	0	0	1	0	0	0	0	4	2	4
980	g188	t981	6	0	2	0	4	3	5	1	0	0	3	0	0	2	2	0	0	0	2	0
981	g188	t982	0	2	3	4	3	1	0	6	3	4	4	2	0	4	1	2	2	0	4	0
982	g188	t983	0	0	0	4	0	0	0	4	6	3	0	1	0	0	0	0	0	7	3	0
983	g188	t984	0	4	0	2	0	5	1	0	2	0	0	5	0	1	0	0	0	2	4	3
984	g188	t985	4	4	0	0	5	0	0	0	2	3	1	0	0	0	6	1	0	1	3	6
985	g188	t986	2	0	2	5	0	0	4	0	0	0	1	0	0	0	0	0	2	2	0	10
986	g188	t987	0	0	2	0	0	1	4	1	3	2	0	0	0	1	0	1	6	1	0	2
987	g189	t988	5	1	2	6	0	0	2	2	0	0	2	0	2	0	4	4	0	0	1	2
988	g189	t989	0	0	0	0	4	4	0	0	4	5	0	0	0	0	0	0	0	0	0	0
989	g189	t990	0	0	3	3	0	0	6	0	0	0	0	0	1	1	4	0	2	0	4	4
990	g189	t991	3	5	2	0	4	0	3	0	0	3	0	0	3	3	5	0	0	1	0	6
991	g189	t992	4	0	0	0	0	0	2	1	0	3	0	0	4	0	4	0	6	0	3	0
992	g189	t993	4	4	0	0	3	2	3	3	3	0	0	0	0	3	5	4	5	0	3	6
993	g189	t994	4	2	0	4	0	2	0	0	0	0	0	0	9	0	2	0	3	5	0	5
994	g189	t995	0	0	0	0	0	0	0	2	4	0	0	0	0	0	0	5	0	3	0	0
995	g189	t996	0	4	0	0	0	7	4	4	2	3	0	0	2	3	1	5	3	0	0	0
996	g19	t997	2	1	1	0	0	0	5	0	0	3	6	5	0	0	2	3	0	1	7	0
997	g19	t998	0	0	4	0	3	0	0	0	2	0	0	0	6	3	0	3	4	6	0	2
998	g19	t999	5	4	0	2	0	3	0	3	0	6	0	0	0	0	0	1	0	0	0	2
999	g19	t1000	5	2	3	0	1	0	2	0	0	0	0	4	1	6	0	0	0	0	3	0
1000	g19	t1001	4	3	4	4	7	1	0	0	0	0	1	3	0	1	0	5	2	4	5	0
1001	g19	t1002	0	0	2	0	0	0	0	0	4	6	6	0	0	4	0	0	0	4	3	0
1002	g19	t1003	4	0	0	0	4	0	0	4	0	6	0	2	3	0	0	0	0	0	0	4
1003	g19	t1004	0	0	0	0	0	0	0	5	0	1	4	0	2	2	0	0	2	6	4	1
1004	g19	t1005	3	0	3	3	0	2	3	5	0	3	2	2	7	5	0	0	6	0	0	0
1005	g19	t1006	0	3	0	2	1	2	0	0	0	0	2	0	1	2	0	3	0	0	0	0
1006	g19	t1007	6	5	4	0	0	0	0	0	4	0	0	1	0	0	3	0	6	6	1	0
1007	g19	t1008	0	0	0	0	0	8	6	0	0	6	0	0	3	0	2	0	0	0	0	3
1008	g19	t1009	0	0	3	1	7	0	0	0	0	0	0	0	7	0	0	1	4	0	2	2
1009	g19	t1010	0	0	0	0	0	0	0	4	2	0	2	0	0	3	2	0	0	2	0	0
1010	g190	t1011	0	0	4	3	2	0	3	2	3	0	4	1	3	1	0	0	0	0	1	0
1011	g190	t1012	7	0	0	0	0	0	0	3	3	0	0	0	3	0	0	0	0	3	1	0
1012	g190	t1013	0	0	0	0	0	3	0	3	2	0	0	1	4	0	3	4	0	0	2	0
1013	g190	t1014	2	0	0	0	0	0	0	0	0	9	0	0	8	1	3	0	3	0	2	0
1014	g190	t1015	0	0	3	0	1	0	0	1	0	5	0	0	0	0	3	3	0	2	3	0
1015	g190	t1016	4	0	2	1	3	5	0	0	0	0	0	3	1	3	0	4	0	0	3	0
1016	g190	t1017	0	0	0	0	0	0	4	2	1	2	0	0	4	3	0	0	1	3	0	0
1017	g190	t1018	8	0	1	1	0	2	0	0	2	4	0	0	0	0	4	1	3	0	3	1
1018	g190	t1019	4	0	0	3	5	0	0	1	0	0	2	0	3	2	1	0	2	0	0	2
1019	g190	t1020	0	0	0	2	2	0	3	3	0	3	6	2	0	4	0	0	5	0	0	0
1020	g191	t1021	0	6	0	0	0	2	2	0	0	0	0	2	4	2	5	5	6	0	0	3
1021	g191	t1022	0	0	0	1	0	2	7	2	2	1	0	0	4	5	0	0	0	0	0	2
1022	g191	t1023	2	0	3	6	0	0	0	3	0	3	4	0	0	2	5	5	5	0	0	0
1023	g191	t1024	7	4	0	1	2	2	0	0	0	0	0	0	6	4	0	3	0	3	3	6
1024	g191	t1025	3	0	0	0	0	5	0	0	2	3	0	0	3	4	0	0	5	0	0	2
1025	g191	t1026	2	0	0	0	0	0	3	0	0	2	0	3	0	0	0	0	3	1	4	2
1026	g191	t1027	2	0	4	0	4	2	4	0	1	0	0	3	0	1	5	3	0	3	2	3
1027	g191	t1028	5	6	3	4	4	3	0	1	0	0	0	2	3	0	4	3	0	3	0	3
1028	g191	t1029	3	0	4	5	3	0	3	6	0	2	2	0	0	0	0	5	0	0	0	0
1029	g191	t1030	3	1	5	0	6	6	0	0	0	0	0	0	3	4	0	0	1	3	0	1
1030	g191	t1031	0	1	0	0	0	0	1	0	0	3	0	1	0	0	0	0	0	1	0	4
1031	g192	t1032	2	0	0	0	2	5	0	1	0	4	0	2	2	4	2	5	2	2	0	0
1032	g192	t1033	5	0	0	0	0	0	3	2	0	4	2	4	5	0	4	0	0	0	3	7
1033	g192	t1034	2	2	0	0	3	0	0	0	2	3	0	1	0	0	3	0	0	3	0	0
1034	g192	t1035	3	0	0	4	0	0	0	0	0	3	0	1	3	4	2	0	2	0	0	2
1035	g192	t1036	0	2	0	0	2	0	0	2	2	0	1	0	2	0	4	0	0	0	4	0
1036	g192	t1037	5	4	0	2	0	0	0	3	4	2	0	0	4	2	4	0	4	0	2	0
1037	g192	t1038	4	0	3	0	0	0	3	4	2	4	0	0	0	0	0	0	2	0	0	2
1038	g192	t1039	3	0	0	0	0	0	2	0	4	0	0	0	0	8	4	3	4	2	0	0
1039	g192	t1040	0	4	0	2	0	4	4	3	0	0	0	3	0	0	0	5	2	0	3	0
1040	g192	t1041	0	0	1	0	2	0	3	2	0	0	1	1	0	0	2	0	0	4	0	0
1041	g192	t1042	7	0	0	3	3	1	0	5	0	0	0	0	0	4	2	0	0	2	6	0
1042	g192	t1043	10	3	0	2	3	0	3	3	2	0	0	5	0	0	1	1	1	2	0	0
1043	g192	t1044	3	0	2	7	3	0	0	0	1	0	1	0	0	0	0	0	0	3	0	0
1044	g193	t1045	4	0	2	7	0	0	6	0	1	5	0	0	3	5	0	7	1	0	0	0
1045	g193	t1046	4	0	0	1	1	0	0	0	1	5	0	0	2	3	2	4	0	0	4	4
1046	g193	t1047	0	7	5	0	5	2	1	0	0	2	0	2	1	0	2	3	5	1	5	0
1047	g193	t1048	7	2	5	0	0	2	0	2	0	0	0	0	7	3	0	0	0	3	0	0
1048	g193	t1049	6	0	5	2	4	0	2	0	0	0	2	5	1	0	7	0	0	0	3	2
1049	g193	t1050	4	2	1	4	0	0	2	3	0	3	1	0	0	0	0	2	0	0	0	4
1050	g193	t1051	3	0	4	5	4	3	5	0	2	5	3	3	0	0	3	3	0	0	4	1
1051	g194	t1052	0	0	0	5	2	0	0	1	7	0	4	2	4	0	8	0	3	5	0	0
1052	g194	t1053	0	0	0	0	1	0	0	5	6	0	2	2	0	0	0	0	9	5	0	0
1053	g194	t1054	2	0	3	4	1	0	2	2	5	4	0	0	1	5	2	2	4	0	2	5
1054	g194	t1055	0	0	3	1	0	0	5	4	0	1	0	0	0	0	3	5	0	5	5	0
1055	g194	t1056	0	0	0	0	3	1	0	0	0	0	0	0	2	0	3	0	0	1	8	3
1056	g194	t1057	0	5	5	0	2	4	1	3	2	0	0	0	0	1	2	0	0	0	0	6
1057	g194	t1058	3	3	2	0	0	0	2	6	0	3	2	0	0	5	0	0	0	0	5	0
1058	g194	t1059	0	0	0	0	4	0	1	4	6	5	6	0	2	1	0	0	4	6	0	0
1059	g194	t1060	4	0	4	4	4	1	0	0	3	0	0	0	4	1	3	0	5	4	4	0
1060	g194	t1061	5	5	0	3	0	0	2	2	3	1	0	0	4	2	2	3	2	8	2	4
1061	g194	t1062	0	0	0	3	4	3	0	3	2	2	0	4	1	2	2	0	3	0	0	0
1062	g194	t1063	0	0	0	0	0	1	0	3	0	4	2	0	2	4	5	0	2	0	0	0
1063	g194	t1064	6	6	4	1	0	0	3	2	7	6	0	3	0	0	0	0	0	0	0	0
1064	g195	t1065	6	0	0	2	0	0	0	0	5	0	3	0	4	0	0	0	3	2	0	0
1065	g195	t1066	5	3	0	0	8	0	0	0	2	2	0	4	2	0	4	1	0	7	6	0
1066	g195	t1067	1	0	5	2	1	5	0	2	6	4	3	0	6	1	0	1	3	0	3	0
1067	g195	t1068	0	0	0	0	0	3	0	0	0	0	0	0	0	4	3	0	0	0	5	1
1068	g195	t1069	3	0	0	0	0	3	0	0	4	0	0	5	0	4	0	0	4	0	1	0
1069	g195	t1070	2	1	0	4	5	0	0	1	0	0	4	2	3	1	0	0	0	3	0	0
1070	g195	t1071	0	0	0	5	0	3	0	0	2	4	0	0	3	3	0	2	0	0	0	0
1071	g195	t1072	3	0	5	1	3	4	0	0	4	2	4	1	0	0	0	6	3	6	2	0
1072	g195	t1073	0	0	2	0	2	4	7	0	0	3	1	0	0	0	6	0	2	6	0	0
1073	g195	t1074	0	0	0	1	3	0	0	6	2	1	0	4	1	4	3	4	3	2	0	2
1074	g195	t1075	2	1	0	0	0	0	0	0	3	0	4	2	0	2	0	2	0	4	7	0
1075	g195	t1076	5	0	4	3	2	0	2	0	3	2	4	8	3	0	3	1	0	1	0	0
1076	g195	t1077	0	3	0	0	3	0	0	0	1	1	3	3	0	0	0	1	0	0	0	1
1077	g195	t1078	0	6	3	3	0	0	0	0	0	0	4	3	0	6	4	0	4	2	0	4
1078	g195	t1079	0	0	0	0	0	2	0	0	2	0	1	1	0	5	3	0	3	4	4	0
1079	g195	t1080	1	0	0	3	0	0	0	3	0	0	0	0	0	1	5	0	0	0	0	0
1080	g196	t1081	0	0	0	2	0	5	0	0	0	4	0	0	1	0	4	0	2	1	0	2
1081	g196	t1082	0	2	0	0	2	6	4	0	1	0	4	0	0	4	0	0	2	3	0	0
1082	g196	t1083	0	0	0	0	0	4	2	4	3	0	0	6	3	0	0	0	0	0	2	2
1083	g196	t1084	1	0	0	0	2	6	0	0	0	1	3	3	0	0	0	2	0	0	4	2
1084	g196	t1085	2	3	0	1	0	0	0	0	1	1	1	0	5	0	0	3	1	0	0	0
1085	g196	t1086	1	0	4	0	5	0	2	1	0	2	0	4	4	0	0	0	1	4	0	4
1086	g196	t1087	0	3	0	4	0	0	0	5	2	0	4	5	0	0	0	0	0	0	5	5
1087	g196	t1088	2	1	0	3	4	7	0	2	4	7	3	0	1	0	0	2	5	1	0	4
1088	g196	t1089	0	0	0	0	3	0	7	2	4	0	0	0	3	3	0	0	4	3	0	0
1089	g196	t1090	4	4	0	2	0	0	5	0	0	0	0	3	0	4	0	0	3	0	2	5
1090	g196	t1091	5	0	0	0	5	1	0	0	0	0	0	0	3	3	3	0	0	0	0	0
1091	g196	t1092	1	2	3	4	0	0	0	0	0	0	0	0	4	3	7	0	0	2	3	1
1092	g196	t1093	1	0	0	6	0	0	0	2	2	0	2	2	0	4	5	3	0	0	0	2
1093	g197	t1094	0	5	0	9	0	1	4	3	0	0	0	3	0	0	2	0	0	0	2	5
1094	g197	t1095	5	4	5	6	0	1	0	0	0	2	3	1	3	2	1	0	2	2	0	0
1095	g197	t1096	0	0	0	1	0	0	5	0	2	0	0	1	0	1	1	1	0	4	0	4
1096	g197	t1097	5	5	0	0	1	0	4	1	0	4	3	0	0	2	0	5	0	6	2	0
1097	g197	t1098	0	3	0	7	0	0	1	1	0	3	3	0	1	3	5	0	0	0	5	7
1098	g197	t1099	4	0	0	2	4	0	0	0	0	4	0	3	4	0	2	2	4	0	0	0
1099	g197	t1100	2	4	4	0	6	5	2	0	0	3	4	0	0	0	1	0	2	3	0	0
1100	g197	t1101	0	0	3	3	3	0	0	0	0	0	0	2	1	0	6	3	3	1	5	1
1101	g197	t1102	2	1	4	1	5	0	0	4	2	0	3	6	0	4	0	0	0	0	0	5
1102	g197	t1103	5	3	4	3	0	3	2	0	0	0	5	2	0	7	2	5	5	0	4	0
1103	g197	t1104	1	4	0	0	3	3	4	0	5	2	2	0	0	0	10	1	0	0	4	2
1104	g198	t1105	0	2	2	2	2	3	2	0	0	0	0	4	3	0	1	0	3	5	5	0
1105	g198	t1106	4	6	0	5	3	0	0	0	0	3	0	0	0	0	4	3	4	2	2	0
1106	g198	t1107	0	0	1	0	4	3	4	0	3	5	0	0	0	1	0	2	1	0	6	0
1107	g198	t1108	0	2	0	0	1	1	0	1	0	2	0	1	1	0	1	3	2	0	1	0
1108	g198	t1109	0	4	5	4	0	0	0	2	0	0	0	0	2	0	0	4	0	0	0	3
1109	g198	t1110	0	0	5	0	0	0	4	2	4	0	0	0	2	0	0	0	3	0	0	0
1110	g198	t1111	2	0	0	0	5	3	0	2	0	3	3	0	1	4	0	6	0	0	4	3
1111	g198	t1112	3	0	0	0	0	0	5	2	4	0	4	0	0	0	0	3	3	0	0	0
1112	g198	t1113	4	4	0	0	1	4	0	0	3	1	5	4	2	0	6	3	1	5	0	7
1113	g198	t1114	2	0	0	0	2	3	0	2	5	4	2	4	4	3	2	0	0	1	5	4
1114	g198	t1115	4	3	0	1	2	2	0	8	0	1	0	0	0	0	0	0	3	0	2	0
1115	g198	t1116	0	0	0	0	3	3	0	0	3	0	0	3	3	2	3	0	0	7	0	3
1116	g198	t1117	0	0	0	3	1	0	3	1	1	0	0	3	3	3	0	0	0	0	0	0
1117	g199	t1118	3	3	0	0	0	0	0	0	5	3	0	0	5	0	0	1	1	4	0	1
1118	g199	t1119	2	0	0	0	2	4	0	1	0	0	0	2	0	0	0	4	0	3	0	0
1119	g199	t1120	0	0	4	0	1	0	0	5	0	3	0	0	0	2	0	1	1	0	5	0
1120	g199	t1121	3	0	5	0	0	1	4	4	0	0	5	3	0	3	0	0	0	0	4	0
1121	g199	t1122	3	0	4	6	1	0	0	5	0	2	1	0	3	0	0	0	0	2	5	0
1122	g199	t1123	0	2	0	4	0	3	0	0	1	3	2	0	0	0	6	0	3	5	0	0
1123	g2	t1124	0	3	0	2	4	0	3	7	0	0	2	0	3	0	1	0	0	0	5	3
1124	g2	t1125	0	0	0	0	4	0	1	3	2	4	3	0	0	3	0	2	0	0	0	0
1125	g2	t1126	3	0	8	0	2	4	0	0	6	2	1	0	1	2	0	0	0	0	3	0
1126	g2	t1127	0	0	2	3	0	0	1	0	0	0	0	0	0	0	5	2	3	0	0	0
1127	g2	t1128	5	1	0	0	0	0	0	0	2	0	0	2	0	0	0	0	5	0	1	0
1128	g20	t1129	0	7	1	0	0	0	0	3	0	0	4	0	0	0	0	0	0	0	0	2
1129	g20	t1130	0	5	1	0	5	2	0	3	0	5	6	0	0	5	0	2	0	4	0	0
1130	g20	t1131	0	0	0	4	0	2	2	1	3	0	0	2	0	0	4	0	4	5	0	3
1131	g20	t1132	0	0	5	0	2	2	0	0	2	2	3	0	0	2	5	3	0	0	0	0
1132	g20	t1133	2	4	0	3	3	1	5	2	2	0	2	0	0	0	0	0	0	0	4	0
1133	g20	t1134	4	5	3	0	0	0	1	3	0	2	0	4	0	0	0	0	5	1	4	2
1134	g20	t1135	1	1	2	0	1	0	0	0	3	0	0	7	0	3	0	5	0	0	1	3
1135	g20	t1136	0	2	0	3	0	3	0	2	1	5	0	3	0	4	0	0	0	0	0	4
1136	g200	t1137	3	2	2	4	3	0	0	2	0	0	0	0	0	0	2	4	2	0	0	0
1137	g200	t1138	0	0	4	3	0	3	3	2	0	5	0	2	0	4	0	0	0	0	0	0
1138	g200	t1139	0	0	5	2	0	1	1	0	0	0	0	0	3	0	0	0	3	0	4	5
1139	g200	t1140	4	3	0	0	0	2	4	0	2	2	0	4	0	0	0	2	0	2	4	0
1140	g200	t1141	0	0	3	2	0	0	0	0	2	5	0	5	0	0	0	0	2	2	3	0
1141	g200	t1142	0	0	0	3	0	2	1	0	2	0	0	4	0	0	0	0	1	5	0	2
1142	g21	t1143	0	1	4	0	5	0	7	0	4	0	4	0	0	3	0	0	3	4	0	0
1143	g21	t1144	3	0	0	0	2	6	5	4	0	6	0	0	4	6	0	0	1	6	3	1
1144	g21	t1145	3	0	4	0	0	8	1	2	0	0	0	0	6	0	5	0	0	0	0	0
1145	g21	t1146	0	1	0	2	2	0	2	0	1	0	0	0	0	1	4	4	0	2	2	0
1146	g21	t1147	3	1	4	0	0	0	2	0	6	0	2	5	5	4	0	5	0	0	2	0
1147	g21	t1148	0	0	0	0	3	3	2	0	2	0	0	0	0	0	3	0	4	0	6	0
1148	g21	t1149	2	1	0	3	0	0	3	3	0	0	2	3	6	0	3	0	5	0	2	0
1149	g21	t1150	0	3	0	2	3	2	0	0	4	0	0	0	0	0	4	0	0	0	0	2
1150	g21	t1151	0	2	0	0	1	1	0	3	0	0	3	2	0	2	3	0	2	0	0	4
1151	g21	t1152	0	0	0	5	4	0	0	2	0	1	0	0	1	3	6	4	6	0	0	5
1152	g21	t1153	2	0	6	1	0	1	1	4	0	0	0	6	1	3	3	0	6	0	0	6
1153	g22	t1154	0	0	0	0	0	2	0	0	5	0	4	3	0	0	0	0	3	2	4	3
1154	g22	t1155	0	5	2	5	2	0	0	0	0	0	0	0	0	3	7	0	0	0	3	4
1155	g22	t1156	0	0	2	3	0	0	0	4	0	0	0	0	0	3	3	0	3	0	0	3
1156	g22	t1157	0	1	3	5	1	3	0	2	4	2	0	0	0	5	5	6	4	0	6	0
1157	g22	t1158	2	3	0	0	3	5	0	0	5	0	4	5	0	0	0	0	6	0	5	0
1158	g22	t1159	2	2	0	0	0	2	1	4	2	0	2	5	1	0	7	0	3	0	0	6
1159	g22	t1160	0	0	7	5	0	0	2	7	3	1	3	1	0	0	1	0	0	0	3	0
1160	g22	t1161	3	0	1	2	4	1	1	0	0	3	0	2	0	4	0	5	0	2	0	10
1161	g22	t1162	1	1	0	4	0	1	0	0	0	0	4	3	2	4	1	0	0	0	0	4
1162	g22	t1163	0	1	0	4	0	0	2	0	4	0	0	2	0	3	4	0	5	2	0	0
1163	g22	t1164	0	2	0	0	0	0	0	3	0	5	0	3	4	0	0	0	0	0	2	0
1164	g22	t1165	0	0	0	0	0	0	4	0	0	0	0	0	0	0	5	0	0	0	0	0
1165	g22	t1166	0	0	3	0	0	1	6	1	0	3	2	0	2	0	0	1	0	0	5	0
1166	g22	t1167	0	4	0	4	0	0	0	0	2	0	1	5	2	5	2	0	0	0	0	2
1167	g23	t1168	2	2	1	0	1	0	2	4	0	0	0	2	0	1	0	3	0	5	0	0
1168	g23	t1169	3	0	0	0	0	0	0	0	2	4	0	2	0	6	0	4	1	3	0	0
1169	g23	t1170	0	1	0	2	0	2	0	0	4	2	2	4	0	0	0	7	0	3	4	3
1170	g23	t1171	1	5	0	0	0	0	6	0	0	1	0	4	0	0	2	2	0	0	2	0
1171	g23	t1172	4	0	5	0	2	2	0	0	0	3	0	1	3	2	0	1	0	2	0	3
1172	g23	t1173	0	3	2	0	3	0	5	0	0	0	3	0	0	0	2	0	4	1	0	2
1173	g23	t1174	3	0	2	0	0	0	3	0	1	0	0	4	2	0	0	1	0	2	0	0
1174	g24	t1175	2	1	0	3	3	0	2	0	0	6	0	0	0	0	0	2	3	0	1	4
1175	g24	t1176	0	4	0	0	3	0	1	1	2	0	0	0	0	0	0	4	1	0	2	3
1176	g24	t1177	0	3	1	0	0	2	0	3	0	5	0	5	2	1	2	0	0	0	2	3
1177	g24	t1178	1	0	0	0	7	0	0	0	0	3	0	0	0	3	0	0	4	6	0	0
1178	g24	t1179	0	0	0	3	3	2	0	0	2	0	2	0	3	0	0	0	0	0	6	2
1179	g24	t1180	0	1	0	0	3	0	0	0	0	0	2	0	2	0	0	0	0	0	0	4
1180	g24	t1181	0	5	1	0	0	3	0	0	1	0	0	5	0	2	0	4	3	7	2	0
1181	g24	t1182	4	0	4	0	1	1	0	1	8	3	0	1	2	6	2	0	0	0	0	0
1182	g24	t1183	0	5	0	0	4	0	3	4	4	0	2	0	0	1	0	5	0	0	0	2
1183	g24	t1184	0	0	0	0	0	0	4	6	5	0	2	4	4	0	4	6	0	2	1	2
1184	g24	t1185	0	0	3	1	0	4	0	2	3	0	0	1	4	3	0	0	2	0	3	0
1185	g25	t1186	3	5	4	0	2	1	0	2	3	0	0	0	0	3	1	0	1	5	0	1
1186	g25	t1187	3	0	0	2	3	2	7	0	0	0	2	0	3	0	0	0	0	4	0	4
1187	g25	t1188	0	0	6	0	2	4	2	0	0	2	0	0	2	5	1	3	0	3	2	2
1188	g25	t1189	2	0	0	8	2	3	0	0	3	1	0	3	0	2	3	3	4	2	3	0
1189	g25	t1190	0	0	0	3	3	0	0	0	0	0	3	2	0	2	4	0	4	0	2	0
1190	g25	t1191	4	0	2	1	0	0	0	5	2	1	0	2	2	0	4	3	0	3	3	0
1191	g25	t1192	0	2	3	0	0	4	0	0	0	0	4	3	1	0	0	0	0	1	2	2
1192	g25	t1193	0	5	0	6	0	5	0	4	4	0	0	7	0	2	3	0	4	0	0	0
1193	g26	t1194	0	0	0	1	0	3	0	0	1	0	0	5	6	1	4	2	0	0	0	1
1194	g26	t1195	0	5	0	3	0	0	1	0	1	5	1	0	0	0	0	0	2	0	1	1
1195	g26	t1196	0	2	1	3	0	0	0	4	3	2	0	0	2	0	0	3	0	5	0	0
1196	g26	t1197	0	4	5	0	0	3	3	0	2	0	0	4	2	3	5	3	2	0	0	4
1197	g26	t1198	3	1	0	2	0	0	6	1	4	1	2	0	4	0	0	0	0	4	3	0
1198	g26	t1199	2	0	0	1	2	0	0	3	3	0	0	0	4	0	1	4	0	0	0	3
1199	g26	t1200	0	0	4	4	4	0	2	0	4	0	0	0	0	1	6	0	0	0	0	3
1200	g26	t1201	0	0	0	0	0	0	3	0	0	0	5	0	0	1	1	4	0	0	2	6
1201	g26	t1202	0	0	0	0	6	0	0	0	0	1	0	5	2	5	0	0	5	0	3	1
1202	g26	t1203	0	0	0	2	2	0	0	5	4	0	2	0	2	4	4	0	2	0	1	1
1203	g26	t1204	0	0	2	0	0	1	0	5	1	5	3	4	0	0	0	0	0	0	0	0
1204	g26	t1205	0	6	6	1	0	0	1	0	0	4	0	0	0	3	0	1	0	5	0	1
1205	g26	t1206	0	2	0	0	3	4	0	5	0	0	2	0	0	1	3	0	5	0	0	0
1206	g27	t1207	3	5	0	0	1	0	3	3	0	0	0	0	6	0	0	4	0	0	4	0
1207	g27	t1208	3	3	0	6	0	2	0	0	0	0	1	0	1	0	2	0	2	0	0	2
1208	g27	t1209	1	3	0	0	0	3	3	0	0	0	0	0	5	0	3	0	0	4	0	0
1209	g27	t1210	0	0	2	0	0	0	0	0	3	7	0	2	0	2	0	0	2	4	0	0
1210	g27	t1211	2	3	0	0	0	4	4	3	0	0	0	1	3	4	5	0	0	0	0	0
1211	g27	t1212	0	3	0	5	2	0	0	1	3	1	0	0	4	1	3	4	4	2	0	2
1212	g27	t1213	0	0	5	3	6	6	7	1	5	4	3	1	3	4	0	0	0	0	0	3
1213	g27	t1214	0	2	0	0	2	1	0	7	3	5	0	0	0	0	2	0	1	4	2	0
1214	g27	t1215	0	6	1	1	2	1	0	0	0	0	2	5	2	0	0	3	0	0	0	0
1215	g27	t1216	0	2	4	0	0	3	0	0	1	0	2	0	9	0	0	0	0	3	0	3
1216	g27	t1217	3	0	1	2	0	3	1	0	3	0	0	0	0	0	0	0	2	0	1	2
1217	g27	t1218	0	0	1	3	0	0	1	0	0	0	0	0	2	6	5	1	0	2	6	0
1218	g28	t1219	4	1	0	2	4	1	3	0	0	0	0	1	0	3	3	3	0	1	0	8
1219	g28	t1220	0	1	0	0	0	5	0	0	0	3	0	0	0	2	0	0	0	3	2	3
1220	g28	t1221	0	0	3	3	0	0	0	0	6	0	0	2	3	2	0	4	0	0	2	3
1221	g28	t1222	0	0	0	0	4	0	4	5	0	2	2	2	0	1	2	0	4	0	2	5
1222	g28	t1223	2	3	2	0	0	3	0	4	0	0	5	1	0	4	3	1	6	3	0	0
1223	g28	t1224	0	5	0	1	0	2	0	0	6	0	2	3	0	0	0	1	0	0	0	6
1224	g28	t1225	0	1	3	0	3	3	4	0	0	0	1	0	0	0	6	0	6	0	4	0
1225	g28	t1226	2	5	0	0	0	0	0	0	0	3	0	0	1	0	0	0	0	4	0	0
1226	g28	t1227	0	0	0	2	2	0	0	2	6	0	3	0	0	0	1	3	0	1	2	6
1227	g29	t1228	3	3	0	0	0	0	4	2	0	0	0	0	0	5	5	0	0	3	1	2
1228	g29	t1229	0	2	0	5	4	0	0	0	0	4	0	5	4	0	2	0	6	0	0	0
1229	g29	t1230	0	0	0	3	0	9	1	6	0	1	0	6	4	3	0	5	0	0	2	1
1230	g29	t1231	0	3	0	0	3	3	2	0	0	4	0	0	2	3	1	2	2	0	2	2
1231	g29	t1232	5	0	0	4	4	0	0	2	3	5	0	2	5	0	6	0	0	0	5	0
1232	g29	t1233	1	0	0	0	3	3	0	5	0	0	3	3	2	3	2	0	0	0	0	2
1233	g29	t1234	0	3	1	6	0	0	0	0	1	3	0	5	0	6	0	0	0	0	3	0
1234	g29	t1235	4	0	0	6	0	8	0	3	3	4	0	0	2	4	0	3	5	0	1	0
1235	g29	t1236	0	1	4	0	0	3	0	0	3	0	4	4	3	0	0	0	1	0	2	0
1236	g29	t1237	2	1	0	0	2	0	0	1	2	3	4	0	4	0	3	0	7	2	0	0
1237	g29	t1238	0	2	0	0	5	2	4	0	2	1	0	4	5	0	2	0	0	4	0	2
1238	g29	t1239	2	0	0	0	2	0	0	0	0	0	2	3	2	3	2	0	0	0	0	0
1239	g29	t1240	2	2	2	1	0	2	0	0	0	0	0	0	0	2	0	5	2	4	2	0
1240	g29	t1241	6	0	3	0	2	0	0	2	3	0	3	4	0	0	4	2	0	0	0	0
1241	g29	t1242	4	0	0	3	2	0	0	0	0	0	3	4	3	2	4	4	2	4	2	0
1242	g29	t1243	0	0	0	4	5	1	1	2	3	3	0	3	0	0	3	1	0	6	0	2
1243	g29	t1244	0	0	0	2	0	3	0	0	0	4	0	2	0	0	2	0	2	3	6	0
1244	g3	t1245	7	2	2	3	0	1	6	2	0	2	3	0	0	0	4	0	0	0	4	0
1245	g3	t1246	6	0	0	2	4	4	2	0	2	3	0	0	0	0	0	0	5	2	0	6
1246	g3	t1247	3	3	0	0	0	0	4	0	0	1	0	9	3	4	0	0	0	0	2	5
1247	g3	t1248	4	4	3	0	3	2	2	0	0	0	4	0	0	0	4	0	0	2	0	0
1248	g3	t1249	4	5	3	3	0	0	0	3	4	0	0	4	0	3	0	5	0	3	0	0
1249	g3	t1250	0	0	0	3	3	0	4	0	0	1	2	0	0	0	0	4	0	0	6	0
1250	g3	t1251	5	3	1	4	3	0	0	0	0	5	0	0	4	2	5	2	0	0	0	2
1251	g3	t1252	0	0	0	2	0	1	0	0	0	1	0	0	0	0	0	4	5	0	0	1
1252	g3	t1253	0	6	3	0	0	0	2	4	0	4	0	0	3	0	3	0	0	0	0	2
1253	g3	t1254	3	4	4	2	0	3	0	0	3	0	0	0	0	0	0	3	2	4	0	4
1254	g3	t1255	0	0	0	0	6	4	0	3	0	1	4	2	1	0	0	3	0	0	0	1
1255	g30	t1256	0	0	0	0	4	0	0	9	7	0	0	0	2	0	2	4	0	1	0	0
1256	g30	t1257	5	5	2	0	0	0	1	0	3	2	0	4	6	0	0	4	0	0	0	2
1257	g30	t1258	3	1	1	0	0	0	1	0	2	0	4	0	3	1	3	0	0	0	0	3
1258	g30	t1259	1	0	0	3	0	4	2	4	0	3	0	1	0	0	5	4	0	2	0	4
1259	g30	t1260	2	1	0	0	2	2	0	1	0	0	0	0	0	0	0	2	0	0	4	2
1260	g30	t1261	0	0	0	5	0	0	3	4	0	0	0	3	0	2	0	0	2	3	0	3
1261	g31	t1262	0	2	0	0	0	0	0	0	1	0	0	0	6	0	4	0	0	0	0	3
1262	g31	t1263	0	3	0	0	0	0	0	5	5	0	4	3	4	3	2	0	3	0	0	3
1263	g31	t1264	0	2	0	5	0	5	3	1	0	2	5	4	4	0	2	3	0	0	3	0
1264	g31	t1265	0	3	0	1	0	0	3	0	0	0	0	0	4	0	2	1	5	5	0	0
1265	g32	t1266	4	0	0	0	0	0	0	6	2	2	1	6	0	0	6	1	2	2	7	0
1266	g32	t1267	1	0	2	0	4	4	3	1	0	0	0	5	5	2	1	0	2	0	1	0
1267	g32	t1268	5	0	3	0	0	0	0	1	0	2	0	0	2	2	0	1	0	7	6	4
1268	g32	t1269	3	5	0	0	2	0	0	3	1	6	1	0	6	0	2	0	0	3	0	0
1269	g32	t1270	2	5	4	0	2	2	0	0	4	0	0	0	0	0	0	0	0	2	2	0
1270	g32	t1271	0	0	0	0	0	0	1	0	0	3	1	5	0	3	0	1	0	0	3	7
1271	g32	t1272	1	3	3	0	0	0	0	0	0	0	2	4	0	0	0	1	0	4	2	0
1272	g32	t1273	0	4	0	2	0	0	0	0	0	1	1	0	0	3	0	1	2	2	2	3
1273	g32	t1274	3	0	0	0	2	0	0	2	0	0	0	1	2	6	0	0	0	4	0	2
1274	g32	t1275	0	0	0	0	4	2	0	0	4	0	4	0	0	1	2	1	3	0	1	0
1275	g32	t1276	3	0	1	1	0	2	2	0	0	0	0	0	3	0	2	5	4	0	0	4
1276	g32	t1277	2	0	3	0	0	0	4	3	0	0	2	0	1	2	2	0	2	8	0	0
1277	g32	t1278	2	5	4	5	0	1	0	0	0	6	4	0	3	2	0	1	2	1	2	0
1278	g33	t1279	4	0	0	1	5	0	3	2	3	2	0	4	0	0	0	2	0	0	0	1
1279	g33	t1280	0	1	0	2	0	0	4	0	4	0	2	1	0	6	2	2	1	1	6	0
1280	g33	t1281	2	0	2	4	6	0	3	5	0	0	0	0	0	0	4	2	3	0	0	1
1281	g33	t1282	6	0	3	4	3	0	0	0	0	6	0	2	7	0	4	0	2	0	0	3
1282	g33	t1283	3	0	0	0	2	1	3	3	0	0	0	0	0	4	9	0	0	3	0	2
1283	g33	t1284	0	1	5	0	0	3	0	5	0	5	0	2	0	0	0	4	0	0	1	6
1284	g33	t1285	1	4	0	3	1	1	0	0	0	2	0	0	0	2	0	4	0	0	0	3
1285	g33	t1286	0	6	5	3	3	0	0	3	1	4	0	0	3	1	1	3	0	0	0	4
1286	g33	t1287	2	0	4	0	0	0	0	0	0	0	1	4	2	1	0	4	4	4	0	0
1287	g33	t1288	2	4	0	0	0	0	2	3	0	0	0	2	2	0	0	2	5	0	5	3
1288	g33	t1289	0	2	2	4	2	0	0	0	0	0	0	4	4	0	3	3	2	0	2	0
1289	g33	t1290	0	0	0	3	0	3	0	2	2	0	0	0	2	0	0	0	0	2	3	0
1290	g33	t1291	1	0	0	0	0	0	3	3	0	0	5	3	0	0	0	0	0	0	3	2
1291	g33	t1292	0	0	5	5	0	3	3	0	0	1	3	2	2	0	0	0	0	0	0	0
1292	g33	t1293	3	3	0	0	1	1	0	3	0	0	3	0	0	3	0	0	0	0	3	0
1293	g34	t1294	0	0	3	3	2	0	5	1	0	0	5	0	0	3	0	0	5	2	0	0
1294	g34	t1295	0	2	0	0	1	0	0	0	0	3	1	5	0	0	1	0	0	2	6	0
1295	g34	t1296	4	0	2	7	0	5	3	4	0	2	0	0	0	4	2	2	0	0	0	0
1296	g34	t1297	1	3	0	2	7	2	2	2	0	0	0	0	0	0	0	4	0	0	0	0
1297	g34	t1298	1	0	3	0	3	0	1	0	3	2	0	0	0	0	3	0	2	3	3	0
1298	g34	t1299	4	0	3	0	0	0	3	0	3	0	4	5	0	0	0	0	1	0	0	0
1299	g35	t1300	0	0	0	4	3	0	8	4	3	0	3	0	3	5	0	1	2	4	0	0
1300	g35	t1301	2	0	0	0	0	2	3	3	0	0	0	0	1	0	0	1	0	4	0	0
1301	g35	t1302	3	0	0	0	0	0	0	2	1	2	3	4	0	0	0	0	3	3	0	0
1302	g35	t1303	5	2	0	0	0	0	0	3	0	0	2	0	5	0	1	2	0	0	3	4
1303	g35	t1304	0	5	0	8	0	0	2	0	0	0	0	0	2	6	3	3	6	1	0	0
1304	g35	t1305	0	5	6	4	0	0	0	0	0	0	0	0	1	4	0	2	2	0	1	0
1305	g35	t1306	0	0	0	6	2	5	6	6	0	4	0	0	0	2	3	9	5	0	0	1
1306	g35	t1307	3	1	0	0	0	0	0	0	0	2	0	0	1	4	1	0	0	0	0	0
1307	g35	t1308	0	0	0	1	0	0	3	3	0	0	0	0	0	1	5	3	3	1	0	0
1308	g35	t1309	0	2	0	0	0	1	0	0	4	3	0	2	0	0	0	5	5	1	0	0
1309	g36	t1310	2	0	0	0	3	0	0	4	0	4	0	4	1	0	0	0	1	6	0	1
1310	g36	t1311	0	2	3	0	8	4	0	4	2	3	3	3	2	4	0	0	2	2	2	0
1311	g36	t1312	4	3	4	5	0	5	3	0	1	0	5	0	0	0	5	2	0	0	0	0
1312	g36	t1313	0	0	1	4	0	0	0	3	0	2	0	4	1	0	0	0	0	0	2	3
1313	g36	t1314	0	0	0	0	0	2	0	3	2	0	0	0	0	0	7	0	0	0	0	0
1314	g36	t1315	0	0	0	0	0	0	3	1	4	0	0	0	1	0	5	0	0	0	0	3
1315	g36	t1316	0	3	5	0	4	2	0	0	0	1	0	4	0	0	5	0	0	0	0	0
1316	g37	t1317	0	3	0	3	3	0	0	0	1	3	0	0	2	7	2	3	5	2	0	0
1317	g37	t1318	2	0	2	0	2	0	3	0	0	0	1	0	0	0	5	4	0	3	0	1
1318	g37	t1319	0	0	6	2	4	5	0	0	5	0	3	0	0	3	4	7	3	0	0	0
1319	g37	t1320	4	0	4	4	1	1	5	0	3	0	1	0	3	2	1	4	0	0	0	0
1320	g37	t1321	0	0	0	0	3	3	0	0	1	6	0	2	0	0	2	3	0	3	0	2
1321	g37	t1322	3	0	3	0	0	3	0	0	0	1	4	0	3	5	0	1	2	0	3	0
1322	g37	t1323	3	4	3	0	4	3	2	1	0	3	1	3	0	0	0	0	0	0	2	0
1323	g37	t1324	5	5	0	0	2	0	0	0	0	2	0	3	3	0	4	4	0	1	3	2
1324	g37	t1325	0	0	0	3	1	0	0	0	0	4	0	5	5	0	0	0	4	6	2	4
1325	g37	t1326	0	0	0	0	0	0	5	2	0	0	0	4	0	4	0	2	0	0	0	2
1326	g37	t1327	4	0	0	2	0	3	2	5	0	3	6	3	0	0	0	0	0	0	7	1
1327	g37	t1328	2	2	0	2	0	0	0	5	2	0	0	0	7	0	3	4	0	2	1	1
1328	g37	t1329	0	0	0	6	0	1	0	0	1	0	2	4	7	0	3	0	0	0	5	2
1329	g37	t1330	0	0	3	0	5	0	0	0	0	0	0	0	0	0	5	0	3	1	0	0
1330	g38	t1331	0	1	2	0	0	2	0	1	4	0	0	0	0	4	4	0	3	3	7	0
1331	g38	t1332	0	0	1	1	0	3	0	0	0	0	0	0	0	0	1	2	2	0	0	0
1332	g38	t1333	6	1	0	3	0	4	0	4	4	0	2	3	0	2	0	3	0	0	0	0
1333	g38	t1334	0	0	0	0	1	3	2	0	0	0	5	6	0	0	3	3	0	0	0	4
1334	g38	t1335	0	3	2	2	0	0	0	0	0	2	3	0	2	2	0	1	0	0	0	2
1335	g38	t1336	3	2	2	0	0	0	2	0	0	2	0	2	0	0	3	0	1	0	0	2
1336	g38	t1337	3	4	2	0	0	3	4	0	0	0	0	0	0	1	0	0	2	0	2	3
1337	g38	t1338	8	0	0	0	0	0	0	0	0	0	0	0	0	3	0	0	2	0	2	0
1338	g38	t1339	0	0	8	0	0	5	0	2	2	0	6	0	6	0	0	2	0	0	3	6
1339	g38	t1340	4	2	4	0	5	4	0	0	1	0	2	0	0	1	0	0	0	0	6	2
1340	g38	t1341	3	7	0	0	1	2	2	1	0	0	0	0	4	4	0	0	0	0	3	2
1341	g39	t1342	5	1	3	0	2	0	0	0	4	1	0	4	0	0	0	2	0	3	0	3
1342	g39	t1343	3	2	5	0	0	0	0	3	0	0	0	2	4	3	0	0	5	0	0	5
1343	g39	t1344	0	0	0	0	0	0	0	6	4	2	0	0	0	0	0	0	6	0	0	0
1344	g39	t1345	0	0	3	3	0	0	2	0	9	0	0	0	0	0	3	0	0	3	0	0
1345	g39	t1346	0	0	0	0	5	0	0	0	0	3	0	0	1	1	5	2	2	0	4	0
1346	g39	t1347	3	0	2	0	0	0	2	0	2	0	3	0	5	3	0	0	0	4	0	0
1347	g4	t1348	1	0	0	3	4	0	1	3	0	0	0	4	0	1	4	2	1	6	0	0
1348	g4	t1349	3	0	0	0	0	3	3	0	0	0	0	0	0	0	0	4	5	3	0	4
1349	g4	t1350	0	2	2	4	4	3	1	0	0	0	0	3	0	0	0	4	5	0	0	0
1350	g4	t1351	5	0	3	3	0	0	0	3	0	1	3	6	5	0	0	0	0	0	0	4
1351	g4	t1352	0	0	0	4	1	0	2	2	0	0	0	0	3	0	4	0	2	7	3	0
1352	g4	t1353	3	0	0	4	4	0	5	0	0	3	0	0	1	3	0	0	4	0	0	0
1353	g4	t1354	0	0	0	4	1	0	0	0	0	0	2	4	0	0	0	0	2	0	2	0
1354	g4	t1355	0	6	3	2	0	2	5	1	0	0	0	0	5	0	4	2	2	0	0	0
1355	g4	t1356	0	3	0	3	0	3	1	0	6	3	6	0	0	2	2	0	5	0	1	0
1356	g4	t1357	0	4	0	2	3	4	0	2	3	3	0	0	0	0	0	0	2	0	0	0
1357	g4	t1358	2	0	0	0	0	2	5	1	0	2	3	5	4	2	0	0	2	1	0	0
1358	g4	t1359	5	3	4	0	2	0	8	0	0	0	4	4	3	6	0	0	0	2	2	3
1359	g4	t1360	4	0	0	9	0	0	6	0	0	2	6	4	3	0	0	0	0	0	4	2
1360	g4	t1361	0	8	3	4	0	1	2	2	0	6	3	0	0	0	1	0	0	0	4	6
1361	g4	t1362	6	0	0	1	0	2	2	4	3	5	2	0	2	4	3	3	5	6	3	0
1362	g4	t1363	3	0	4	4	3	3	0	0	3	2	2	4	1	0	3	0	5	2	0	0
1363	g4	t1364	0	0	0	0	0	5	5	0	2	5	3	0	0	0	0	0	0	0	2	1
1364	g4	t1365	0	0	4	1	0	0	0	0	1	0	0	0	0	0	5	0	0	4	5	3
1365	g40	t1366	7	2	5	6	0	2	0	1	0	0	2	0	6	0	1	4	0	2	6	0
1366	g40	t1367	2	0	3	3	5	0	2	0	1	0	4	0	0	0	0	0	0	2	1	0
1367	g40	t1368	7	1	2	2	0	0	1	3	5	0	0	2	0	2	0	7	0	0	0	2
1368	g40	t1369	0	0	0	0	0	0	0	0	4	3	3	0	0	0	2	6	4	4	0	1
1369	g40	t1370	0	0	2	0	0	4	0	0	2	5	0	0	1	0	0	4	0	3	0	0
1370	g40	t1371	0	6	0	0	0	0	0	0	3	0	6	2	3	4	0	7	0	0	0	0
1371	g40	t1372	5	0	1	5	0	0	6	0	0	2	1	2	3	0	0	4	0	3	2	4
1372	g40	t1373	0	0	0	0	6	3	2	2	0	0	4	0	4	0	0	4	0	0	0	0
1373	g41	t1374	4	0	1	6	0	0	0	6	0	3	0	2	5	5	0	0	5	4	0	7
1374	g41	t1375	2	4	0	0	0	1	0	0	0	0	0	2	0	3	0	0	0	0	0	0
1375	g41	t1376	0	5	3	0	1	2	2	0	0	0	9	4	0	4	0	0	3	0	0	0
1376	g41	t1377	4	0	0	3	3	0	0	0	4	3	0	2	3	2	4	0	0	0	3	4
1377	g41	t1378	0	3	1	4	0	2	0	0	0	3	2	3	0	2	3	0	0	0	0	0
1378	g41	t1379	2	0	3	4	0	2	3	0	5	2	1	0	0	4	1	2	4	5	0	5
1379	g41	t1380	2	0	0	3	7	0	0	3	0	3	0	0	4	0	0	0	0	5	0	4
1380	g41	t1381	0	0	0	0	0	5	0	0	0	0	4	6	6	1	3	6	0	5	9	5
1381	g41	t1382	0	0	0	0	0	1	0	2	0	2	0	1	0	0	4	0	1	4	0	0
1382	g41	t1383	0	2	1	3	7	2	3	1	0	0	6	0	3	4	0	7	0	2	0	5
1383	g41	t1384	0	0	1	0	2	0	0	5	0	1	5	3	0	1	0	5	0	0	0	0
1384	g42	t1385	1	7	8	0	4	0	6	0	1	4	1	0	3	0	0	0	0	3	0	4
1385	g42	t1386	2	0	0	0	0	0	0	0	0	0	6	7	0	0	0	0	3	3	0	0
1386	g42	t1387	0	3	0	5	3	1	4	0	0	2	4	1	0	0	5	2	2	4	1	1
1387	g42	t1388	0	4	0	0	4	0	5	0	0	1	0	1	3	4	4	5	4	0	0	0
1388	g42	t1389	0	1	3	1	0	2	0	0	0	4	2	0	6	0	5	0	0	5	0	4
1389	g42	t1390	0	3	3	0	2	4	0	0	0	0	1	0	0	2	4	0	4	5	0	4
1390	g42	t1391	3	0	0	6	0	0	0	0	1	2	0	0	3	3	0	2	4	0	3	0
1391	g42	t1392	0	1	4	0	2	0	3	4	0	5	0	3	0	0	4	0	0	0	0	0
1392	g43	t1393	0	0	4	5	0	2	0	0	2	0	2	3	2	0	0	3	5	3	0	2
1393	g43	t1394	0	0	7	0	2	0	4	0	2	4	0	0	2	2	2	4	0	0	0	2
1394	g43	t1395	0	1	0	0	0	0	5	0	6	0	0	3	0	0	2	2	1	1	0	2
1395	g43	t1396	0	0	2	0	5	0	4	0	0	0	5	4	0	2	0	1	6	0	4	0
1396	g43	t1397	0	0	3	5	3	0	0	4	4	5	0	4	0	1	4	0	6	0	0	0
1397	g43	t1398	3	2	0	0	0	1	0	0	0	0	0	0	0	0	0	0	0	4	6	3
1398	g43	t1399	0	0	4	0	0	1	0	0	3	4	4	0	4	0	0	0	3	5	0	2
1399	g43	t1400	0	6	0	2	0	4	3	3	1	3	0	6	3	3	0	0	3	4	8	4
1400	g43	t1401	1	0	0	5	2	4	1	0	0	1	0	0	0	0	0	3	0	0	3	1
1401	g43	t1402	5	2	0	0	3	0	4	0	5	1	5	6	0	3	3	2	0	7	0	0
1402	g44	t1403	3	0	5	0	0	0	2	0	4	3	4	0	0	3	0	0	5	0	3	0
1403	g44	t1404	2	4	0	0	2	0	0	4	0	0	0	0	0	1	0	0	4	6	0	0
1404	g44	t1405	3	0	5	3	0	0	2	0	2	0	6	2	0	0	0	0	0	3	0	0
1405	g44	t1406	0	2	2	0	0	0	0	0	0	2	0	0	0	0	0	0	4	0	3	5
1406	g44	t1407	0	1	2	0	3	0	0	3	0	4	6	0	0	0	0	0	0	5	0	0
1407	g44	t1408	0	0	10	2	3	4	4	0	0	0	0	0	5	0	0	0	0	0	0	4
1408	g44	t1409	1	0	6	0	1	0	5	0	2	0	7	6	3	0	0	2	0	0	0	1
1409	g45	t1410	3	0	0	3	4	2	0	0	5	0	0	8	5	4	0	5	4	3	1	0
1410	g45	t1411	2	0	0	1	4	5	0	0	4	2	1	2	5	2	0	0	5	0	0	5
1411	g45	t1412	2	3	0	1	0	2	0	0	0	0	1	0	0	2	0	2	0	4	8	0
1412	g45	t1413	0	0	0	2	0	1	3	0	3	0	4	1	0	0	2	0	2	0	0	1
1413	g45	t1414	0	0	0	6	0	1	1	0	0	2	0	6	0	0	2	2	0	0	2	6
1414	g45	t1415	3	0	0	3	0	0	0	10	4	0	0	0	0	1	0	1	4	0	0	0
1415	g45	t1416	7	5	3	3	1	0	4	4	4	0	2	4	0	2	0	2	0	4	3	4
1416	g46	t1417	5	1	2	3	2	0	6	2	0	0	2	3	2	0	0	0	4	0	5	2
1417	g46	t1418	0	0	0	4	1	6	6	6	0	0	1	0	0	1	0	0	0	0	4	0
1418	g46	t1419	6	3	1	6	3	1	3	4	0	1	3	0	7	5	0	2	3	0	2	1
1419	g46	t1420	3	0	0	0	1	0	4	0	0	0	0	3	0	2	0	0	0	0	0	0
1420	g46	t1421	0	2	0	0	0	0	0	0	0	0	0	2	2	0	0	0	0	3	0	1
1421	g46	t1422	4	1	3	0	0	0	2	0	0	0	5	0	0	2	4	2	0	7	6	0
1422	g46	t1423	0	0	0	4	3	0	3	0	4	0	0	5	2	6	3	0	0	3	0	0
1423	g46	t1424	1	3	5	2	4	1	0	2	4	2	0	0	1	3	0	4	3	3	1	7
1424	g46	t1425	0	0	3	0	4	0	0	3	4	0	3	2	0	3	0	0	0	0	2	0
1425	g46	t1426	2	0	0	0	0	4	4	0	0	3	0	3	5	0	2	0	0	2	0	4
1426	g46	t1427	0	0	0	0	0	0	2	0	1	0	0	0	0	0	0	1	0	1	0	0
1427	g46	t1428	1	0	0	0	2	2	5	0	0	0	6	3	4	0	0	0	1	3	0	0
1428	g46	t1429	1	2	5	0	0	0	3	0	2	0	3	4	0	0	0	1	1	0	0	1
1429	g47	t1430	0	2	0	4	0	0	4	3	0	0	2	0	3	0	0	3	0	0	0	5
1430	g47	t1431	0	5	5	0	0	2	0	0	4	2	0	0	2	4	5	0	0	3	0	0
1431	g47	t1432	0	1	0	0	0	2	0	0	4	5	5	6	0	2	5	5	1	2	1	0
1432	g47	t1433	0	3	0	6	0	0	4	0	0	0	0	3	0	0	0	0	0	0	0	3
1433	g47	t1434	0	0	0	0	5	5	3	3	0	7	5	0	3	0	6	0	0	3	5	0
1434	g47	t1435	0	5	3	4	1	5	5	3	8	7	2	0	4	4	0	0	3	0	0	5
1435	g47	t1436	1	0	3	0	5	2	4	3	4	2	2	0	4	1	0	0	3	4	3	4
1436	g47	t1437	4	3	0	6	4	0	0	0	0	3	0	6	1	0	5	4	3	3	0	0
1437	g47	t1438	0	0	1	0	4	3	3	1	3	0	0	0	4	0	2	6	0	0	2	0
1438	g47	t1439	0	4	2	1	6	8	1	0	0	0	0	0	2	0	5	0	2	0	0	3
1439	g47	t1440	2	2	0	3	0	2	0	1	0	0	0	4	3	0	0	4	3	0	4	1
1440	g47	t1441	1	0	0	5	3	0	0	0	0	0	1	0	0	0	0	0	3	0	3	6
1441	g48	t1442	1	1	0	3	0	0	2	3	3	4	2	0	4	0	1	0	3	0	0	3
1442	g48	t1443	5	1	0	6	2	0	0	0	3	0	5	4	5	2	4	3	0	0	1	4
1443	g48	t1444	0	0	3	0	0	5	0	0	3	3	2	2	0	0	2	1	0	3	2	2
1444	g48	t1445	0	3	0	1	2	4	0	1	3	6	6	3	0	1	2	5	0	0	0	0
1445	g48	t1446	0	3	0	3	0	0	1	0	0	0	0	4	0	0	3	0	0	0	8	0
1446	g48	t1447	2	0	0	3	3	0	4	0	5	5	0	1	0	3	3	6	0	0	3	2
1447	g48	t1448	0	0	0	0	0	0	0	5	2	0	0	0	1	2	0	0	0	1	0	5
1448	g48	t1449	0	0	3	0	0	0	0	3	5	0	0	0	4	3	2	3	0	0	3	0
1449	g48	t1450	0	0	0	0	1	0	0	0	0	0	0	3	3	0	5	3	2	0	0	0
1450	g48	t1451	4	0	5	0	7	0	0	4	3	0	3	0	3	5	5	5	0	1	0	0
1451	g48	t1452	0	1	2	5	1	4	5	0	0	3	0	0	0	0	4	0	0	0	2	2
1452	g48	t1453	3	0	0	3	2	0	0	1	1	1	0	0	2	4	0	0	0	1	0	0
1453	g48	t1454	4	0	0	0	3	5	0	2	0	4	5	0	0	4	0	0	4	0	0	3
1454	g48	t1455	3	2	0	0	7	0	0	0	1	4	0	0	0	0	0	0	0	0	0	4
1455	g49	t1456	0	0	5	3	0	3	3	5	2	0	7	0	0	0	0	0	1	0	6	2
1456	g49	t1457	0	0	0	0	4	0	0	5	1	1	0	4	7	2	3	3	0	6	0	2
1457	g49	t1458	0	0	0	0	0	0	0	4	0	2	0	3	3	0	0	4	2	2	0	0
1458	g49	t1459	2	2	0	0	2	5	0	0	0	0	4	4	0	0	0	1	0	0	0	7
1459	g49	t1460	0	7	4	0	3	3	0	0	4	0	0	0	0	0	0	0	2	2	0	0
1460	g49	t1461	4	0	5	0	0	0	0	0	2	0	3	0	0	1	0	7	0	0	0	8
1461	g49	t1462	0	6	0	1	0	0	4	0	5	2	0	0	0	0	0	0	0	0	0	0
1462	g49	t1463	0	4	0	4	4	0	0	2	0	0	1	3	3	8	6	1	0	1	0	0
1463	g5	t1464	0	0	2	0	2	2	0	4	3	0	2	0	0	0	2	0	0	3	3	0
1464	g5	t1465	0	2	1	0	0	6	1	0	0	1	4	4	2	0	0	2	0	0	0	4
1465	g5	t1466	0	0	4	0	0	0	8	0	0	9	2	0	3	2	0	0	0	3	0	2
1466	g5	t1467	3	3	3	0	0	0	0	0	0	0	0	0	1	0	4	7	0	0	2	0
1467	g5	t1468	5	0	4	7	0	0	3	3	4	0	0	3	1	5	0	4	0	3	2	4
1468	g5	t1469	1	0	3	2	0	0	0	2	0	3	2	0	0	0	3	0	1	3	7	4
1469	g5	t1470	3	0	2	0	2	0	0	1	0	0	0	0	3	0	2	3	2	3	0	0
1470	g5	t1471	0	0	0	0	0	0	3	0	0	0	0	0	7	0	0	0	3	6	0	1
1471	g5	t1472	3	6	3	2	0	0	1	2	1	2	0	0	0	0	0	0	0	0	1	0
1472	g5	t1473	3	0	0	4	0	0	0	2	2	0	1	0	3	0	3	0	3	0	0	2
1473	g50	t1474	2	0	6	0	0	0	0	7	4	0	4	0	4	0	0	5	0	0	1	0
1474	g50	t1475	6	0	0	0	6	0	0	4	2	0	6	0	0	6	4	2	0	2	0	2
1475	g50	t1476	6	0	2	0	0	0	2	0	0	2	2	0	0	2	2	3	0	0	4	0
1476	g50	t1477	1	0	2	4	1	0	0	1	2	0	0	0	3	5	0	0	6	4	0	0
1477	g50	t1478	3	0	1	4	0	0	2	3	5	4	3	4	2	2	1	8	0	4	0	0
1478	g50	t1479	0	0	0	3	0	5	4	0	7	0	3	1	2	0	0	8	0	9	5	0
1479	g50	t1480	0	0	0	3	0	0	0	0	0	0	0	2	5	5	0	0	0	10	0	3
1480	g50	t1481	0	3	2	0	0	0	0	2	0	3	1	0	5	0	2	1	0	0	3	1
1481	g50	t1482	0	6	0	0	1	0	0	1	4	0	3	0	0	2	0	7	0	2	0	0
1482	g50	t1483	0	2	2	0	0	0	2	3	0	0	0	3	0	0	3	1	0	1	1	0
1483	g50	t1484	0	6	0	4	0	0	5	0	5	2	0	2	4	0	0	0	3	3	0	0
1484	g50	t1485	2	2	8	2	1	0	0	0	3	1	0	0	3	0	0	4	0	4	0	3
1485	g51	t1486	5	2	0	0	0	2	0	0	3	3	0	3	0	2	1	4	2	4	0	4
1486	g51	t1487	2	5	1	3	0	0	0	0	1	1	0	0	1	6	4	5	0	3	1	0
1487	g51	t1488	1	0	0	0	0	2	0	0	0	2	0	0	2	2	0	0	0	2	0	5
1488	g51	t1489	0	3	4	5	7	0	0	2	0	3	0	0	5	0	3	0	0	3	2	0
1489	g51	t1490	1	0	5	1	3	0	0	1	0	0	0	0	0	3	1	0	0	0	0	3
1490	g51	t1491	3	4	4	3	0	6	3	0	0	3	0	5	0	2	0	3	0	3	2	0
1491	g51	t1492	2	0	2	0	3	2	0	4	4	2	0	0	2	7	3	4	0	0	1	3
1492	g51	t1493	0	4	4	0	0	5	7	5	0	2	0	3	0	0	0	0	0	4	0	4
1493	g51	t1494	3	0	0	0	0	1	0	0	4	0	2	6	0	3	6	0	0	0	0	0
1494	g52	t1495	0	0	0	3	0	2	0	3	0	2	0	0	2	1	0	0	0	0	0	0
1495	g52	t1496	2	0	0	4	5	0	0	3	0	3	2	0	3	2	2	0	0	2	0	0
1496	g52	t1497	3	0	6	1	0	0	0	0	1	0	6	0	2	5	7	2	0	0	5	2
1497	g52	t1498	0	0	4	4	0	0	0	0	0	4	0	1	0	6	0	0	0	0	4	3
1498	g52	t1499	0	5	0	0	0	0	3	0	3	0	2	5	0	0	0	0	4	4	3	2
1499	g52	t1500	0	5	0	3	0	0	0	2	3	0	0	0	3	0	2	1	0	0	0	1
1500	g52	t1501	0	3	3	0	0	1	1	5	4	3	4	0	2	0	0	0	2	5	0	0
1501	g52	t1502	0	4	0	4	0	0	4	2	0	0	0	3	0	1	1	0	0	2	3	0
1502	g52	t1503	3	2	0	2	8	6	3	0	0	4	0	0	2	2	0	0	0	1	2	4
1503	g52	t1504	0	0	0	0	5	0	0	2	5	0	0	2	5	0	6	2	0	0	2	0
1504	g53	t1505	0	0	0	0	0	0	1	0	0	0	5	0	0	1	0	1	0	4	0	0
1505	g53	t1506	0	0	4	3	1	5	0	0	0	5	0	0	0	4	0	0	6	3	5	5
1506	g53	t1507	4	3	0	2	0	0	0	0	0	2	0	6	2	0	0	2	8	3	2	0
1507	g53	t1508	0	2	1	5	5	6	5	0	2	1	3	0	0	5	0	4	4	0	0	0
1508	g53	t1509	0	0	0	0	0	6	2	0	0	0	0	4	0	3	3	0	0	2	1	1
1509	g53	t1510	3	1	5	3	0	4	0	1	0	2	1	4	0	3	2	0	0	0	0	2
1510	g53	t1511	0	2	0	2	0	2	3	0	1	0	6	1	6	4	0	0	3	1	1	0
1511	g53	t1512	0	0	0	0	0	0	0	1	0	3	0	4	1	2	2	4	5	3	0	3
1512	g53	t1513	0	2	0	1	3	3	0	1	0	4	1	2	4	0	0	0	4	4	1	4
1513	g53	t1514	0	0	0	0	2	1	2	0	0	3	0	0	0	0	2	7	0	4	0	0
1514	g53	t1515	1	2	2	0	3	0	1	4	0	4	3	0	2	0	2	2	0	0	0	0
1515	g53	t1516	0	3	0	0	3	0	4	0	1	3	0	3	0	4	0	5	0	0	0	1
1516	g53	t1517	0	3	4	4	0	0	4	0	0	4	0	1	0	2	0	0	0	0	4	2
1517	g54	t1518	0	4	0	1	0	0	0	1	0	1	2	0	4	4	3	0	1	0	0	2
1518	g54	t1519	4	3	0	1	1	3	0	0	2	2	4	2	5	0	0	0	0	3	0	4
1519	g54	t1520	0	2	3	3	2	3	0	1	0	0	0	4	0	6	0	3	0	0	0	0
1520	g54	t1521	4	1	0	0	1	1	2	0	0	4	0	3	0	0	6	5	3	3	0	2
1521	g54	t1522	0	2	0	0	3	4	0	2	1	0	2	6	0	1	0	1	5	0	0	5
1522	g54	t1523	0	1	0	0	0	0	1	3	3	0	2	5	0	3	0	1	0	2	0	0
1523	g54	t1524	0	0	0	0	4	4	0	0	4	3	5	4	0	4	1	0	0	2	2	0
1524	g54	t1525	4	0	0	3	0	0	4	3	3	2	0	0	7	4	0	4	3	4	0	4
1525	g54	t1526	3	0	3	0	0	2	0	2	0	0	3	0	2	3	0	4	5	1	0	0
1526	g54	t1527	5	0	0	0	3	0	0	0	3	2	5	0	5	0	0	0	4	0	2	0
1527	g54	t1528	1	2	0	0	5	6	0	0	0	0	0	0	0	0	0	3	0	0	0	1
1528	g54	t1529	0	0	7	0	0	3	4	0	0	1	5	1	0	1	5	1	0	2	1	0
1529	g54	t1530	0	1	0	5	3	2	0	4	4	4	0	0	3	0	4	4	3	3	0	0
1530	g54	t1531	0	0	4	1	3	2	0	0	0	2	2	5	7	2	0	8	2	2	2	1
1531	g54	t1532	5	8	0	0	5	4	0	3	1	1	0	0	3	0	0	5	2	2	4	0
1532	g54	t1533	0	0	0	4	0	3	0	3	3	0	1	5	0	1	0	0	0	0	6	0
1533	g54	t1534	0	3	0	0	1	4	0	1	2	2	5	0	0	0	0	0	0	0	0	2
1534	g55	t1535	1	0	0	0	4	2	0	0	0	3	5	3	0	0	0	6	1	4	0	3
1535	g55	t1536	0	0	0	0	0	0	0	2	0	5	0	0	4	2	2	5	0	1	0	0
1536	g55	t1537	2	2	2	0	0	0	0	0	6	6	0	0	0	1	0	0	0	0	1	0
1537	g55	t1538	0	8	0	0	3	3	3	1	1	5	0	0	3	0	4	0	2	0	0	3
1538	g55	t1539	4	4	4	0	0	2	0	0	0	2	0	4	3	7	2	0	1	0	1	2
1539	g55	t1540	3	2	0	0	1	0	5	5	0	4	1	0	0	0	2	6	0	3	3	0
1540	g55	t1541	0	0	0	0	0	0	4	1	0	1	2	0	1	2	1	7	0	0	0	3
1541	g56	t1542	2	2	0	0	0	4	1	4	0	3	0	0	3	3	0	5	0	3	0	0
1542	g56	t1543	2	5	0	4	0	5	0	2	0	0	0	0	0	1	2	0	2	2	0	9
1543	g56	t1544	0	2	2	2	0	0	0	2	0	0	3	4	3	2	0	2	3	1	4	0
1544	g56	t1545	2	0	0	0	0	3	4	0	4	4	1	2	2	0	0	1	0	3	0	2
1545	g56	t1546	0	9	0	0	3	1	2	0	0	0	0	0	2	0	3	0	0	0	0	0
1546	g56	t1547	2	4	2	0	0	6	3	2	0	4	2	0	0	1	1	2	0	1	0	0
1547	g56	t1548	0	0	0	0	0	5	1	0	0	7	0	0	0	4	0	0	0	0	0	0
1548	g56	t1549	4	5	0	0	3	2	8	1	0	2	0	4	2	0	4	5	3	2	2	2
1549	g56	t1550	0	4	1	0	2	0	0	3	4	0	0	2	0	7	0	4	6	2	0	3
1550	g56	t1551	4	2	3	0	0	0	0	0	0	0	0	0	0	0	0	3	0	0	4	5
1551	g57	t1552	2	0	4	0	6	2	2	0	3	3	5	0	0	0	0	0	2	1	0	3
1552	g57	t1553	0	0	3	0	2	0	0	0	0	0	0	3	0	4	4	0	0	3	0	4
1553	g57	t1554	2	3	0	0	6	1	4	0	0	3	2	6	2	0	4	0	0	0	3	0
1554	g57	t1555	1	0	0	1	0	0	0	0	0	0	0	3	3	4	6	3	2	0	0	0
1555	g57	t1556	4	2	0	0	0	0	0	0	2	3	0	0	5	0	0	3	0	0	2	5
1556	g57	t1557	1	0	3	0	1	0	5	3	0	2	0	3	2	0	0	0	1	0	0	2
1557	g57	t1558	0	2	0	4	2	0	1	0	0	1	0	0	0	0	0	0	2	0	1	6
1558	g57	t1559	1	0	6	4	0	3	0	0	0	0	3	5	3	0	3	2	0	0	0	0
1559	g57	t1560	0	0	6	0	1	0	4	0	0	0	6	2	0	0	2	0	2	0	0	0
1560	g57	t1561	0	0	2	0	0	5	2	0	0	0	0	6	0	5	0	0	0	8	0	0
1561	g58	t1562	2	3	0	0	2	0	0	0	0	2	0	2	2	0	0	0	0	2	0	0
1562	g58	t1563	2	0	1	0	1	0	0	0	0	5	1	0	4	2	0	0	4	0	0	0
1563	g58	t1564	2	0	1	0	7	0	2	3	0	4	0	2	0	4	0	2	8	3	0	0
1564	g58	t1565	5	2	1	0	1	4	2	0	0	0	0	0	2	0	0	3	1	1	2	1
1565	g58	t1566	0	0	0	5	4	0	0	0	0	7	0	0	0	0	0	1	0	0	0	2
1566	g58	t1567	0	2	2	2	3	3	3	0	2	0	3	0	0	0	0	0	0	0	0	3
1567	g58	t1568	0	1	5	6	0	4	3	2	0	2	2	6	0	0	0	0	4	1	3	1
1568	g58	t1569	0	0	0	1	2	1	2	4	4	0	0	0	4	3	3	1	4	0	7	1
1569	g58	t1570	1	7	4	0	4	5	0	0	2	0	2	0	0	3	0	2	2	0	0	4
1570	g58	t1571	2	4	0	0	6	0	0	5	4	5	0	5	5	0	0	2	0	0	0	3
1571	g58	t1572	4	0	4	0	0	5	0	0	0	0	6	2	3	0	0	4	6	0	0	0
1572	g58	t1573	2	0	0	0	0	0	0	0	0	0	0	0	0	4	0	0	0	6	4	3
1573	g58	t1574	0	0	8	5	0	3	0	0	0	7	6	1	1	0	7	2	6	1	5	0
1574	g58	t1575	6	0	1	0	4	0	2	0	3	1	0	3	0	0	3	0	0	0	0	3
1575	g59	t1576	0	0	0	0	5	3	0	0	2	0	2	3	0	0	3	0	2	4	2	0
1576	g59	t1577	4	4	5	1	3	2	0	0	0	4	0	2	2	0	7	0	5	0	1	0
1577	g59	t1578	2	4	5	0	1	0	0	0	2	0	2	0	4	0	0	3	0	0	0	3
1578	g59	t1579	3	0	3	0	0	0	6	2	0	0	2	0	1	2	0	5	0	0	0	0
1579	g59	t1580	0	4	1	0	5	4	2	0	0	5	6	0	3	0	0	2	3	3	0	0
1580	g59	t1581	0	0	4	0	3	0	0	0	0	0	0	0	0	0	0	0	0	3	2	1
1581	g59	t1582	0	3	3	1	0	3	4	0	3	0	2	0	2	3	2	0	0	0	0	0
1582	g59	t1583	0	0	0	2	2	2	3	5	0	0	0	0	3	3	0	0	5	0	4	2
1583	g6	t1584	3	0	2	4	0	4	0	0	1	1	4	3	2	2	0	0	1	2	2	0
1584	g6	t1585	2	0	3	0	1	0	4	0	4	1	0	3	5	2	4	7	3	1	2	6
1585	g6	t1586	1	0	3	0	0	5	0	0	0	0	0	0	0	1	0	2	0	0	0	0
1586	g6	t1587	0	3	0	0	0	0	0	1	0	5	2	0	3	5	0	1	4	0	0	4
1587	g6	t1588	0	4	2	0	1	0	0	0	3	0	0	0	4	0	0	5	2	4	0	0
1588	g6	t1589	0	1	0	2	0	3	0	4	0	2	4	0	0	0	5	3	4	0	0	2
1589	g6	t1590	0	0	0	0	2	5	1	0	3	5	3	0	0	1	5	6	0	2	0	0
1590	g6	t1591	0	0	0	5	0	3	1	2	4	3	0	0	3	0	0	3	0	0	0	3
1591	g6	t1592	0	4	0	4	4	5	0	2	0	0	0	3	0	0	0	0	4	1	0	1
1592	g60	t1593	6	0	0	3	1	5	0	2	6	0	0	3	4	4	0	0	0	0	0	8
1593	g60	t1594	0	0	0	3	2	2	0	0	3	3	0	0	2	1	0	6	0	0	3	0
1594	g60	t1595	2	0	2	0	0	1	0	1	4	0	1	4	0	0	1	0	4	0	1	0
1595	g60	t1596	2	4	0	6	0	0	0	0	1	0	0	2	3	1	3	2	3	0	0	0
1596	g60	t1597	0	0	2	0	2	2	0	1	0	1	3	0	5	4	0	0	2	0	0	3
1597	g60	t1598	0	1	0	2	2	1	0	5	0	1	0	4	0	0	0	0	0	0	4	4
1598	g60	t1599	0	0	4	0	5	1	0	3	0	0	1	0	0	2	0	8	0	1	3	5
1599	g60	t1600	0	0	1	2	4	4	0	2	0	0	0	0	0	0	0	5	0	3	1	3
1600	g61	t1601	2	0	0	4	0	0	4	0	2	2	0	0	1	2	2	7	4	0	0	0
1601	g61	t1602	0	0	1	0	0	1	1	0	0	1	0	0	0	0	0	1	2	5	2	4
1602	g61	t1603	3	7	0	4	5	3	2	3	0	4	2	0	0	0	3	1	0	0	5	0
1603	g61	t1604	1	0	0	2	1	3	0	0	0	0	5	4	0	5	0	2	2	0	0	5
1604	g61	t1605	4	2	0	0	0	3	0	6	0	0	0	0	1	0	2	1	3	5	0	0
1605	g61	t1606	0	4	4	3	4	4	2	4	0	3	0	1	0	3	0	3	2	0	2	2
1606	g61	t1607	0	2	2	4	3	6	4	0	5	3	3	0	0	0	0	0	0	1	5	0
1607	g61	t1608	0	0	0	5	3	0	0	0	0	3	1	0	0	2	0	0	5	0	6	0
1608	g61	t1609	0	0	2	0	3	0	2	0	0	0	2	2	0	5	0	3	0	2	3	0
1609	g61	t1610	2	4	0	0	0	0	5	0	3	3	0	1	2	0	2	2	1	3	0	0
1610	g62	t1611	1	0	0	5	3	3	7	0	1	0	0	1	0	0	2	4	0	0	0	6
1611	g62	t1612	2	0	0	0	1	0	0	0	0	4	5	0	2	0	1	0	0	3	0	3
1612	g62	t1613	0	6	0	5	0	0	0	0	0	4	0	0	0	2	0	0	4	0	9	0
1613	g62	t1614	3	0	1	5	0	5	0	1	5	0	3	0	0	0	0	2	1	0	0	5
1614	g62	t1615	0	0	0	2	0	4	0	2	0	0	2	4	0	1	5	0	0	0	0	2
1615	g62	t1616	3	0	3	3	4	3	5	2	2	3	0	1	0	4	0	4	0	0	7	0
1616	g62	t1617	4	0	7	0	3	3	3	0	0	2	1	0	1	0	0	0	0	0	4	0
1617	g62	t1618	0	0	0	0	5	0	0	0	3	0	2	2	6	0	4	7	0	1	0	0
1618	g62	t1619	7	0	3	1	0	0	2	4	2	4	0	4	0	2	3	0	4	4	0	3
1619	g63	t1620	0	4	0	3	4	3	6	0	1	0	0	0	0	5	6	3	3	3	0	7
1620	g63	t1621	0	3	0	4	5	0	6	0	3	0	2	2	3	2	1	0	3	0	4	1
1621	g63	t1622	4	0	0	4	0	3	0	0	2	0	0	0	0	1	0	0	0	6	1	4
1622	g63	t1623	0	0	0	0	0	0	0	0	0	2	1	0	5	0	3	1	1	4	0	6
1623	g63	t1624	0	1	0	0	4	0	5	4	2	4	0	5	3	2	0	0	0	0	0	2
1624	g63	t1625	3	0	2	0	0	2	6	0	0	1	5	4	4	0	0	2	0	2	0	2
1625	g63	t1626	3	0	1	1	0	0	3	0	3	0	0	0	2	0	3	5	5	0	3	4
1626	g63	t1627	4	1	2	0	0	0	1	1	0	2	0	1	0	0	1	1	0	0	0	3
1627	g63	t1628	0	1	0	0	0	0	0	7	0	0	2	0	0	0	3	1	0	3	0	3
1628	g63	t1629	0	9	2	0	0	6	5	4	0	2	0	0	0	3	0	0	0	4	0	2
1629	g64	t1630	0	3	0	0	3	0	6	1	5	6	5	1	2	0	0	1	0	5	0	0
1630	g64	t1631	0	0	1	6	0	0	0	0	0	1	6	0	4	0	1	0	1	0	4	0
1631	g64	t1632	6	0	0	0	0	3	6	0	0	4	0	6	3	2	0	0	0	0	4	0
1632	g64	t1633	0	0	0	0	0	5	3	0	0	0	5	0	0	0	4	0	0	2	0	0
1633	g64	t1634	0	0	0	3	0	4	0	0	0	0	3	5	6	0	2	4	3	1	0	2
1634	g64	t1635	0	2	0	0	0	1	0	0	4	0	0	2	0	2	0	2	5	0	2	1
1635	g64	t1636	4	0	5	0	3	0	7	0	0	2	0	0	1	3	0	0	3	0	0	0
1636	g64	t1637	3	5	0	5	5	4	3	0	1	2	0	5	1	2	6	2	4	4	2	2
1637	g65	t1638	5	0	4	4	3	0	0	3	6	0	1	0	2	2	0	0	0	0	7	3
1638	g65	t1639	0	0	9	0	0	0	0	0	2	0	5	0	0	0	0	2	4	5	0	0
1639	g65	t1640	2	0	4	1	3	5	4	0	0	3	2	0	0	0	2	0	0	2	2	0
1640	g65	t1641	2	1	0	0	0	1	0	2	5	1	3	0	3	0	3	2	3	3	0	0
1641	g65	t1642	0	8	0	1	0	0	0	4	2	0	0	0	3	0	2	0	4	0	0	4
1642	g65	t1643	1	0	0	1	0	0	2	0	0	3	2	0	0	0	0	3	0	0	2	0
1643	g65	t1644	4	4	5	0	0	0	0	0	6	0	2	0	5	0	2	5	3	4	0	2
1644	g65	t1645	0	5	2	0	3	0	0	0	4	0	0	4	4	3	2	0	2	0	8	0
1645	g65	t1646	5	4	0	0	5	0	3	0	0	0	2	4	2	0	1	3	0	5	3	3
1646	g65	t1647	0	5	0	0	0	0	0	0	4	0	0	3	4	0	0	0	0	0	0	0
1647	g65	t1648	1	4	4	0	5	0	2	0	0	0	0	2	0	0	3	0	0	0	0	0
1648	g66	t1649	4	0	0	0	0	0	0	5	0	4	0	0	0	0	6	6	0	4	0	0
1649	g66	t1650	0	3	0	0	0	0	5	5	3	3	0	3	2	2	0	4	0	6	0	4
1650	g66	t1651	5	0	2	1	0	3	0	8	4	0	5	3	2	3	0	3	0	0	2	6
1651	g66	t1652	3	0	0	0	2	4	4	0	0	1	0	0	1	2	1	0	3	4	3	3
1652	g66	t1653	0	0	4	1	0	0	0	0	1	5	2	2	3	0	0	6	4	0	0	0
1653	g66	t1654	0	0	0	0	2	0	0	0	0	0	0	0	3	5	3	0	4	8	0	0
1654	g66	t1655	4	0	3	0	5	1	2	3	3	5	0	0	0	0	0	0	5	6	0	0
1655	g66	t1656	2	0	0	2	0	0	0	0	1	0	0	6	3	3	0	0	9	0	0	4
1656	g66	t1657	0	0	0	0	4	4	6	0	3	5	0	5	0	0	0	0	0	0	0	5
1657	g66	t1658	0	0	1	0	0	4	3	0	0	0	0	0	0	2	2	6	0	0	0	0
1658	g67	t1659	0	0	0	0	4	0	1	0	7	4	3	2	0	0	3	0	0	3	0	0
1659	g67	t1660	0	0	0	0	0	4	2	4	0	0	1	0	3	5	0	0	0	2	0	0
1660	g67	t1661	3	2	0	2	3	0	0	0	2	4	3	0	2	1	2	3	0	0	3	0
1661	g67	t1662	0	0	0	3	0	0	6	1	4	0	0	2	0	0	5	0	5	4	5	3
1662	g67	t1663	0	0	0	3	4	0	6	0	4	3	1	2	2	0	0	0	4	2	1	3
1663	g67	t1664	0	3	3	2	5	1	0	3	4	0	0	0	2	3	1	3	0	3	2	2
1664	g67	t1665	0	4	2	1	5	1	0	0	0	5	0	3	0	3	0	2	0	0	1	2
1665	g67	t1666	3	0	2	5	3	6	3	0	0	0	3	3	0	0	0	0	3	0	3	5
1666	g67	t1667	0	0	0	7	0	4	1	0	0	0	0	0	1	0	0	13	4	2	2	3
1667	g67	t1668	3	4	0	0	0	2	0	0	2	4	0	0	3	0	0	0	0	5	3	0
1668	g68	t1669	0	2	0	0	0	4	0	0	0	0	3	0	2	5	1	0	0	0	0	0
1669	g68	t1670	0	0	2	0	6	0	0	0	3	4	6	0	0	5	1	0	4	1	2	0
1670	g68	t1671	3	0	1	0	3	1	0	4	0	0	0	0	0	2	0	0	0	0	1	0
1671	g68	t1672	3	4	0	6	3	0	2	4	0	6	0	4	2	2	1	0	0	2	5	1
1672	g68	t1673	1	0	2	0	0	0	5	0	4	0	2	0	3	4	0	0	0	0	0	0
1673	g69	t1674	0	1	0	1	3	1	1	6	3	0	0	0	0	0	2	6	4	1	0	0
1674	g69	t1675	5	5	0	3	0	0	5	0	0	0	0	2	0	3	2	0	0	0	0	2
1675	g69	t1676	5	3	4	0	2	3	0	0	7	5	0	0	1	0	0	1	3	5	3	3
1676	g69	t1677	2	0	0	0	6	3	0	0	5	0	0	0	2	0	0	0	5	0	5	7
1677	g69	t1678	3	2	0	0	0	0	0	0	0	0	0	0	1	2	3	5	4	0	0	0
1678	g69	t1679	1	0	2	2	0	2	0	0	3	3	1	3	2	0	3	0	4	1	7	4
1679	g69	t1680	0	0	1	3	0	0	4	0	0	4	3	4	0	0	4	3	0	4	0	7
1680	g69	t1681	0	4	0	4	6	3	0	0	2	5	0	6	6	4	0	0	0	0	0	2
1681	g69	t1682	1	0	0	2	2	1	4	0	3	0	0	7	0	0	3	2	0	0	2	6
1682	g69	t1683	4	4	0	1	6	0	3	0	0	0	2	0	0	0	4	4	0	0	2	0
1683	g69	t1684	0	1	0	1	2	3	0	6	0	0	2	2	0	0	3	0	2	0	0	2
1684	g69	t1685	0	2	5	0	0	5	3	0	0	0	1	0	0	0	0	0	2	0	0	2
1685	g69	t1686	0	1	0	5	0	4	2	1	1	0	0	0	0	0	0	5	0	1	5	0
1686	g7	t1687	2	0	0	0	5	7	0	3	0	6	2	0	0	0	3	0	0	0	0	3
1687	g7	t1688	0	2	0	2	7	3	4	0	1	0	0	0	0	1	3	4	0	0	1	2
1688	g7	t1689	0	3	0	1	0	0	0	0	4	0	0	0	0	0	0	0	3	2	4	0
1689	g7	t1690	0	4	0	0	2	0	0	2	6	5	0	0	4	3	3	0	0	2	0	6
1690	g7	t1691	7	6	0	0	0	2	1	0	0	5	0	1	0	6	3	6	0	3	0	0
1691	g70	t1692	0	8	0	0	0	0	0	0	0	0	4	0	0	0	0	0	0	0	5	0
1692	g70	t1693	7	1	2	0	0	0	5	6	0	0	0	5	2	3	0	6	0	0	7	0
1693	g70	t1694	1	0	0	0	0	3	5	1	0	4	0	1	1	3	0	0	0	0	0	0
1694	g70	t1695	2	0	0	0	0	0	0	3	0	0	0	0	2	0	4	2	0	0	4	2
1695	g70	t1696	0	3	3	3	0	6	0	0	5	0	6	2	2	0	4	0	3	0	0	4
1696	g70	t1697	0	0	2	0	1	4	0	2	1	6	0	3	1	3	3	0	0	1	2	3
1697	g70	t1698	4	1	4	6	0	0	0	0	3	0	1	4	0	3	3	0	0	2	0	2
1698	g70	t1699	0	2	1	0	1	3	3	0	2	3	0	4	0	3	0	0	0	2	4	0
1699	g71	t1700	1	5	0	4	0	0	4	3	2	4	0	3	6	0	4	0	0	0	0	1
1700	g71	t1701	3	0	0	0	0	0	0	7	0	2	0	0	0	0	3	5	3	4	0	5
1701	g71	t1702	3	3	3	2	0	1	0	0	0	7	1	2	0	2	0	2	4	0	0	2
1702	g71	t1703	0	3	0	5	4	0	0	0	2	3	4	3	4	4	0	5	0	0	1	6
1703	g71	t1704	0	0	0	0	0	5	0	0	0	0	4	0	0	2	1	0	0	1	1	6
1704	g71	t1705	0	0	0	0	3	0	0	0	0	0	0	3	0	0	0	0	0	0	4	0
1705	g71	t1706	0	3	0	0	1	1	0	0	1	6	0	0	5	3	0	0	4	5	0	0
1706	g71	t1707	0	4	2	4	4	0	0	1	2	0	0	1	5	0	0	0	0	5	5	2
1707	g72	t1708	0	2	3	0	3	2	0	1	0	5	2	5	1	5	4	0	0	0	0	2
1708	g72	t1709	3	2	0	0	5	0	0	0	3	0	4	0	2	0	1	0	5	2	3	0
1709	g72	t1710	4	6	0	1	0	0	3	1	2	0	0	0	0	0	0	10	0	0	1	4
1710	g72	t1711	5	0	0	5	0	3	1	0	1	3	0	0	0	5	4	3	2	2	5	1
1711	g72	t1712	0	0	0	5	0	3	2	6	3	1	1	0	0	8	0	5	0	0	2	0
1712	g72	t1713	0	0	0	3	0	3	0	3	0	0	0	2	0	0	5	5	2	7	0	5
1713	g72	t1714	4	0	0	0	2	5	0	0	4	0	2	5	3	0	7	2	0	0	0	7
1714	g72	t1715	0	0	0	0	0	3	1	3	0	0	0	7	0	0	3	0	0	0	0	0
1715	g72	t1716	0	3	0	0	1	0	2	4	3	0	0	0	3	1	2	2	3	5	1	0
1716	g72	t1717	0	0	0	0	0	3	0	3	3	3	5	0	1	0	0	1	0	5	0	0
1717	g73	t1718	2	3	0	0	4	0	1	0	2	0	0	0	6	0	0	0	2	5	0	2
1718	g73	t1719	3	0	0	3	5	1	1	2	0	0	5	0	2	0	0	0	4	0	0	0
1719	g73	t1720	8	4	0	2	0	0	0	0	2	4	2	0	5	0	0	0	4	0	4	0
1720	g73	t1721	1	0	3	0	0	0	0	2	0	0	6	0	0	3	0	3	0	0	2	1
1721	g73	t1722	0	3	1	4	0	0	0	1	0	8	2	1	0	0	3	0	0	0	0	1
1722	g73	t1723	5	0	0	0	2	0	0	3	6	2	4	1	1	3	0	0	0	0	2	4
1723	g73	t1724	5	4	0	4	3	0	0	3	0	0	3	0	4	4	0	1	0	3	2	0
1724	g73	t1725	0	3	8	0	2	2	1	3	1	0	4	7	5	2	5	0	0	0	1	3
1725	g73	t1726	4	0	2	0	0	0	0	1	4	0	0	3	0	0	0	3	0	0	1	2
1726	g73	t1727	0	1	0	3	0	3	0	0	0	3	4	2	0	1	1	0	0	0	2	0
1727	g74	t1728	3	0	2	0	0	2	0	1	4	0	4	3	4	1	2	5	0	1	2	3
1728	g74	t1729	0	5	0	0	0	0	1	4	0	0	2	0	2	0	0	3	0	0	0	0
1729	g74	t1730	0	3	0	0	0	0	0	0	0	0	2	0	0	0	4	0	0	0	0	0
1730	g74	t1731	2	0	1	1	4	0	0	3	4	1	1	0	2	2	0	0	2	0	0	3
1731	g74	t1732	2	2	0	0	2	0	2	3	1	1	0	1	0	0	0	2	0	1	0	0
1732	g74	t1733	2	0	0	0	0	2	0	3	4	0	0	2	0	2	0	6	0	0	3	0
1733	g74	t1734	1	4	5	3	2	3	0	0	0	0	1	0	3	0	0	0	0	4	0	2
1734	g74	t1735	3	4	4	2	0	0	0	0	0	0	2	0	3	0	2	4	3	0	0	0
1735	g74	t1736	0	0	2	0	2	3	0	0	0	0	2	0	3	0	0	3	2	1	1	0
1736	g75	t1737	2	0	4	3	2	1	0	4	0	0	3	0	3	1	0	4	4	0	4	1
1737	g75	t1738	0	2	2	0	1	3	5	2	1	3	0	0	1	0	2	1	8	1	3	1
1738	g75	t1739	0	0	2	4	0	3	0	0	0	3	3	0	8	1	3	0	0	0	3	0
1739	g75	t1740	0	0	5	0	4	3	2	0	0	0	0	0	2	4	3	0	1	0	2	0
1740	g75	t1741	2	0	4	0	0	0	1	0	2	5	2	0	5	2	0	0	0	5	0	0
1741	g75	t1742	3	5	5	2	4	2	5	0	0	0	0	0	0	6	0	7	0	2	5	5
1742	g75	t1743	0	1	2	3	3	1	3	0	0	2	0	3	0	0	4	3	3	2	3	0
1743	g75	t1744	4	1	5	0	0	0	0	7	3	0	0	0	0	0	0	4	4	0	0	3
1744	g76	t1745	0	0	4	2	0	0	3	3	0	0	0	3	5	3	0	0	5	2	0	0
1745	g76	t1746	0	2	5	0	3	0	0	0	0	2	4	0	0	2	3	4	0	0	4	2
1746	g76	t1747	2	1	2	0	3	3	0	3	0	2	0	2	2	3	0	2	0	0	5	6
1747	g76	t1748	0	0	2	3	0	5	0	2	0	3	0	0	0	0	0	1	1	0	0	6
1748	g76	t1749	0	0	3	3	2	0	0	0	0	0	0	2	0	0	2	2	2	0	4	0
1749	g76	t1750	0	2	3	0	7	3	0	2	3	4	0	0	0	4	0	0	3	2	2	1
1750	g77	t1751	0	4	0	0	0	0	2	4	5	0	0	3	2	0	1	0	2	0	0	0
1751	g77	t1752	0	0	6	0	0	0	0	2	0	0	6	2	5	7	2	2	3	1	1	0
1752	g77	t1753	0	0	0	3	3	4	5	0	0	0	2	3	3	0	3	0	3	3	0	0
1753	g77	t1754	5	0	0	0	3	0	0	0	0	3	1	2	0	0	0	3	3	0	0	4
1754	g77	t1755	0	0	2	0	0	0	0	3	1	0	0	3	2	0	4	0	0	5	0	0
1755	g77	t1756	0	0	2	0	0	0	0	4	0	4	0	2	1	0	1	0	3	3	1	0
1756	g77	t1757	6	0	0	3	3	5	3	0	3	3	2	2	4	0	3	0	4	0	0	5
1757	g77	t1758	0	0	0	0	2	2	0	0	2	0	0	4	0	0	0	0	0	2	0	0
1758	g77	t1759	6	0	0	0	4	0	0	6	4	4	0	0	5	1	1	2	0	5	0	0
1759	g77	t1760	0	0	0	0	0	0	0	0	0	0	0	0	0	2	0	1	0	3	0	0
1760	g77	t1761	0	0	2	1	2	0	0	1	4	0	0	3	0	0	3	0	6	0	0	0
1761	g78	t1762	0	0	4	1	0	3	0	0	0	2	4	3	2	0	2	1	3	3	1	0
1762	g78	t1763	3	0	0	0	2	0	1	4	2	0	0	1	4	2	0	5	2	3	1	0
1763	g78	t1764	3	3	3	2	0	0	0	0	2	0	0	3	4	3	0	0	0	1	2	5
1764	g78	t1765	3	0	0	0	3	0	2	0	0	3	0	0	0	0	0	6	0	3	0	0
1765	g78	t1766	0	0	0	1	3	0	0	0	4	5	0	4	0	0	0	0	3	6	5	0
1766	g78	t1767	0	6	2	4	0	0	0	0	0	0	0	0	0	5	3	2	2	2	0	0
1767	g78	t1768	0	5	4	0	3	0	1	0	0	4	0	0	0	0	6	2	0	0	3	0
1768	g78	t1769	0	1	4	3	4	0	4	4	2	0	0	2	0	0	5	0	4	4	1	0
1769	g79	t1770	2	0	5	7	0	0	0	0	0	2	0	0	0	0	0	4	4	0	0	0
1770	g79	t1771	0	0	3	0	6	0	0	3	2	0	3	3	2	2	0	0	0	3	0	0
1771	g79	t1772	1	4	0	0	3	0	0	0	0	6	2	4	8	0	0	0	4	4	4	0
1772	g79	t1773	3	4	0	4	2	5	8	0	0	3	2	1	0	0	4	0	1	3	5	0
1773	g79	t1774	4	0	0	2	1	0	0	0	0	6	0	0	1	7	0	2	0	5	3	0
1774	g8	t1775	0	4	3	0	0	3	0	0	0	1	1	0	0	4	0	0	0	7	3	0
1775	g8	t1776	0	6	0	3	0	0	0	2	0	0	1	2	0	0	2	0	0	0	0	3
1776	g8	t1777	3	3	8	3	0	3	0	0	0	3	0	0	0	2	2	5	0	0	4	0
1777	g8	t1778	0	0	0	0	3	0	4	0	0	3	4	0	0	2	0	4	0	2	4	1
1778	g8	t1779	0	0	1	2	0	2	0	0	0	4	0	1	3	4	0	2	0	2	3	0
1779	g8	t1780	0	1	0	0	2	0	3	5	3	2	0	3	0	0	0	2	0	3	2	6
1780	g8	t1781	4	7	5	0	4	0	0	1	0	1	5	0	6	0	0	0	0	1	6	0
1781	g8	t1782	1	0	6	0	0	0	3	3	3	0	0	0	0	2	0	0	0	0	0	2
1782	g8	t1783	0	0	1	0	1	0	0	5	5	0	2	0	3	0	0	0	3	0	0	0
1783	g8	t1784	0	0	0	0	1	3	5	0	1	0	0	0	0	2	2	0	3	1	6	0
1784	g8	t1785	6	0	0	2	0	1	0	0	0	3	0	0	0	4	1	0	3	6	1	0
1785	g80	t1786	2	3	0	0	0	4	4	0	0	3	0	0	0	0	0	0	0	0	2	3
1786	g80	t1787	6	5	0	0	0	0	0	0	4	0	3	1	0	0	0	2	0	0	3	4
1787	g80	t1788	0	0	3	4	0	0	4	0	2	2	0	3	0	0	6	0	1	0	0	1
1788	g80	t1789	0	3	0	2	0	2	0	2	0	2	1	1	0	4	0	0	0	4	2	0
1789	g80	t1790	2	1	0	1	0	0	2	3	0	5	5	0	0	2	0	1	0	0	2	0
1790	g80	t1791	0	2	4	0	0	0	0	0	0	4	6	9	2	0	3	0	4	2	0	3
1791	g80	t1792	1	0	0	0	0	0	0	0	4	0	1	5	5	2	6	0	0	1	7	0
1792	g80	t1793	0	0	6	0	3	0	4	0	0	0	0	3	6	0	0	2	0	2	2	5
1793	g80	t1794	5	2	2	0	0	0	5	0	4	0	2	4	5	0	0	0	2	0	0	2
1794	g80	t1795	0	1	0	4	2	0	4	0	3	0	0	0	1	1	0	2	0	5	1	5
1795	g80	t1796	3	0	0	0	0	0	0	1	0	0	3	6	5	3	0	0	6	2	0	4
1796	g81	t1797	0	0	4	5	0	0	2	0	8	4	0	0	1	1	0	0	0	0	0	2
1797	g81	t1798	0	0	0	3	4	2	0	0	0	0	0	0	0	6	0	0	4	0	0	0
1798	g81	t1799	4	0	4	4	0	0	1	4	0	3	0	0	3	4	1	0	0	4	5	0
1799	g81	t1800	0	0	4	0	0	3	5	1	3	0	0	4	0	0	0	0	0	0	0	5
1800	g81	t1801	1	0	4	2	0	0	1	0	0	3	0	0	0	0	0	2	0	5	0	6
1801	g81	t1802	0	0	1	2	4	4	5	0	2	0	2	3	0	0	1	1	1	0	0	3
1802	g81	t1803	4	7	3	0	0	6	0	3	0	3	0	1	2	0	0	2	2	3	4	0
1803	g81	t1804	2	0	4	0	0	0	6	3	0	0	0	0	0	0	4	1	4	0	3	0
1804	g81	t1805	0	7	2	0	0	6	0	0	5	3	0	4	0	1	1	3	0	3	5	4
1805	g82	t1806	3	1	5	0	4	0	7	7	1	0	0	0	0	4	1	0	3	1	0	4
1806	g82	t1807	0	1	4	0	0	0	4	0	2	0	0	2	0	2	6	4	0	3	3	0
1807	g82	t1808	0	0	0	1	6	3	0	3	3	2	2	0	4	0	0	0	5	7	5	0
1808	g82	t1809	0	0	0	0	1	6	0	3	2	4	5	2	0	0	2	3	0	0	1	0
1809	g82	t1810	0	5	3	0	0	0	4	0	4	1	0	0	2	0	3	0	2	0	0	1
1810	g82	t1811	0	0	0	0	1	5	4	5	0	0	1	0	2	2	0	0	4	6	2	0
1811	g82	t1812	5	0	1	1	0	3	0	0	0	4	5	0	4	1	0	0	1	0	2	1
1812	g82	t1813	1	2	0	0	0	0	1	1	2	0	2	0	0	0	0	0	3	5	4	0
1813	g82	t1814	6	0	0	0	4	0	0	4	0	0	4	4	7	0	4	4	0	2	0	0
1814	g83	t1815	2	0	3	3	0	0	0	0	0	0	2	0	0	0	0	0	1	0	0	4
1815	g83	t1816	0	0	3	0	2	0	1	4	0	0	5	0	0	0	3	0	0	3	0	1
1816	g83	t1817	1	0	6	0	0	3	0	0	0	6	0	4	0	0	0	0	4	0	0	1
1817	g83	t1818	0	3	2	3	0	0	0	0	0	3	0	0	0	1	2	0	1	0	0	2
1818	g83	t1819	0	5	0	0	0	4	3	2	0	3	0	3	2	0	4	0	6	0	0	5
1819	g83	t1820	0	0	2	0	0	2	1	0	0	3	2	7	0	5	0	0	0	2	2	0
1820	g83	t1821	0	0	0	8	4	4	0	0	7	0	4	0	0	1	2	0	0	2	2	0
1821	g83	t1822	2	4	0	0	0	2	0	2	2	3	0	3	0	3	0	0	0	5	1	2
1822	g83	t1823	0	0	0	1	1	3	3	0	4	0	4	0	2	3	0	0	0	2	5	0
1823	g84	t1824	0	0	3	0	0	6	6	0	0	4	2	2	2	1	6	0	3	0	0	1
1824	g84	t1825	1	3	4	0	3	1	0	0	1	1	0	3	0	0	1	1	0	3	0	4
1825	g84	t1826	0	0	4	1	1	0	3	4	0	0	0	0	0	0	0	2	1	0	0	0
1826	g84	t1827	3	0	0	0	0	0	0	2	2	2	2	0	0	0	5	6	1	2	0	0
1827	g84	t1828	4	0	2	0	7	4	0	0	0	0	0	3	3	0	0	3	4	1	0	0
1828	g84	t1829	3	5	2	0	0	0	2	0	0	4	4	3	0	3	3	1	1	0	4	0
1829	g84	t1830	3	0	2	0	0	0	2	3	0	1	4	0	1	0	1	4	0	6	0	3
1830	g84	t1831	0	5	3	1	0	0	2	0	2	2	0	2	2	0	3	2	4	0	1	0
1831	g84	t1832	0	3	6	2	2	5	3	6	0	3	2	2	0	1	7	0	0	0	3	0
1832	g84	t1833	2	7	5	3	1	0	5	0	0	4	0	0	0	0	0	2	2	0	1	2
1833	g84	t1834	0	0	8	2	0	0	0	0	0	0	0	0	0	6	0	2	3	0	0	1
1834	g84	t1835	0	1	0	0	0	0	0	3	2	0	3	1	4	0	10	0	6	1	0	0
1835	g84	t1836	0	0	0	0	0	7	4	0	1	0	4	3	2	3	0	0	0	4	0	0
1836	g84	t1837	4	4	0	1	1	0	0	2	3	5	1	3	0	0	3	0	0	0	3	4
1837	g84	t1838	0	4	3	1	0	1	0	3	0	0	0	6	5	0	0	0	0	0	5	5
1838	g85	t1839	0	0	0	4	0	2	0	3	2	4	0	1	4	4	5	0	0	0	0	4
1839	g85	t1840	0	2	0	2	3	0	2	0	0	3	0	6	0	2	0	2	0	5	3	0
1840	g85	t1841	0	3	0	2	1	1	1	0	0	5	0	0	0	2	0	4	0	3	4	0
1841	g85	t1842	0	0	0	3	0	0	1	2	0	0	0	0	0	0	0	0	0	2	0	2
1842	g86	t1843	3	0	0	4	1	2	3	1	0	0	4	0	4	0	0	0	0	0	0	0
1843	g86	t1844	0	0	0	6	0	0	0	1	0	6	2	0	0	0	2	0	3	0	0	0
1844	g86	t1845	2	3	7	0	3	5	4	0	2	4	0	2	3	0	0	3	0	4	0	0
1845	g86	t1846	2	4	1	5	0	0	4	0	2	1	1	4	0	1	0	0	5	4	0	0
1846	g86	t1847	0	0	3	0	0	3	0	1	5	0	4	0	2	3	0	1	0	0	1	2
1847	g86	t1848	0	0	4	1	0	4	0	0	0	0	0	4	0	2	0	0	0	2	4	0
1848	g86	t1849	0	0	0	1	0	3	2	0	0	4	3	0	3	0	0	2	0	0	1	0
1849	g86	t1850	0	3	0	0	5	0	0	0	4	0	3	0	4	0	0	0	0	0	3	0
1850	g86	t1851	1	0	0	0	0	0	1	3	0	0	0	0	5	3	1	0	0	4	5	5
1851	g86	t1852	2	0	0	4	3	5	3	0	0	0	3	0	2	0	0	0	0	2	2	0
1852	g86	t1853	0	0	0	1	2	0	4	0	3	0	5	0	4	0	0	5	2	0	2	0
1853	g86	t1854	0	2	0	3	0	0	2	0	3	2	3	0	0	4	2	2	0	0	0	0
1854	g86	t1855	1	0	0	0	2	0	5	5	0	3	4	0	0	0	2	0	2	2	6	4
1855	g86	t1856	3	0	6	0	6	9	0	0	3	1	1	0	2	1	0	0	0	3	0	1
1856	g87	t1857	0	0	0	0	0	0	3	0	1	0	0	0	3	3	7	3	2	1	4	0
1857	g87	t1858	3	0	0	2	0	0	3	0	0	0	0	0	0	1	0	0	0	3	2	4
1858	g87	t1859	5	0	0	4	2	3	0	0	1	0	0	0	3	0	5	0	0	0	0	0
1859	g87	t1860	0	0	0	0	5	0	0	0	0	4	5	0	1	3	2	0	0	1	0	0
1860	g87	t1861	4	0	0	0	6	4	2	2	2	3	2	0	0	3	0	0	3	2	1	0
1861	g87	t1862	3	0	0	0	1	6	3	2	0	2	0	2	0	2	4	0	2	0	0	4
1862	g87	t1863	0	0	0	0	0	0	0	3	0	1	0	3	5	0	0	0	6	0	0	2
1863	g87	t1864	0	0	0	0	0	0	0	0	0	0	1	1	0	2	0	2	0	0	6	4
1864	g87	t1865	0	0	4	3	4	0	0	3	1	3	0	0	0	0	0	0	0	6	3	3
1865	g88	t1866	0	4	0	0	0	1	0	5	0	0	1	2	3	5	2	0	3	1	0	0
1866	g88	t1867	2	0	0	0	0	2	0	0	3	0	3	0	0	0	0	0	0	0	1	5
1867	g88	t1868	1	0	7	5	5	9	0	0	0	0	4	0	3	0	0	0	2	2	0	0
1868	g88	t1869	3	0	5	1	0	0	2	2	0	4	2	0	0	4	3	3	0	3	4	6
1869	g88	t1870	0	0	0	0	0	0	0	0	6	0	0	1	0	1	0	2	3	3	0	0
1870	g88	t1871	0	5	0	0	0	0	0	0	1	0	4	0	4	0	4	0	2	0	4	4
1871	g88	t1872	0	4	2	0	1	2	0	1	1	4	0	3	0	0	1	3	3	4	0	3
1872	g88	t1873	0	0	0	0	0	0	0	5	2	0	6	0	3	2	0	0	2	0	0	0
1873	g88	t1874	0	0	5	2	6	0	0	3	0	0	0	3	1	3	1	3	0	0	3	0
1874	g88	t1875	0	0	0	0	0	3	0	0	3	0	0	1	3	0	5	0	0	0	0	3
1875	g88	t1876	2	0	2	6	0	0	0	0	0	0	1	2	4	3	0	3	3	4	7	4
1876	g88	t1877	0	2	0	0	0	4	2	0	4	0	0	0	5	2	1	0	0	3	2	5
1877	g88	t1878	0	0	0	2	0	0	0	0	6	0	0	0	3	3	0	0	2	2	0	0
1878	g88	t1879	2	0	0	3	0	1	2	4	2	3	1	0	0	2	0	0	0	0	0	0
1879	g88	t1880	3	2	1	2	1	0	6	0	1	1	0	0	0	0	6	0	0	1	4	2
1880	g89	t1881	0	0	0	2	6	0	4	0	5	0	3	4	1	0	2	3	4	3	0	3
1881	g89	t1882	0	0	0	3	2	4	0	0	6	0	0	2	2	0	0	0	0	5	0	0
1882	g89	t1883	0	0	0	0	3	5	2	3	4	3	0	0	0	2	4	0	0	0	2	0
1883	g89	t1884	0	0	0	3	0	0	0	0	2	0	0	0	3	0	1	2	0	3	0	0
1884	g89	t1885	0	0	0	1	1	0	0	0	0	0	3	0	1	3	0	0	0	5	1	0
1885	g89	t1886	0	0	0	5	2	3	0	0	4	4	0	0	3	5	3	0	3	0	5	2
1886	g89	t1887	0	5	0	0	2	3	0	0	4	0	0	3	0	0	0	5	4	2	3	4
1887	g89	t1888	0	0	2	0	0	0	0	1	2	0	1	2	4	0	4	2	1	0	0	2
1888	g9	t1889	1	6	0	0	0	4	2	0	2	1	4	0	0	1	2	2	2	0	0	2
1889	g9	t1890	0	0	4	2	3	0	0	0	1	0	4	0	0	0	0	0	0	0	0	0
1890	g9	t1891	5	0	7	0	2	4	0	0	0	0	0	0	0	0	2	2	2	0	0	0
1891	g9	t1892	0	3	1	2	6	6	1	0	0	4	0	0	4	3	1	0	4	2	3	0
1892	g9	t1893	0	0	2	4	0	0	0	0	0	0	0	1	2	0	0	0	4	4	0	0
1893	g9	t1894	5	3	0	0	0	5	0	0	0	0	5	0	0	0	6	4	0	0	0	0
1894	g9	t1895	0	2	3	3	0	0	0	4	1	0	3	4	2	3	1	2	0	4	0	0
1895	g9	t1896	3	0	5	2	4	2	0	0	0	1	3	0	0	2	5	4	5	2	3	0
1896	g9	t1897	2	0	0	0	5	0	0	0	0	2	0	0	3	0	1	4	4	0	0	0
1897	g9	t1898	2	4	0	3	0	5	7	0	3	0	0	0	1	0	2	0	6	0	2	0
1898	g9	t1899	4	3	2	0	0	0	0	4	0	0	0	0	0	2	0	2	2	1	0	0
1899	g90	t1900	0	0	5	2	0	0	4	3	0	0	0	1	7	3	0	0	0	0	0	0
1900	g90	t1901	0	1	0	2	0	0	0	0	0	0	0	0	0	0	3	0	2	0	0	1
1901	g90	t1902	0	2	0	2	2	0	0	3	0	0	4	2	0	2	0	0	0	2	3	0
1902	g90	t1903	0	1	0	5	0	2	0	0	2	3	0	0	3	0	1	0	0	7	0	0
1903	g90	t1904	2	0	3	2	3	2	0	0	0	0	0	3	0	4	5	2	5	0	0	0
1904	g90	t1905	0	0	0	9	0	3	1	0	0	0	0	0	0	0	0	0	0	0	0	2
1905	g90	t1906	2	3	0	0	0	0	4	0	0	0	0	0	1	0	0	3	2	0	0	6
1906	g90	t1907	0	1	0	1	2	0	0	0	0	1	0	0	0	0	1	4	0	3	1	0
1907	g90	t1908	2	5	4	2	0	0	0	4	0	4	3	5	0	0	3	4	0	0	4	1
1908	g90	t1909	0	0	0	0	0	0	1	0	0	0	1	6	0	5	0	4	2	2	0	1
1909	g90	t1910	5	0	1	0	0	0	2	0	4	0	2	0	0	0	0	0	2	5	0	0
1910	g90	t1911	0	2	1	4	0	3	6	0	4	5	4	0	3	0	0	4	5	4	0	0
1911	g90	t1912	0	0	3	1	4	3	0	2	1	0	2	1	0	1	0	5	5	4	0	0
1912	g90	t1913	3	0	0	0	1	4	0	0	5	3	0	5	2	0	6	4	0	3	2	5
1913	g90	t1914	0	0	3	1	0	5	0	4	0	0	0	0	0	0	0	3	0	0	0	3
1914	g91	t1915	2	0	7	4	1	0	0	1	0	3	1	0	0	1	0	0	3	3	0	3
1915	g91	t1916	5	0	0	3	0	0	2	2	0	0	0	2	0	0	5	4	0	0	0	1
1916	g91	t1917	0	0	2	1	0	0	0	1	0	0	3	0	2	2	0	0	2	0	0	0
1917	g91	t1918	3	2	0	0	4	5	0	3	0	5	0	0	5	4	0	1	0	0	2	3
1918	g91	t1919	0	0	5	0	0	5	0	5	0	0	0	2	0	2	0	0	0	0	0	4
1919	g91	t1920	6	0	0	1	0	3	2	0	4	0	0	3	0	4	0	1	2	2	4	4
1920	g91	t1921	0	2	0	6	2	0	2	2	0	4	1	0	0	0	0	2	4	0	0	2
1921	g91	t1922	0	0	0	0	0	0	3	3	2	3	0	0	2	4	0	1	4	5	4	4
1922	g91	t1923	3	0	0	0	3	2	3	0	0	0	3	2	0	0	0	3	1	0	0	6
1923	g92	t1924	1	0	0	3	2	0	0	3	5	2	0	4	4	0	0	3	2	2	0	0
1924	g92	t1925	0	0	1	0	1	0	0	0	2	0	0	5	0	0	3	5	0	4	2	0
1925	g92	t1926	0	0	4	6	0	4	0	0	0	0	0	1	0	3	0	2	3	6	0	0
1926	g92	t1927	0	0	3	0	3	0	0	0	2	0	0	0	1	0	3	0	0	4	0	2
1927	g92	t1928	4	6	3	7	3	0	2	5	2	1	2	0	0	4	0	0	0	0	3	1
1928	g92	t1929	0	0	0	0	0	0	0	0	4	0	0	0	6	2	4	2	0	0	0	0
1929	g92	t1930	4	8	0	0	0	4	0	0	4	1	0	3	0	0	0	1	0	0	3	3
1930	g92	t1931	1	3	0	4	0	0	2	0	0	6	0	0	5	0	4	0	3	0	6	0
1931	g93	t1932	3	0	0	0	5	1	0	0	0	5	0	0	3	0	0	2	1	3	0	0
1932	g93	t1933	6	0	0	1	3	0	0	4	7	0	0	1	0	4	0	3	2	2	0	0
1933	g93	t1934	2	9	0	6	0	4	2	0	0	0	0	0	5	0	0	3	0	5	5	6
1934	g93	t1935	0	0	0	1	3	0	0	6	0	0	1	0	0	3	0	0	1	0	0	3
1935	g93	t1936	1	2	5	0	4	2	6	2	2	4	0	1	2	0	4	3	6	0	0	0
1936	g93	t1937	0	3	7	7	0	0	0	6	0	5	0	5	0	4	4	0	0	0	4	3
1937	g93	t1938	0	4	0	3	0	0	0	4	0	0	0	0	1	0	1	0	2	0	0	0
1938	g93	t1939	0	2	3	2	1	0	2	5	0	4	1	0	0	5	0	0	0	0	0	4
1939	g93	t1940	5	1	0	5	2	4	0	1	3	2	4	0	0	5	2	1	0	0	0	0
1940	g94	t1941	0	0	3	0	0	2	2	0	0	0	0	1	5	1	3	0	0	5	0	0
1941	g94	t1942	2	4	1	0	6	0	0	0	4	3	4	0	0	5	3	0	0	0	2	0
1942	g94	t1943	0	6	0	0	0	1	3	0	4	6	3	0	0	5	5	4	2	2	0	0
1943	g94	t1944	1	0	0	4	0	0	0	2	0	0	0	1	0	3	0	0	0	1	1	3
1944	g94	t1945	0	3	0	0	0	3	3	5	0	0	2	0	0	0	3	0	2	0	2	0
1945	g94	t1946	0	0	0	4	0	0	0	1	0	0	0	0	0	3	0	3	0	1	0	4
1946	g94	t1947	0	0	0	1	0	0	3	4	0	2	6	0	4	4	6	0	0	3	2	0
1947	g95	t1948	0	0	0	2	5	0	0	0	1	1	2	1	2	3	5	3	0	0	0	4
1948	g95	t1949	5	0	0	3	3	5	3	7	0	3	0	4	4	0	3	2	0	3	0	3
1949	g95	t1950	0	0	0	0	0	7	0	0	7	3	0	0	5	3	0	3	0	0	2	0
1950	g95	t1951	6	0	0	0	1	5	9	1	0	2	0	3	0	0	0	5	0	0	3	0
1951	g95	t1952	3	3	3	2	2	3	3	3	0	1	2	1	0	1	0	3	0	0	4	0
1952	g95	t1953	0	0	3	5	0	10	0	0	0	0	3	0	0	0	0	3	0	4	0	0
1953	g95	t1954	4	3	0	6	0	0	10	0	2	0	2	0	0	0	0	6	0	0	4	3
1954	g95	t1955	0	0	1	6	0	0	5	3	3	0	1	0	1	3	1	3	4	0	0	0
1955	g95	t1956	0	1	0	0	0	3	3	1	5	2	0	0	7	0	0	2	0	5	0	0
1956	g95	t1957	0	2	0	0	1	2	0	4	2	0	6	6	0	2	0	0	0	2	0	0
1957	g95	t1958	5	0	4	0	0	0	7	0	0	3	2	1	0	8	2	4	0	2	0	0
1958	g95	t1959	5	5	0	3	1	3	0	1	2	0	0	3	6	3	3	0	0	4	2	0
1959	g96	t1960	2	0	0	0	0	2	0	3	0	1	0	0	2	4	6	0	0	3	0	0
1960	g96	t1961	4	0	0	3	0	5	0	4	2	3	0	0	0	1	4	0	1	2	0	2
1961	g96	t1962	4	5	0	0	1	0	3	4	0	6	1	1	0	0	3	0	3	3	0	3
1962	g96	t1963	3	0	5	3	2	0	3	2	0	0	0	3	0	2	0	3	0	2	6	6
1963	g96	t1964	0	1	0	0	3	0	4	0	3	0	0	0	0	2	0	0	3	0	7	2
1964	g96	t1965	3	2	0	3	0	2	5	0	2	3	0	3	1	0	0	0	4	4	0	2
1965	g96	t1966	0	1	5	0	4	6	0	5	0	0	0	1	0	0	1	1	0	0	0	0
1966	g96	t1967	3	0	0	5	0	3	0	1	1	0	3	3	2	0	0	4	4	0	4	0
1967	g96	t1968	4	0	5	0	0	0	3	4	2	1	0	0	5	3	2	0	2	0	0	0
1968	g96	t1969	1	3	1	4	0	0	1	5	4	2	0	0	3	2	7	0	0	0	1	1
1969	g96	t1970	5	0	0	3	0	2	3	0	4	2	0	0	0	0	0	0	2	2	5	0
1970	g96	t1971	0	0	6	5	5	2	5	0	0	1	0	4	0	8	0	0	0	0	0	2
1971	g97	t1972	2	6	5	2	4	0	0	5	0	4	0	0	4	2	3	6	5	0	0	0
1972	g97	t1973	0	0	6	8	0	2	0	6	0	0	0	3	4	0	3	2	2	0	3	4
1973	g97	t1974	0	0	2	3	3	1	0	0	8	3	0	0	0	0	0	0	3	0	3	4
1974	g97	t1975	4	0	0	0	3	1	4	0	2	4	0	2	3	3	3	5	0	3	3	0
1975	g97	t1976	0	3	0	0	0	0	3	2	0	4	0	4	4	6	0	4	3	0	1	0
1976	g97	t1977	3	0	0	2	0	0	0	0	3	3	0	0	0	0	2	0	5	1	2	0
1977	g97	t1978	0	4	2	1	1	0	2	0	5	0	0	2	0	0	7	2	2	0	0	0
1978	g97	t1979	0	0	5	2	0	1	6	6	2	2	0	0	3	5	2	0	0	2	0	4
1979	g97	t1980	3	3	9	0	4	0	0	2	0	2	0	1	6	0	1	0	5	0	5	0
1980	g97	t1981	5	0	1	0	1	4	2	5	0	0	0	0	3	0	7	2	1	0	2	0
1981	g98	t1982	0	0	5	0	4	0	0	6	2	1	0	0	3	0	0	0	2	0	0	4
1982	g98	t1983	0	4	0	2	2	0	4	0	5	0	1	1	1	5	2	0	0	4	6	3
1983	g98	t1984	2	1	0	2	8	5	0	2	0	4	8	0	4	6	4	4	4	0	3	6
1984	g98	t1985	0	2	0	4	0	2	0	0	5	0	2	0	0	3	0	0	5	0	0	2
1985	g98	t1986	5	1	0	0	4	0	0	3	0	2	6	0	3	6	0	0	4	0	0	0
1986	g98	t1987	1	0	2	0	0	4	0	0	0	2	1	3	1	0	0	1	4	0	4	0
1987	g98	t1988	0	0	2	1	4	0	1	0	0	0	3	2	0	2	3	2	1	0	3	0
1988	g98	t1989	0	0	3	6	4	8	4	0	7	2	3	4	3	6	0	0	6	0	1	2
1989	g99	t1990	0	0	2	0	0	3	0	0	0	0	3	4	1	3	0	3	0	0	2	2
1990	g99	t1991	2	6	0	0	0	3	0	5	0	0	4	2	0	4	0	3	2	0	4	1
1991	g99	t1992	4	0	0	3	0	6	0	2	0	0	0	2	3	5	0	0	7	3	0	0
1992	g99	t1993	6	7	1	3	5	7	0	2	0	5	0	5	0	0	0	0	0	3	4	0
1993	g99	t1994	0	4	2	0	0	3	0	3	5	3	0	0	0	0	2	0	3	6	5	0
1994	g99	t1995	3	0	0	5	2	3	0	2	0	0	4	0	0	2	0	4	4	3	0	4
1995	g99	t1996	2	5	2	6	5	3	0	0	4	0	0	0	0	2	1	6	0	0	4	0
1996	g99	t1997	3	4	3	2	3	0	0	0	0	5	0	0	0	0	0	0	3	0	0	3
1997	g99	t1998	0	0	0	2	0	0	2	2	2	0	3	0	0	3	0	6	0	4	5	2
1998	g99	t1999	2	0	0	0	2	3	0	6	0	2	0	0	3	7	0	0	0	3	0	4
1999	g99	t2000	0	0	2	0	0	4	0	0	0	0	3	5	0	0	0	5	0	0	3	0
