t id t1	t id t2
t799	t506
t494	t743
t173	t57
t48	t1427
t442	t786
t1602	t426
t611	t1365
t1099	t787
t615	t1538
t891	t559
t1867	t1968
t271	t1331
t704	t1647
t743	t1271
t1140	t620
t315	t1296
t183	t497
t1873	t1797
t399	t553
t634	t1601
t671	t1385
t793	t1004
t1793	t501
t21	t290
t613	t93
t62	t1105
t924	t1426
t361	t384
t1803	t1463
t852	t1595
t1975	t1151
t1	t497
t1668	t539
t513	t1147
t1883	t994
t1997	t1447
t1131	t1345
t954	t1117
t110	t236
t1225	t664
t1849	t1883
t1095	t756
t87	t254
t1492	t545
t776	t1122
t1241	t477
t1140	t1033
t1775	t1580
t852	t1974
t489	t1020
t1714	t128
t217	t426
t1733	t510
t175	t1373
t783	t620
t168	t1458
t1252	t1366
t1879	t404
t717	t1637
t1680	t409
t1590	t883
t1707	t916
t1737	t1653
t1820	t1866
t824	t199
t1248	t23
t331	t1917
t1699	t215
t251	t874
t1907	t1046
t961	t1644
t1065	t1001
t258	t898
t1295	t662
t659	t859
t1776	t1780
t2000	t1915
t1937	t98
t75	t163
t606	t1147
t373	t1869
t1476	t1213
t1190	t926
t1210	t1732
t832	t1501
t1962	t49
t1498	t426
t1889	t1855
t1303	t1425
t1460	t1396
t1505	t1600
t1356	t387
t1938	t1217
t644	t673
t1859	t198
t906	t1208
t1210	t573
t655	t1415
t1206	t911
t900	t1687
t964	t614
t77	t49
t1071	t1847
t593	t1265
t1839	t1765
t956	t1646
t644	t766
t854	t112
t45	t474
t303	t1712
t718	t276
t288	t1239
t23	t949
t996	t933
t475	t103
t260	t842
t1556	t1592
t1610	t506
t950	t488
t1668	t1284
t922	t1019
t1869	t831
t371	t1489
t771	t497
t105	t641
t1351	t1837
t783	t223
t714	t1992
t988	t1608
t322	t1419
t745	t1217
t191	t834
t1816	t1204
t1965	t1835
t625	t164
t1867	t725
t286	t678
t1650	t1799
t331	t872
t972	t524
t811	t1569
t1187	t1598
t1330	t1466
t80	t1361
t1573	t1279
t781	t202
t1140	t210
t8	t771
t1398	t1535
t402	t1186
t487	t659
t1023	t775
t987	t1786
t874	t1810
t517	t946
t643	t1114
t80	t705
t1013	t1689
t228	t1982
t595	t1658
t908	t599
t333	t274
t1284	t1626
t121	t1922
t398	t1605
t677	t988
t53	t1363
t182	t73
t1798	t1895
t748	t235
t1668	t678
t1088	t686
t494	t820
t658	t510
t1611	t1070
t1340	t1445
t556	t383
t249	t185
t1064	t819
t1223	t138
t769	t1113
t1739	t204
t1242	t320
t841	t1093
t1542	t754
t915	t181
t1741	t1584
t1090	t1644
t1816	t1293
t1514	t1756
t1258	t1621
t714	t1123
t688	t94
t361	t236
t1155	t1689
t547	t539
t968	t1843
t740	t1626
t78	t1093
t947	t1015
t1043	t166
t168	t1135
t1130	t94
t628	t560
t1836	t1946
t1130	t98
t175	t1686
t565	t1789
t1685	t1674
t27	t1930
t1934	t1970
t1995	t1663
t1989	t64
t1969	t390
t1904	t1604
t379	t605
t369	t1262
t1523	t1771
t1391	t603
t1840	t204
t1263	t1605
t642	t1211
t521	t859
t22	t449
t1763	t1066
t1920	t891
t837	t512
t1991	t1208
t458	t661
t1332	t1864
t764	t270
t72	t986
t1284	t1630
t35	t1090
t1837	t313
t325	t1702
t249	t634
t625	t1731
t1824	t446
t620	t1323
t1452	t1801
t487	t1783
t817	t1165
t265	t1504
t1805	t1811
t1907	t591
t485	t310
t1636	t1192
t188	t1173
t1	t1348
t1007	t362
t1839	t1161
t790	t1980
t676	t925
t1730	t120
t296	t980
t1954	t980
t1236	t626
t1422	t1189
t1169	t859
t1804	t126
t1073	t280
t1588	t1294
t666	t1510
t1783	t13
t200	t1352
t908	t1418
t1918	t1050
t1116	t853
t1436	t323
t369	t839
t1101	t1576
t1141	t1724
t463	t571
t129	t253
t362	t847
t1615	t1306
t1009	t1031
t809	t477
t1498	t1358
t1106	t418
t128	t981
t38	t210
t1061	t1458
t629	t1568
t609	t1297
t1271	t1142
t1380	t710
t611	t148
t121	t977
t162	t1845
t1069	t515
t1199	t226
t1134	t1254
t1809	t1930
t312	t911
t606	t142
t970	t425
t1293	t1901
t1067	t1090
t881	t1771
t1174	t29
t1047	t707
t735	t563
t1816	t1895
t727	t982
t168	t1578
t1230	t50
t793	t586
t207	t888
t435	t1888
t701	t1192
t863	t1403
t448	t1147
t90	t1053
t1501	t1127
t527	t17
t1921	t1261
t1514	t1021
t1	t467
t742	t549
t961	t1835
t498	t630
t72	t1204
t495	t433
t97	t1910
t982	t1829
t710	t585
t805	t101
t1322	t1828
t698	t1088
t287	t30
t1788	t280
t649	t1500
t521	t1245
t547	t598
t1111	t1438
t1426	t1814
t677	t1569
t1358	t1646
t1519	t1127
t889	t1930
t19	t558
t1142	t808
t211	t1618
t1768	t1779
t1713	t1675
t227	t576
t788	t1373
t695	t1511
t1520	t777
t1163	t837
t1654	t64
t1603	t1663
t1883	t1663
t1072	t431
t385	t339
t451	t1829
t882	t694
t1786	t898
t1415	t1247
t1730	t190
t1837	t1038
t831	t1568
t1986	t829
t1163	t1706
t1670	t1000
t1954	t1936
t924	t995
t27	t1314
t1711	t850
t801	t1749
t1950	t1822
t1137	t170
t1202	t1826
t525	t1852
t1831	t1371
t424	t758
t1530	t808
t1187	t1504
t917	t601
t478	t1764
t1397	t1266
t1532	t1282
t72	t866
t1908	t1867
t1852	t452
t318	t1851
t1544	t859
t562	t903
t1736	t309
t866	t1812
t1697	t1615
t670	t648
t1883	t1168
t180	t692
t912	t268
t906	t1818
t1014	t533
t1221	t1370
t1818	t1635
t1019	t1358
t1789	t460
t1837	t898
t612	t270
t372	t1145
t1361	t1947
t90	t906
t800	t1143
t1727	t1429
t1022	t1721
t1400	t341
t399	t1135
t297	t115
t1099	t1716
t156	t842
t1209	t1133
t1414	t1604
t336	t1058
t1861	t1655
t1420	t1360
t245	t1503
t1414	t113
t1887	t1206
t799	t1777
t998	t1300
t841	t1431
t753	t279
t1830	t391
t11	t654
t872	t1971
t947	t1957
t1603	t686
t1689	t484
t712	t691
t235	t1304
t464	t265
t1992	t681
t1681	t339
t867	t842
t830	t446
t1707	t1058
t1575	t1304
t499	t137
t328	t1006
t1449	t1588
t1708	t1991
t1756	t100
t722	t1482
t731	t135
t564	t1486
t1843	t1744
t739	t591
t439	t766
t406	t1472
t797	t11
t773	t1459
t963	t1148
t1785	t911
t1822	t1962
t1628	t1777
t1489	t648
t1383	t40
t1234	t1966
t1001	t481
t1287	t559
t1821	t445
t1539	t1674
t56	t94
t764	t701
t914	t835
t1772	t1794
t1263	t469
t1933	t578
t1832	t1188
t441	t826
t1046	t238
t1555	t313
t21	t431
t1918	t1662
t538	t722
t702	t1715
t866	t592
t743	t1208
t631	t1583
t1927	t381
t1351	t126
t511	t1899
t797	t1628
t1802	t1387
t162	t1701
t665	t425
t1207	t1375
t1793	t337
t1159	t1813
t228	t961
t494	t71
t365	t1060
t1706	t1921
t549	t1422
t1344	t489
t533	t1215
t1341	t1465
t1492	t933
t1214	t1430
t665	t925
t1917	t1541
t1275	t340
t863	t328
t612	t1861
t1690	t994
t294	t1995
t1976	t1387
t1089	t489
t305	t1394
t369	t1006
t1918	t1913
t1539	t210
t585	t678
t1538	t899
t1140	t1460
t711	t1021
t921	t365
t1748	t190
t740	t277
t255	t82
t1349	t657
t269	t1093
t1315	t1686
t451	t1203
t1414	t334
t1964	t111
t1383	t1605
t280	t1274
t1827	t14
t1734	t1660
t1081	t635
t1712	t112
t449	t1648
t927	t60
t1082	t1625
t1157	t559
t1317	t932
t999	t1710
t1710	t1769
t1482	t959
t1467	t573
t1342	t136
t127	t1675
t349	t1614
t702	t806
t575	t825
t327	t1373
t1583	t244
t1382	t49
t1625	t106
t1700	t1286
t151	t1634
t1989	t1380
t837	t821
t1224	t1276
t585	t17
t1917	t775
t1769	t616
t1141	t779
t229	t1211
t1708	t1571
t286	t51
t771	t38
t500	t568
t1696	t22
t840	t1292
t955	t359
t1450	t1302
t197	t1358
t1363	t561
t233	t119
t200	t475
t1736	t1935
t1094	t81
t1198	t1084
t1650	t378
t142	t700
t157	t1746
t1317	t412
t633	t365
t52	t1111
t6	t1880
t1016	t777
t420	t741
t541	t1247
t899	t1742
t373	t1293
t683	t320
t339	t1060
t168	t1150
t1875	t539
t1444	t1364
t610	t1161
t1567	t1094
t1394	t282
t1289	t484
t1207	t1120
t1751	t739
t1612	t1859
t1367	t1499
t666	t856
t1964	t1854
t803	t1767
t710	t1107
t1231	t695
t1934	t1428
t1667	t1423
t901	t578
t1289	t1147
t1696	t696
t957	t1308
t384	t282
t1110	t1705
t1315	t536
t1611	t1015
t1126	t733
t1538	t1860
t1307	t1326
t242	t148
t16	t1887
t550	t1135
t31	t1971
t1426	t923
t889	t1935
t26	t1434
t818	t276
t729	t958
t1050	t635
t1163	t1343
t1928	t1644
t149	t524
t1140	t978
t941	t991
t1228	t779
t168	t1566
t987	t192
t1505	t598
t698	t1831
t1464	t1341
t1537	t1432
t281	t437
t200	t741
t497	t1937
t1117	t1112
t27	t807
t1567	t767
t1310	t357
t1426	t512
t1860	t165
t1376	t1702
t523	t629
t783	t1112
t448	t232
t711	t1265
t372	t1572
t503	t854
t1722	t1848
t1705	t1474
t1263	t578
t1623	t99
t1942	t747
t193	t1150
t1369	t409
t1348	t1741
t1444	t1493
t520	t860
t1060	t1049
t1564	t1884
t468	t376
t47	t1162
t1190	t1302
t1087	t755
t70	t340
t1830	t1707
t603	t827
t1809	t484
t398	t1332
t978	t130
t1481	t978
t1537	t1015
t1991	t1637
t533	t986
t51	t982
t1899	t1373
t606	t1768
t1824	t989
t1616	t592
t395	t298
t918	t1547
t1535	t205
t801	t1843
t1716	t1782
t1329	t586
t169	t1355
t760	t1385
t1869	t248
t503	t33
t1490	t1902
t1338	t1379
t708	t886
t1160	t107
t943	t766
t1040	t226
t1877	t253
t1101	t1979
t1329	t1711
t1438	t952
t1498	t320
t1103	t1915
t1894	t590
t1400	t677
t948	t1731
t121	t804
t799	t10
t47	t836
t1157	t623
t305	t749
t1219	t1161
t1157	t874
t1435	t1897
t1556	t974
t834	t1294
t683	t1980
t1713	t617
t1174	t1531
t1383	t715
t16	t1038
t8	t1647
t788	t285
t650	t1995
t759	t775
t837	t843
t230	t1170
t1075	t1416
t356	t1650
t665	t1770
t639	t238
t662	t735
t1939	t337
t168	t1049
t169	t54
t591	t715
t1096	t1718
t1065	t60
t161	t1890
t332	t1579
t448	t471
t999	t809
t250	t1580
t310	t855
t683	t1573
t742	t1348
t1083	t573
t309	t583
t330	t554
t638	t45
t1818	t480
t102	t122
t1773	t1716
t301	t979
t1792	t383
t867	t935
t1275	t1043
t834	t686
t1438	t940
t697	t1222
t1860	t1695
t18	t121
t1350	t1277
t384	t204
t907	t1799
t940	t1399
t415	t1006
t1567	t69
t1231	t1915
t1954	t288
t931	t41
t1104	t1320
t1943	t1522
t221	t310
t1890	t1066
t1786	t418
t1315	t1857
t482	t1584
t1321	t1481
t535	t1996
t439	t329
t1723	t577
t1104	t786
t732	t419
t597	t199
t334	t1648
t1914	t1371
t79	t165
t1886	t1448
t1956	t920
t1561	t1504
t714	t166
t1433	t1241
t61	t1375
t361	t953
t1142	t1646
t1834	t1719
t1281	t1237
t1524	t1995
t1920	t984
t1115	t313
t1627	t1213
t1472	t853
t1364	t991
t159	t482
t914	t991
t921	t1443
t86	t411
t1818	t1777
t1884	t1843
t1734	t1386
t1200	t126
t1610	t1428
t1921	t244
t1064	t1413
t1804	t1678
t555	t409
t800	t1045
t1723	t1075
t1010	t543
t1681	t95
t318	t1757
t1838	t1631
t1699	t1679
t1009	t1191
t398	t1951
t321	t960
t1376	t125
t1869	t1547
t518	t1897
t458	t1024
t879	t1390
t1807	t592
t427	t267
t1704	t544
t536	t114
t1220	t861
t228	t965
t209	t1695
t1595	t275
t1631	t986
t1846	t1387
t1053	t1650
t1906	t278
t1689	t1878
t344	t541
t1681	t352
t332	t989
t538	t1217
t1333	t259
t1745	t933
t1839	t564
t1048	t1811
t83	t1802
t1277	t188
t1578	t1224
t1102	t1941
t1295	t681
t901	t15
t1892	t1084
t1377	t1833
t1351	t1593
t677	t1325
t1991	t127
t386	t1713
t881	t1770
t1266	t810
t1322	t542
t1145	t989
t1607	t669
t1483	t1051
t1543	t1358
t1063	t1378
t29	t1555
t469	t730
t918	t1678
t1801	t124
t801	t1164
t1583	t1568
t324	t494
t838	t1837
t1347	t1812
t1701	t1003
t655	t1467
t1231	t1252
t1196	t325
t1733	t369
t206	t693
t234	t1448
t1199	t76
t141	t317
t1394	t1541
t453	t975
t1029	t727
t1838	t1378
t1153	t554
t827	t1294
t310	t1292
t490	t14
t1318	t372
t1537	t618
t617	t245
t1368	t322
t1881	t1204
t1247	t1548
t1040	t274
t382	t199
t1778	t1248
t1176	t343
t1478	t671
t1036	t1288
t745	t172
t16	t1775
t79	t1449
t1444	t808
t188	t452
t1256	t373
t1376	t1579
t1941	t706
t47	t1507
t217	t1469
t1436	t1660
t1268	t766
t1022	t95
t1872	t824
t239	t152
t1891	t1890
t403	t1206
t1286	t1015
t1370	t1493
t218	t248
t32	t434
t569	t619
t961	t1469
t1080	t109
t256	t19
t877	t943
t1743	t1621
t1208	t1925
t1945	t362
t1025	t1510
t745	t167
t1053	t907
t694	t1553
t626	t1119
t1350	t1269
t1167	t236
t1635	t1528
t1855	t875
t1444	t1461
t315	t1662
t1898	t104
t1044	t269
t1327	t1640
t816	t1254
t1817	t113
t739	t1584
t1783	t376
t502	t1654
t217	t1999
t742	t14
t361	t621
t1161	t184
t1023	t1569
t632	t1630
t1888	t135
t16	t190
t1939	t238
t1775	t42
t909	t133
t922	t1272
t887	t1802
t1581	t401
t1295	t844
t1900	t1382
t332	t964
t609	t1840
t1612	t1029
t1462	t1684
t316	t977
t1953	t1387
t314	t121
t1563	t63
t1162	t113
t902	t1472
t79	t858
t702	t1702
t587	t293
t472	t1274
t1552	t13
t791	t865
t1389	t484
t1031	t1446
t863	t1313
t1143	t287
t1166	t265
t1117	t24
t917	t628
t162	t1284
t788	t294
t1530	t1560
t281	t599
t375	t586
t699	t242
t1909	t1366
t48	t64
t292	t1626
t110	t1
t422	t677
t1031	t495
t1271	t1462
t2	t971
t575	t1030
t6	t1855
t1870	t1545
t454	t1945
t1473	t1731
t1691	t634
t1263	t1309
t1536	t979
t797	t89
t1271	t894
t45	t616
t432	t683
t1163	t1691
t54	t266
t1177	t474
t454	t184
t240	t348
t887	t1201
t655	t1075
t1281	t760
t249	t1630
t781	t1306
t1340	t512
t878	t455
t1733	t993
t1947	t1129
t429	t942
t1698	t226
t1333	t295
t1351	t674
t475	t259
t1317	t712
t617	t1981
t308	t1890
t1593	t829
t27	t1127
t1399	t1362
t1866	t1175
t1400	t1448
t1083	t1721
t1959	t1397
t1122	t520
t72	t1875
t536	t673
t18	t769
t77	t646
t233	t1150
t1670	t1921
t1156	t1678
t158	t527
t1869	t842
t1000	t903
t1555	t1576
t1380	t254
t475	t524
t1530	t142
t234	t1627
t85	t1306
t201	t925
t102	t245
t1734	t1617
t1927	t334
t1831	t1019
t1202	t1454
t937	t271
t300	t843
t1464	t694
t1597	t975
t731	t1119
t173	t1059
t1595	t1499
t1589	t847
t924	t1184
t1342	t1122
t763	t443
t1717	t1711
t956	t1279
t1838	t1197
t539	t617
t537	t436
t930	t1759
t912	t1865
t1182	t1128
t1619	t1805
t1881	t334
t1656	t1290
t580	t255
t411	t278
t1145	t390
t505	t561
t778	t1147
t884	t652
t1692	t1246
t1494	t720
t587	t46
t1010	t1293
t892	t735
t217	t1356
t874	t358
t1363	t766
t799	t911
t1421	t270
t1310	t1742
t1922	t253
t1245	t845
t397	t1845
t1252	t815
t118	t968
t1130	t1841
t1025	t21
t572	t1057
t119	t1610
t186	t1033
t819	t558
t1171	t1070
t918	t745
t306	t181
t778	t200
t927	t1324
t61	t984
t1378	t155
t1530	t760
t606	t141
t1228	t1381
t1687	t667
t1936	t1078
t1810	t911
t1062	t1654
t534	t59
t490	t470
t45	t432
t191	t1208
t32	t414
t531	t89
t1963	t1177
t1973	t903
t1942	t12
t1955	t824
t594	t751
t213	t1391
t228	t1948
t1596	t1158
t985	t680
t1396	t1463
t1468	t1777
t1870	t705
t1164	t1178
t699	t1545
t996	t1041
t1287	t355
t1974	t1758
t1793	t1060
t1875	t27
t1962	t1321
t256	t1411
t1245	t1960
t1374	t1302
t1478	t1788
t251	t142
t1515	t176
t505	t1573
t419	t122
t1146	t926
t1820	t1829
t1325	t640
t542	t1897
t1295	t1885
t518	t758
t1111	t977
t77	t441
t403	t1316
t1667	t1390
t871	t64
t1292	t845
t701	t573
t1566	t1092
t307	t656
t1100	t948
t556	t1480
t228	t235
t1271	t823
t1733	t1172
t454	t27
t55	t1311
t562	t1132
t18	t1152
t191	t576
t171	t789
t591	t1810
t1722	t827
t1154	t392
t1283	t806
t936	t693
t217	t1282
t1645	t409
t1842	t1637
t1379	t1250
t1328	t1944
t343	t173
t1210	t1962
t1232	t985
t195	t1265
t1242	t522
t1918	t1722
t1911	t185
t210	t98
t731	t432
t1061	t1471
t127	t1541
t62	t698
t727	t260
t1031	t540
t708	t1915
t1029	t772
t628	t1811
t1579	t431
t1181	t223
t505	t1753
t1230	t1264
t293	t1043
t828	t997
t1855	t1265
t85	t927
t1285	t1385
t8	t894
t1963	t307
t859	t1499
t80	t1243
t1072	t586
t938	t1630
t1121	t1413
t953	t1067
t597	t1601
t1169	t1003
t80	t1796
t7	t33
t347	t1799
t257	t33
t833	t744
t1653	t1414
t887	t740
t1394	t1158
t776	t371
t100	t853
t302	t868
t891	t126
t1179	t1905
t1554	t1768
t181	t237
t448	t820
t201	t245
t1820	t724
t1761	t64
t1776	t846
t402	t311
t1754	t959
t1535	t1919
t1809	t398
t1080	t935
t666	t419
t323	t1173
t1019	t1476
t1464	t1710
t17	t1684
t423	t364
t832	t1159
t920	t1843
t1939	t1222
t305	t1368
t1197	t1550
t1102	t186
t673	t997
t1396	t1684
t963	t763
t1029	t437
t1727	t470
t1763	t1101
t121	t1635
t1987	t383
t132	t163
t1022	t154
t255	t645
t1202	t1092
t146	t1510
t1102	t641
t855	t883
t336	t1718
t331	t199
t1645	t1007
t625	t1675
t1235	t1744
t1715	t1109
t1475	t853
t1009	t1517
t930	t1553
t1452	t74
t6	t1342
t1337	t775
t584	t106
t722	t1782
t324	t70
t1643	t1600
t1935	t1139
t45	t212
t1850	t1189
t427	t642
t625	t245
t430	t1620
t704	t318
t624	t573
t1391	t613
t380	t1939
t947	t35
t737	t705
t72	t342
t1045	t506
t1145	t371
t1004	t981
t838	t636
t682	t512
t697	t170
t1931	t728
t1037	t145
t575	t968
t1245	t1090
t1664	t494
t1662	t1805
t931	t1947
t1786	t1387
t1260	t1096
t62	t1758
t119	t1367
t1419	t563
t950	t17
t951	t476
t812	t401
t729	t1584
t1160	t128
t840	t542
t1185	t1617
t1473	t850
t1404	t37
t812	t1237
t1009	t949
t514	t787
t294	t1654
t1089	t387
t565	t910
t399	t1799
t291	t787
t1438	t1333
t556	t1967
t279	t962
t1876	t434
t1855	t1052
t1904	t15
t863	t460
t1706	t216
t318	t686
t689	t995
t802	t607
t1599	t1735
t267	t1912
t7	t229
t1836	t1888
t1067	t116
t1941	t1997
t638	t808
t1696	t1689
t90	t981
t1958	t1766
t809	t1639
t1530	t1746
t1291	t54
t435	t376
t1977	t1282
t87	t978
t1154	t1701
t834	t295
t1297	t266
t1504	t311
t1657	t1625
t312	t148
t315	t9
t361	t1869
t1862	t197
t955	t291
t52	t1980
t1327	t451
t1882	t1017
t332	t980
t1611	t1084
t1193	t951
t154	t1204
t1128	t624
t1200	t1823
t53	t374
t1870	t1919
t272	t1776
t514	t392
t1934	t15
t1388	t1845
t623	t204
t1378	t1426
t999	t779
t1464	t604
t1723	t1660
t1654	t459
t788	t1218
t1406	t1168
t913	t693
t29	t94
t841	t465
t1523	t561
t53	t1264
t1701	t1865
t1582	t1711
t507	t152
t141	t538
t1294	t1552
t1140	t70
t1012	t889
t612	t1565
t1533	t86
t537	t973
t390	t92
t1456	t1668
t671	t750
t1943	t711
t1727	t284
t201	t1540
t1029	t1904
t639	t1777
t334	t382
t1736	t698
t1877	t1767
t1385	t376
t430	t796
t430	t1135
t316	t932
t1	t1672
t585	t1454
t495	t726
t1066	t1857
t1804	t807
t25	t1004
t1706	t1769
t813	t147
t1369	t1333
t1296	t1194
t1552	t1905
t420	t570
t1559	t497
t236	t1211
t120	t1001
t19	t112
t1280	t1375
t1611	t716
t1748	t977
t50	t708
t710	t1497
t42	t1252
t1018	t382
t1512	t1607
t1616	t125
t1335	t1598
t633	t1781
t1282	t1325
t1882	t1937
t1464	t1563
t823	t358
t1875	t632
t837	t1512
t830	t973
t1907	t1133
t718	t315
t924	t1648
t1104	t1716
t1330	t774
t997	t935
t1444	t1863
t890	t543
t105	t1224
t1180	t1729
t1924	t942
t565	t1122
t1350	t184
t363	t1879
t485	t1583
t491	t1413
t1243	t248
t337	t1497
t995	t342
t352	t14
t1882	t423
t798	t1704
t1324	t1901
t1581	t1706
t841	t118
t1351	t384
t517	t243
t491	t1022
t378	t1632
t905	t328
t83	t1024
t1532	t1146
t661	t1464
t525	t1710
t800	t217
t1926	t1066
t637	t1971
t1395	t1096
t1717	t1270
t1262	t1397
t1803	t1857
t1450	t664
t833	t679
t945	t1144
t474	t1735
t349	t555
t443	t1262
t936	t1252
t308	t483
t1659	t1150
t72	t203
t1056	t772
t1110	t93
t69	t1591
t1586	t1020
t861	t842
t1104	t682
t453	t856
t233	t125
t146	t1331
t1247	t1384
t651	t173
t1305	t1313
t1730	t789
t538	t388
t1861	t880
t461	t1357
t609	t1215
t198	t1597
t1761	t1166
t636	t1710
t1715	t1360
t1775	t321
t423	t680
t1408	t1936
t203	t530
t1176	t791
t269	t1409
t1065	t205
t954	t832
t77	t124
t141	t1946
t1822	t1013
t612	t122
t318	t244
t1713	t1339
t1340	t13
t1650	t231
t597	t1970
t1464	t1293
t1869	t254
t809	t1551
t68	t1499
t1521	t1865
t1193	t1707
t1535	t1996
t1256	t1745
t1928	t766
t1398	t1234
t514	t403
t1365	t641
t54	t1067
t1877	t1684
t651	t444
t693	t1505
t1577	t387
t261	t587
t1524	t166
t1403	t853
t964	t977
t783	t1927
t1455	t1747
t1057	t20
t837	t1767
t1252	t357
t798	t616
t1130	t1100
t1781	t163
t305	t1332
t944	t1016
t1004	t878
t511	t1254
t666	t1947
t1669	t1476
t1664	t774
t1975	t1913
t45	t163
t1134	t130
t1281	t392
t1627	t552
t708	t980
t26	t1083
t435	t1615
t1978	t544
t430	t911
t265	t484
t1832	t645
t1346	t892
t1098	t948
t1948	t605
t333	t363
t485	t1795
t672	t244
t211	t1461
t833	t578
t1514	t954
t579	t916
t958	t599
t1567	t696
t1343	t1680
t696	t302
t791	t115
t1466	t746
t1797	t604
t1073	t565
t1942	t1834
t1440	t995
t684	t450
t759	t755
t99	t866
t221	t1784
t1794	t524
t1318	t188
t1743	t171
t1939	t1521
t10	t1534
t1223	t590
t427	t680
t83	t1347
t134	t975
t1106	t876
t326	t523
t1590	t672
t1796	t578
t1859	t1412
t719	t550
t531	t1103
t218	t595
t1404	t1282
t161	t1731
t1872	t872
t1151	t1062
t1786	t1629
t1408	t1237
t1015	t1925
t1359	t1891
t132	t621
t912	t245
t4	t1713
t1722	t1755
t1840	t780
t796	t91
t1323	t1779
t61	t1594
t1363	t604
t1023	t1199
t1310	t1846
t918	t1129
t895	t1167
t43	t208
t194	t1721
t1513	t236
t1820	t641
t763	t1069
t698	t593
t203	t965
t435	t1039
t1080	t674
t494	t938
t1010	t164
t189	t1695
t1856	t1845
t1409	t794
t1621	t1188
t1352	t555
t1518	t1913
t1249	t1519
t639	t694
t326	t755
t1570	t1577
t339	t389
t1927	t1382
t222	t519
t1023	t658
t469	t441
t684	t1671
t555	t1843
t1336	t434
t1916	t1270
t1982	t173
t1042	t1935
t983	t1222
t52	t1912
t1104	t475
t36	t1600
t301	t479
t1823	t870
t718	t203
t251	t1961
t1896	t1748
t643	t24
t1951	t1024
t137	t1058
t1166	t1287
t1802	t1078
t4	t1910
t344	t238
t1317	t402
t998	t925
t1770	t830
t241	t75
t1272	t686
t1672	t1264
t742	t1650
t928	t1593
t1163	t512
t387	t1735
t305	t1033
t809	t522
t1068	t115
t503	t864
t1415	t636
t1842	t8
t663	t1845
t1008	t112
t1115	t890
t684	t478
t782	t354
t651	t653
t20	t934
t816	t707
t1257	t1966
t1943	t1312
t1209	t1384
t169	t724
t1097	t392
t795	t351
t565	t620
t32	t1325
t1456	t1632
t84	t130
t612	t150
t1347	t1379
t303	t282
t736	t316
t314	t615
t1519	t1779
t1909	t686
t1802	t1773
t1193	t1449
t527	t1983
t892	t1925
t1464	t601
t342	t1569
t588	t677
t1318	t85
t122	t1402
t2000	t596
t1927	t543
t1529	t336
t818	t966
t200	t808
t511	t521
t1696	t943
t359	t990
t1736	t410
t1645	t70
t966	t964
t1849	t1735
t323	t1399
t667	t117
t1455	t597
t1283	t559
t286	t1380
t1978	t1139
t704	t1905
t198	t873
t1518	t993
t1969	t154
t1163	t1501
t1311	t231
t1955	t1020
t1255	t506
t1441	t425
t161	t918
t84	t1255
t887	t210
t1083	t34
t300	t1782
t452	t1423
t168	t272
t93	t1373
t1210	t1947
t1518	t1897
t657	t208
t1616	t1721
t6	t201
t1238	t134
t1974	t184
t716	t346
t1748	t1780
t1903	t962
t1007	t437
t75	t1290
t838	t1299
t895	t1212
t806	t1749
t1342	t1814
t16	t1818
t1144	t258
t367	t1546
t1231	t1433
t809	t319
t867	t756
t1858	t974
t1512	t266
t854	t1995
t1409	t911
t112	t971
t852	t857
t717	t929
t1858	t1613
t1091	t219
t1694	t226
t1361	t197
t1041	t985
t517	t853
t983	t1494
t937	t786
t1657	t1270
t1317	t1671
t840	t530
t1653	t736
t1953	t1259
t1252	t1808
t624	t766
t1622	t1811
t429	t1129
t982	t1367
t456	t260
t386	t334
t1033	t1421
t895	t1280
t682	t509
t97	t692
t81	t180
t281	t1022
t771	t401
t1520	t1740
t1968	t351
t1182	t968
t1351	t145
t1370	t1369
t697	t1944
t177	t634
t96	t342
t330	t1770
t781	t1049
t892	t980
t1827	t555
t850	t842
t802	t1122
t1635	t1493
t136	t1513
t590	t394
t731	t1152
t757	t1891
t1455	t259
t938	t1003
t747	t1357
t1986	t749
t757	t1184
t206	t571
t1364	t1663
t1688	t1857
t811	t425
t572	t151
t211	t13
t89	t885
t1293	t117
t844	t614
t1257	t1496
t1273	t1302
t42	t1166
t936	t232
t1370	t417
t321	t1158
t1007	t1480
t931	t1925
t927	t75
t1416	t604
t1317	t1956
t1617	t1608
t79	t548
t120	t1487
t51	t590
t188	t1576
t562	t1367
t841	t861
t657	t1316
t96	t1674
t690	t585
t922	t1970
t1822	t6
t697	t1201
t293	t278
t1946	t653
t260	t977
t940	t911
t51	t1342
t1337	t886
t280	t716
t603	t1960
t1501	t290
t1433	t597
t1083	t1123
t1941	t1464
t1920	t857
t719	t1848
t175	t728
t832	t1753
t887	t1458
t806	t1043
t1762	t311
t844	t1639
t1730	t801
t1906	t535
t819	t604
t1969	t1916
t388	t1580
t1126	t529
t1916	t949
t1840	t1685
t1198	t1090
t999	t1934
t46	t477
t1232	t596
t343	t63
t1004	t528
t636	t1281
t684	t1001
t1617	t860
t1023	t1065
t1672	t1227
t1858	t93
t1984	t259
t998	t1526
t1544	t162
t1563	t1103
t920	t436
t979	t570
t721	t1230
t1840	t1229
t907	t933
t813	t1423
t50	t1249
t472	t139
t1551	t669
t1452	t634
t1823	t1483
t965	t1811
t1207	t1280
t250	t1681
t1471	t1622
t1523	t1405
t732	t1183
t676	t994
t181	t1921
t1034	t1020
t99	t1863
t733	t15
t1361	t1031
t1875	t485
t405	t84
t1827	t920
t410	t1754
t1693	t1683
t1818	t1471
t229	t977
t1081	t1316
t730	t1493
t1529	t314
t1551	t125
t1696	t1475
t77	t1250
t1623	t8
t1814	t1829
t1387	t1139
t1286	t307
t235	t1531
t887	t1115
t742	t1756
t1437	t1999
t156	t1685
t1769	t377
t1778	t1516
t190	t1695
t206	t751
t1883	t1993
t251	t1831
t957	t1420
t1592	t1229
t1338	t1481
t1882	t1817
t741	t1019
t1151	t1531
t1975	t815
t1715	t854
t264	t738
t738	t1865
t1233	t1622
t1142	t1390
t262	t627
t193	t1058
t927	t657
t1192	t653
t1877	t1853
t1859	t1766
t1664	t720
t162	t74
t691	t1135
t21	t1742
t740	t1290
t1725	t741
t1257	t775
t335	t1711
t1146	t616
t1407	t671
t233	t1658
t873	t1771
t465	t1586
t1627	t1936
t1908	t1160
t83	t1815
t1896	t1752
t516	t1654
t1028	t1817
t1286	t1245
t1874	t1263
t1821	t1058
t1295	t114
t1469	t1589
t1876	t1218
t55	t586
t587	t1019
t470	t1805
t752	t1224
t4	t1680
t228	t574
t399	t1567
t141	t112
t1333	t417
t804	t1503
t459	t425
t580	t444
t1892	t335
t1689	t1412
t1146	t1930
t608	t1256
t1616	t1502
t49	t634
t930	t97
t588	t1562
t914	t112
t1283	t529
t1029	t341
t1730	t1405
t84	t1857
t1560	t1272
t25	t611
t1352	t393
t416	t645
t726	t1720
t105	t1782
t955	t280
t304	t1287
t250	t1194
t343	t925
t1897	t409
t1392	t1302
t1056	t210
t1943	t824
t1028	t418
t1838	t629
t1231	t1438
t843	t1731
t17	t1695
t155	t387
t477	t897
t825	t5
t1151	t144
t1518	t1535
t1804	t17
t1478	t1647
t712	t145
t1995	t226
t1141	t686
t1784	t57
t1475	t1308
t1039	t327
t1106	t1843
t703	t167
t314	t915
t1047	t1451
t768	t1921
t1578	t1800
t1014	t113
t1474	t558
t595	t1424
t889	t846
t1180	t1345
t189	t692
t1312	t935
t1788	t524
t732	t203
t1084	t209
t1061	t1566
t542	t1487
t311	t114
t1809	t828
t1853	t570
t430	t384
t569	t1507
t1965	t1220
t1151	t1677
t1690	t573
t970	t392
t1376	t1339
t1231	t1343
t1877	t259
t1512	t184
t197	t1308
t1171	t404
t1215	t44
t708	t376
t122	t1505
t131	t779
t1267	t596
t1207	t1673
t1120	t981
t1948	t1834
t1037	t398
t328	t619
t262	t1853
t1583	t452
t1141	t1853
t1472	t1042
t752	t709
t1468	t923
t1094	t1918
t1551	t919
t1754	t911
t538	t1545
t1722	t1774
t445	t664
t1478	t1847
t47	t1405
t367	t237
t591	t724
t314	t1969
t293	t1573
t1372	t1007
t96	t1197
t588	t1275
t1886	t318
t1954	t37
t1256	t1414
t814	t1565
t1255	t199
t1284	t1897
t696	t1332
t983	t583
t606	t1847
t1320	t920
t1726	t822
t514	t1
t1512	t1853
t687	t276
t291	t1139
t638	t711
t1522	t320
t435	t760
t817	t1724
t1538	t1006
t1876	t1215
t302	t1578
t1610	t524
t472	t960
t230	t896
t1182	t643
t1654	t1713
t1245	t894
t1853	t1066
t333	t1369
t1495	t1302
t655	t981
t1442	t1919
t1866	t13
t1699	t313
t160	t1254
t774	t701
t1664	t78
t1483	t382
t1960	t968
t1772	t758
t1130	t774
t465	t1694
t740	t602
t261	t1729
t928	t980
t369	t1172
t508	t1226
t731	t237
t186	t1719
t646	t1637
t213	t1643
t1450	t180
t1504	t429
t314	t1570
t1106	t36
t20	t52
t1420	t1309
t1645	t397
t1372	t1036
t1804	t218
t1037	t252
t706	t1621
t1071	t907
t48	t617
t64	t857
t1418	t1497
t1336	t1692
t907	t848
t1386	t1428
t56	t1979
t1736	t969
t1712	t480
t1459	t371
t584	t1249
t1278	t1344
t905	t1638
t828	t1272
t537	t533
t1207	t693
t1914	t37
t1564	t1786
t565	t1905
t542	t508
t1942	t135
t192	t1666
t594	t555
t1337	t948
t535	t857
t535	t43
t1341	t592
t1160	t1001
t19	t1819
t1247	t1846
t36	t1202
t1798	t100
t528	t476
t108	t858
t303	t107
t1921	t623
t1235	t1979
t1775	t475
t805	t653
t890	t1790
t1964	t1542
t2000	t1076
t1641	t555
t1920	t1273
t762	t551
t1051	t98
t1712	t43
t1573	t95
t908	t1810
t302	t1921
t988	t117
t1763	t973
t839	t1970
t1231	t1556
t1286	t1846
t1520	t1304
t930	t1698
t611	t1345
t333	t687
t1448	t758
t1625	t1458
t1733	t593
t1883	t1430
t1097	t863
t1260	t1483
t1770	t12
t1263	t1657
t1247	t292
t678	t1211
t1618	t1341
t1689	t266
t362	t238
t584	t1054
t1047	t1765
t877	t1767
t752	t1362
t1022	t897
t42	t855
t159	t69
t1903	t1551
t1842	t153
t1585	t600
t212	t118
t1776	t794
t1289	t371
t639	t497
t966	t1274
t1073	t985
t1328	t1078
t867	t1060
t1036	t1545
t687	t204
t1009	t1443
t314	t1143
t1406	t589
t1707	t397
t286	t917
t624	t1898
t976	t1218
t587	t1922
t1565	t146
t177	t1056
t304	t1880
t1349	t1617
t375	t810
t1838	t1542
t677	t1001
t1810	t204
t514	t352
t1157	t1097
t1591	t1237
t1979	t975
t1023	t317
t1498	t1915
t1858	t1242
t1352	t1864
t897	t808
t1726	t1214
t50	t1431
t1812	t1005
t177	t1123
t1012	t1873
t1162	t197
t1342	t979
t493	t1746
t408	t681
t1391	t449
t116	t1127
t613	t1454
t1004	t91
t703	t1869
t1106	t1397
t296	t925
t1407	t194
t1996	t794
t1886	t325
t1466	t394
t1679	t1915
t1132	t967
t1289	t1744
t1564	t15
t256	t1545
t712	t142
t140	t1313
t410	t1481
t1469	t756
t314	t342
t333	t188
t1795	t285
t768	t146
t1911	t1375
t1818	t995
t1609	t370
t802	t859
t1609	t253
t1079	t1513
t742	t682
t192	t1348
t1692	t1758
t1763	t430
t461	t1653
t795	t1721
t127	t577
t731	t829
t350	t1689
t1680	t522
t1354	t1051
t127	t1735
t921	t918
t1524	t1101
t345	t1428
t541	t1503
t1645	t524
t1321	t1357
t1822	t485
t1660	t637
t930	t1634
t1338	t1860
t498	t489
t467	t263
t350	t1142
t502	t896
t1699	t21
t1643	t295
t585	t903
t438	t100
t939	t824
t875	t1001
t1154	t140
t1315	t542
t1431	t477
t654	t1246
t1908	t1821
t683	t789
t1948	t779
t1455	t883
t1710	t1239
t1918	t834
t5	t446
t1985	t672
t887	t992
t1567	t846
t58	t1219
t1459	t903
t668	t1980
t778	t1948
t1359	t1352
t870	t550
t1362	t199
t527	t1861
t820	t660
t877	t1720
t51	t272
t373	t955
t753	t1930
t1612	t775
t1715	t1583
t75	t1345
t385	t1226
t189	t1171
t1612	t525
t706	t1832
t1753	t1865
t585	t1086
t430	t544
t202	t1765
t1106	t1972
t1984	t523
t281	t964
t42	t1670
t1417	t1055
t1530	t664
t1202	t1213
t1087	t1000
t632	t1188
t1412	t1794
t1209	t159
t1850	t320
t402	t643
t1057	t1573
t35	t715
t587	t519
t1772	t1744
t1974	t1086
t941	t1969
t247	t24
t1743	t1314
t1975	t1646
t1862	t482
t324	t220
t556	t1500
t1248	t1161
t509	t446
t1957	t1419
t1084	t656
t217	t683
t1400	t984
t464	t1305
t1085	t962
t808	t1740
t1727	t885
t856	t103
t1041	t188
t864	t161
t1241	t123
t780	t1367
t335	t592
t1141	t359
t504	t1877
t1858	t73
t1538	t415
t1122	t1178
t766	t813
t458	t1546
t1490	t218
t509	t1246
t332	t422
t442	t277
t1183	t1365
t1388	t978
t1327	t662
t1012	t514
t1301	t69
t50	t1526
t758	t653
t1626	t611
t1572	t520
t738	t1314
t651	t1513
t206	t1089
t1592	t1380
t1927	t1116
t564	t543
t514	t1750
t1691	t476
t1131	t1038
t1291	t1176
t969	t864
t1693	t686
t1382	t1655
t538	t275
t684	t761
t941	t962
t1701	t1442
t128	t1948
t793	t1631
t1611	t989
t1287	t796
t868	t1692
t9	t592
t1514	t674
t1440	t75
t1153	t352
t927	t535
t310	t1019
t613	t78
t702	t1534
t1392	t23
t1209	t246
t1569	t1362
t368	t560
t1198	t44
t250	t1688
t551	t1205
t1611	t338
t1487	t722
t1330	t32
t1200	t1277
t1790	t232
t456	t1674
t1174	t200
t622	t1685
t1163	t431
t914	t1594
t1141	t37
t1352	t725
t375	t1999
t216	t646
t500	t1864
t113	t95
t1199	t138
t1466	t1674
t131	t1636
t83	t642
t684	t1369
t1370	t1574
t905	t1349
t1004	t1630
t529	t1968
t1322	t356
t433	t1904
t1504	t775
t81	t83
t88	t1725
t537	t748
t1391	t1725
t1400	t1978
t1235	t1055
t1361	t632
t1232	t1558
t1151	t1784
t1276	t147
t79	t738
t1056	t1944
t1793	t138
t86	t619
t1656	t772
t1180	t237
t1315	t571
t1549	t1675
t1178	t784
t814	t378
t1322	t378
t881	t1306
t590	t1340
t286	t1606
t1163	t736
t73	t1430
t1555	t868
t689	t1204
t1987	t339
t143	t278
t1647	t1055
t1118	t1328
t1195	t1273
t1906	t736
t688	t1185
t1091	t1442
t217	t82
t1817	t1116
t176	t560
t852	t775
t4	t474
t1952	t450
t96	t329
t1240	t1725
t1451	t595
t388	t1506
t1973	t312
t464	t1584
t416	t1088
t1960	t15
t868	t1971
t1515	t1628
t1841	t594
t1099	t148
t465	t101
t516	t1768
t1867	t779
t1775	t1582
t1067	t1105
t1700	t1686
t639	t1579
t1233	t1191
t330	t1078
t1942	t1255
t254	t1777
t655	t1251
t1456	t1378
t1452	t63
t589	t1864
t203	t480
t794	t1316
t1556	t1883
t716	t222
t1468	t614
t788	t116
t545	t57
t350	t800
t1501	t866
t656	t1457
t1832	t1381
t533	t578
t531	t1615
t1322	t1560
t1185	t1614
t1121	t767
t1321	t530
t1918	t1539
t689	t1478
t1124	t1751
t1013	t1881
t1993	t1637
t1123	t1895
t1729	t1695
t1386	t1498
t1098	t950
t1236	t1119
t1045	t222
t702	t1790
t695	t1168
t94	t1980
t1449	t1807
t1942	t1271
t350	t1009
t817	t1032
t941	t801
t407	t1282
t290	t1553
t834	t1096
t1298	t431
t64	t1325
t1704	t1750
t321	t232
t1126	t356
t142	t204
t1039	t1166
t1911	t1003
t352	t617
t1882	t452
t588	t1116
t1022	t1003
t1311	t1751
t1392	t1587
t1124	t1300
t241	t922
t879	t1881
t1180	t1786
t1148	t519
t504	t423
t1664	t1766
t1748	t1816
t820	t352
t762	t795
t1102	t847
t118	t1805
t1539	t575
t135	t174
t1230	t883
t456	t1847
t215	t1219
t1855	t1834
t1560	t981
t403	t1981
t1143	t515
t1773	t345
t856	t983
t1328	t1033
t1657	t858
t988	t1302
t1943	t636
t424	t520
t207	t1986
t704	t896
t1169	t1626
t151	t1052
t441	t308
t1146	t1249
t1197	t794
t264	t971
t583	t254
t480	t163
t699	t1888
t105	t65
t662	t1184
t638	t1027
t435	t1037
t1678	t1873
t1906	t1152
t1110	t116
t257	t807
t1037	t129
t1504	t674
t141	t1805
t841	t1030
t1146	t259
t838	t150
t1427	t1362
t229	t849
t703	t136
t643	t7
t580	t544
t1993	t789
t936	t1829
t1310	t1755
t669	t1749
t538	t1043
t914	t3
t989	t782
t1451	t909
t1244	t577
t1284	t1573
t863	t990
t1783	t1119
t1705	t1428
t516	t1539
t631	t671
t715	t1119
t1478	t1227
t398	t865
t1244	t205
t957	t1270
t1130	t1664
t1379	t144
t1346	t488
t344	t963
t423	t772
t1096	t1768
t1475	t340
t102	t1129
t1642	t629
t162	t475
t257	t1103
t1444	t1946
t795	t1574
t514	t1324
t167	t270
t1260	t876
t168	t1517
t1823	t1121
t1116	t1876
t856	t980
t1856	t910
t1230	t1288
t881	t997
t1849	t1363
t1159	t1788
t1337	t445
t312	t1669
t1413	t713
t1661	t1043
t757	t22
t381	t1445
t1432	t1208
t979	t165
t1343	t1895
t1572	t1672
t844	t1922
t944	t470
t1916	t1921
t441	t1967
t1245	t208
t651	t20
t192	t403
t603	t878
t475	t1580
t1615	t761
t198	t843
t1353	t411
t1657	t1550
t1970	t348
t580	t1019
t468	t1774
t579	t488
t1626	t845
t881	t1089
t113	t14
t816	t1781
t1478	t474
t331	t1731
t261	t1487
t1464	t1768
t77	t1867
t607	t1912
t1934	t1360
t69	t1999
t1227	t1994
t1462	t1006
t841	t1810
t1899	t871
t864	t1783
t1654	t184
t694	t1203
t1838	t670
t625	t1164
t1475	t813
t1369	t278
t1199	t147
t1570	t641
t1255	t1949
t472	t909
t398	t295
t1359	t1214
t58	t530
t677	t138
t1729	t460
t1233	t283
t497	t1268
t1609	t1608
t746	t1373
t492	t1001
t846	t1741
t30	t1640
t478	t582
t1490	t808
t367	t1620
t1729	t577
t399	t697
t834	t1945
t1576	t1528
t782	t1075
t560	t243
t1444	t320
t1106	t242
t357	t882
t532	t289
t292	t829
t954	t1827
t491	t82
t954	t122
t1077	t1253
t565	t630
t1286	t1281
t1824	t1704
t32	t116
t499	t1866
t394	t973
t621	t1519
t740	t975
t1756	t1854
t1373	t244
t369	t277
t1697	t223
t1555	t998
t1964	t1981
t1567	t1927
t984	t1369
t1942	t936
t1326	t790
t1100	t307
t297	t1334
t224	t668
t661	t1693
t1625	t1626
t1287	t1876
t1342	t1343
t1537	t154
t729	t1974
t68	t130
t1975	t875
t1973	t1266
t415	t345
t16	t529
t413	t827
t537	t1116
t960	t861
t1395	t506
t1187	t1447
t675	t1078
t1184	t571
t1263	t183
t873	t1243
t661	t1990
t1063	t508
t1336	t1591
t102	t1334
t404	t1367
t1846	t41
t666	t675
t625	t1442
t375	t824
t1589	t678
t1551	t616
t164	t1480
t467	t74
t543	t130
t922	t1980
t1665	t1206
t803	t843
t133	t1540
t1249	t1923
t1822	t1175
t1001	t204
t759	t648
t711	t1348
t1407	t674
t1826	t1410
t1852	t1444
t1786	t1388
t1366	t1254
t862	t1416
t1475	t529
t327	t548
t310	t1288
t771	t145
t1627	t1702
t750	t865
t833	t560
t187	t958
t1563	t1084
t1842	t755
t77	t1061
t1223	t72
t1556	t486
t1594	t1579
t611	t858
t247	t709
t633	t160
t590	t1764
t67	t496
t10	t1215
t1936	t1584
t1565	t481
t764	t1021
t502	t1427
t1080	t997
t1204	t208
t1725	t690
t764	t628
t1452	t1616
t72	t1727
t1689	t997
t1561	t584
t319	t150
t186	t1581
t53	t1512
t1134	t1787
t1464	t1711
t1363	t339
t815	t694
t1141	t438
t1197	t1743
t703	t1519
t1513	t1637
t1193	t1644
t492	t802
t1018	t1998
t591	t1930
t51	t1898
t1047	t997
t1005	t392
t783	t76
t1234	t1353
t1136	t1732
t1736	t1696
t109	t601
t1891	t1280
t1165	t660
t349	t1393
t568	t851
t1490	t975
t274	t69
t31	t287
t825	t1300
t900	t1905
t1570	t1880
t293	t1250
t1702	t867
t1099	t247
t1083	t1675
t1920	t867
t1835	t1194
t867	t919
t1989	t23
t857	t648
t641	t1766
t96	t1979
t1067	t821
t1124	t764
t1700	t444
t1859	t829
t423	t1687
t1208	t1060
t1256	t601
t612	t536
t73	t178
t218	t1922
t1236	t128
t1761	t48
t310	t1434
t239	t1655
t1867	t272
t1491	t312
t361	t82
t1822	t1133
t50	t848
t1010	t16
t1927	t64
t22	t1965
t1683	t716
t733	t1526
t1330	t1010
t1085	t312
t37	t320
t1182	t415
t1018	t1127
t1731	t1428
t778	t728
t1629	t1717
t439	t1812
t1451	t1865
t655	t672
t1761	t1113
t1285	t188
t136	t117
t1312	t1912
t1101	t217
t415	t1150
t706	t1836
t608	t1658
t1439	t962
t212	t484
t1838	t906
t835	t979
t769	t1052
t11	t1442
t1328	t483
t1710	t1357
t1932	t1250
t1154	t1481
t67	t1480
t538	t1134
t1533	t539
t1248	t1093
t572	t1852
t759	t1861
t240	t1262
t349	t1326
t1245	t1773
t676	t932
t1826	t1175
t1081	t288
t1783	t707
t246	t491
t589	t777
t575	t868
t1796	t1369
t643	t1332
t1856	t198
t649	t60
t1098	t68
t619	t713
t55	t317
t1704	t1843
t141	t1082
t262	t1961
t189	t611
t1723	t2000
t677	t94
t1697	t226
t982	t1821
t1564	t1212
t1967	t1312
t30	t577
t406	t1722
t772	t539
t1146	t1729
t974	t686
t1649	t1722
t307	t185
t722	t194
t1734	t1663
t1891	t1485
t1932	t165
t704	t472
t1927	t68
t1586	t913
t110	t323
t976	t1448
t1847	t1462
t1207	t1584
t1104	t1255
t927	t451
t1479	t1348
t1063	t1413
t1934	t342
t1177	t876
t1561	t161
t1296	t395
t1168	t193
t643	t341
t198	t1364
t169	t1306
t395	t595
t697	t557
t1979	t60
t1498	t598
t36	t1548
t1563	t1659
t1132	t126
t1275	t1387
t1524	t677
t627	t758
t1177	t1254
t963	t1528
t1347	t934
t5	t3
t1952	t1980
t1124	t1939
t735	t91
t1394	t753
t881	t1501
t1890	t259
t1656	t415
t1846	t1314
t1337	t1363
t1442	t581
t821	t974
t732	t1517
t507	t1329
t1629	t1430
t1914	t1275
t1982	t858
t1701	t741
t1169	t1575
t752	t1500
t26	t971
t1705	t1076
t537	t1865
t1291	t160
t1037	t927
t1645	t1907
t302	t630
t837	t1390
t1850	t29
t203	t1905
t1352	t931
t518	t462
t1089	t1758
t762	t894
t1773	t1423
t1334	t747
t1164	t1316
t301	t1743
t365	t646
t683	t736
t1214	t673
t732	t1881
t407	t1369
t1384	t933
t742	t1338
t795	t346
t873	t180
t745	t414
t633	t483
t1659	t674
t852	t329
t587	t1484
t1010	t1817
t206	t486
t561	t1635
t756	t789
t18	t1213
t369	t1695
t1441	t1784
t1697	t889
t528	t1603
t304	t76
t175	t1229
t780	t376
t1508	t483
t345	t1528
t1029	t1345
t366	t1987
t822	t794
t1182	t1570
t682	t384
t1965	t480
t1009	t1100
t187	t971
t23	t15
t1120	t715
t37	t829
t851	t1384
t1660	t888
t330	t636
t889	t202
t1861	t91
t1456	t60
t411	t450
t1440	t1304
t46	t1878
t598	t1339
t416	t1796
t370	t648
t658	t359
t230	t111
t454	t1306
t33	t1600
t763	t300
t1770	t1178
t68	t376
t1585	t1237
t332	t745
t487	t1464
t877	t554
t118	t334
t1355	t236
t109	t1208
t357	t968
t662	t1036
t339	t540
t1152	t1721
t593	t880
t695	t1377
t664	t1604
t1140	t1291
t239	t1020
t1514	t1351
t800	t1444
t722	t117
t638	t1396
t1142	t1706
t1257	t508
t1047	t1487
t327	t1912
t314	t1896
t741	t986
t805	t1604
t291	t765
t1708	t1461
t90	t1150
t1985	t1755
t1096	t715
t311	t1863
t1530	t31
t258	t282
t697	t308
t677	t1005
t1859	t1895
t385	t364
t179	t1561
t330	t1052
t1340	t1229
t1529	t1344
t918	t236
t1618	t997
t895	t201
t475	t1911
t58	t627
t205	t808
t1014	t1227
t960	t113
t1166	t971
t4	t1501
t1106	t197
t1488	t991
t1898	t1093
t262	t942
t869	t808
t546	t223
t97	t1107
t1992	t734
t1875	t100
t458	t394
t520	t135
t920	t421
t1500	t1815
t1383	t460
t1351	t1570
t233	t1861
t863	t1626
t566	t614
t1129	t1912
t1624	t354
t931	t1390
t639	t1200
t196	t1603
t395	t522
t1397	t784
t355	t232
t1021	t758
t606	t576
t719	t1574
t1763	t275
t1691	t188
t665	t354
t1122	t1074
t769	t171
t1084	t434
t945	t582
t370	t1745
t1105	t1521
t1522	t1552
t1187	t1350
t697	t1363
t1712	t84
t1983	t848
t1419	t566
t426	t1509
t846	t417
t100	t540
t121	t338
t1974	t1430
t576	t1644
t1235	t253
t113	t1758
t30	t1477
t22	t1181
t1812	t1161
t1955	t929
t1874	t753
t1181	t1764
t1464	t898
t1047	t1816
t505	t1625
t1793	t1191
t782	t746
t1480	t604
t1965	t1367
t308	t1173
t1456	t1381
t55	t36
t1251	t1882
t484	t1810
t252	t238
t1682	t1967
t1654	t1595
t77	t1288
t1223	t1143
t1110	t1277
t705	t1316
t1328	t657
t1466	t1495
t595	t654
t783	t727
t1470	t1237
t1146	t196
t895	t36
t1101	t687
t913	t919
t2000	t474
t744	t310
t68	t581
t467	t549
t305	t585
t1505	t1030
t1155	t323
t1908	t1558
t366	t409
t1768	t1306
t610	t949
t1699	t579
t1644	t1467
t576	t1199
t1315	t1220
t35	t1772
t1792	t509
t1932	t830
t1824	t224
t58	t403
t1063	t289
t1963	t1043
t1433	t1032
t800	t1396
t1787	t1895
t953	t586
t1351	t1243
t922	t596
t721	t1472
t616	t1020
t1751	t1377
t1286	t603
t51	t1714
t49	t1430
t1682	t679
t1966	t1211
t924	t204
t1107	t1396
t329	t910
t121	t791
t543	t1273
t486	t667
t1995	t897
t1543	t1747
t1645	t1582
t468	t873
t541	t199
t4	t74
t407	t1663
t406	t772
t603	t1791
t1850	t937
t326	t280
t1714	t713
t670	t392
t1170	t166
t543	t1300
t1307	t351
t1966	t1757
t1892	t1396
t1454	t600
t613	t993
t1297	t869
t595	t130
t1806	t647
t734	t1902
t511	t376
t1164	t899
t1245	t358
t752	t122
t1455	t1222
t1451	t357
t1012	t1387
t1889	t875
t448	t1716
t206	t1232
t119	t1486
t1908	t1980
t1830	t1940
t958	t236
t1855	t1189
t1181	t690
t1627	t861
t893	t431
t834	t1618
t455	t117
t1351	t1744
t1032	t1275
t230	t1148
t795	t620
t1142	t33
t1439	t1445
t102	t1461
t1028	t1910
t1144	t383
t1754	t1135
t1963	t915
t1164	t1547
t1379	t789
t1298	t523
t1263	t632
t1404	t1904
t1649	t911
t1514	t1147
t110	t1742
t818	t582
t423	t17
t209	t970
t1785	t284
t699	t674
t906	t792
t1968	t952
t677	t1276
t410	t335
t1792	t114
t872	t28
t46	t897
t736	t1593
t1590	t1159
t705	t470
t85	t1418
t389	t1308
t1979	t1384
t1104	t422
t1121	t1431
t531	t208
t1934	t830
t407	t1563
t1664	t1843
t1253	t1304
t378	t1848
t1701	t1397
t412	t695
t177	t1707
t470	t767
t1793	t394
t1823	t1686
t743	t1758
t512	t222
t137	t553
t1842	t302
t1280	t715
t1925	t1865
t712	t1882
t1004	t320
t55	t552
t905	t1877
t1659	t624
t146	t1360
t239	t1495
t814	t1380
t1195	t319
t781	t1739
t1475	t1212
t1700	t1535
t534	t28
t261	t1957
t328	t1026
t433	t345
t1734	t171
t1390	t270
t1992	t1466
t1162	t991
t1967	t1229
t1567	t1200
t1822	t859
t531	t1232
t725	t577
t567	t1348
t1398	t528
t1371	t1598
t1989	t1982
t572	t1128
t967	t728
t1319	t1070
t689	t869
t1297	t154
t1251	t646
t1543	t834
t31	t1360
t575	t351
t80	t1462
t1048	t1228
t867	t1011
t1795	t1847
t42	t1988
t1518	t475
t922	t726
t1182	t956
t1223	t1966
t526	t1807
t1781	t775
t999	t1449
t1057	t1271
t1012	t719
t473	t1232
t613	t1973
t831	t747
t1398	t315
t413	t1467
t415	t926
t1228	t117
t306	t1087
t116	t871
t1483	t445
t423	t1662
t1170	t1319
t769	t166
t1311	t450
t1954	t1634
t374	t1272
t543	t1506
t1699	t1784
t527	t1661
t1135	t916
t954	t1060
t1431	t787
t29	t469
t266	t444
t1942	t961
t1180	t693
t1759	t990
t1842	t44
t1336	t235
t730	t524
t1283	t1206
t711	t1808
t780	t1595
t1227	t1003
t429	t1519
t1346	t561
t1780	t1218
t1223	t1289
t527	t1092
t619	t431
t1594	t971
t1029	t723
t286	t1699
t10	t529
t1318	t1021
t696	t1931
t213	t98
t1667	t597
t1638	t1654
t1525	t1992
t35	t436
t1322	t1825
t121	t214
t1233	t1218
t749	t1033
t1048	t170
t1889	t860
t994	t1242
t1168	t842
t1070	t1949
t803	t34
t1414	t84
t400	t341
t757	t85
t1816	t2
t651	t1067
t615	t1045
t1167	t249
t854	t1332
t472	t1813
t696	t553
t670	t483
t375	t1190
t262	t581
t1460	t506
t29	t1602
t688	t878
t1900	t1246
t1400	t1283
t416	t751
t1634	t1640
t1727	t167
t743	t1748
t1989	t156
t687	t398
t756	t616
t1285	t1898
t1529	t285
t684	t1536
t914	t1084
t866	t1423
t1083	t1377
t1485	t1774
t1479	t1847
t890	t334
t330	t986
t1085	t526
t1103	t497
t682	t1219
t434	t522
t249	t1728
t1194	t761
t327	t1446
t625	t1856
t940	t383
t574	t1639
t1247	t1294
t1783	t1202
t1579	t1273
t954	t279
t659	t1509
t1074	t1003
t26	t1560
t1848	t1782
t608	t1614
t742	t544
t1599	t34
t491	t1643
t1510	t1447
t1265	t1060
t485	t1852
t1475	t170
t1234	t893
t1697	t1598
t1102	t1861
t1793	t1015
t1338	t715
t465	t1234
t1056	t1269
t1554	t640
t1956	t1364
t733	t1788
t934	t1488
t1840	t722
t1439	t1678
t373	t622
t846	t150
t1250	t680
t247	t1403
t1071	t409
t26	t1089
t1745	t118
t44	t1917
t889	t766
t1293	t1805
t1682	t599
t1179	t1647
t1823	t1357
t1200	t745
t969	t1326
t889	t1967
t631	t1141
t1676	t337
t1838	t249
t727	t247
t1723	t265
t1808	t1470
t1842	t15
t481	t991
t54	t1222
t533	t1936
t1694	t529
t1476	t1677
t743	t1926
t113	t1655
t999	t1916
t1613	t747
t1931	t171
t1960	t515
t1757	t124
t807	t1316
t1879	t1374
t1469	t620
t532	t216
t566	t245
t289	t364
t788	t1237
t1699	t1253
t1342	t1873
t1124	t1424
t1131	t1921
t30	t1267
t223	t1113
t1995	t1272
t1398	t948
t412	t1005
t1271	t1505
t1738	t273
t158	t341
t1082	t1674
t160	t583
t1293	t862
t1539	t238
t1532	t339
t1017	t1658
t1998	t65
t706	t1750
t482	t122
t111	t685
t1817	t1757
t322	t681
t324	t33
t1491	t618
t1098	t1202
t1578	t1117
t242	t1186
t347	t1520
t426	t348
t183	t1814
t1106	t1931
t1312	t1720
t842	t152
t655	t1177
t1298	t1765
t499	t1895
t29	t712
t631	t1257
t349	t932
t1850	t1758
t1378	t291
t525	t1937
t1989	t897
t1197	t111
t1095	t355
t1414	t892
t545	t1006
t1151	t891
t1820	t1621
t140	t438
t318	t1642
t1739	t34
t1823	t1687
t1997	t1693
t1124	t846
t1842	t1086
t1682	t573
t484	t222
t1167	t263
t1582	t1202
t875	t489
t1386	t161
t1126	t715
t1322	t774
t472	t317
t60	t1068
t759	t932
t67	t766
t608	t801
t1518	t519
t769	t724
t774	t1731
t1348	t1201
t79	t383
t905	t1750
t102	t1563
t1181	t255
t1324	t312
t1523	t1595
t1852	t146
t189	t748
t574	t365
t711	t617
t169	t1895
t870	t1477
t1784	t935
t1255	t362
t844	t1837
t1431	t203
t1121	t1614
t763	t9
t1389	t231
t461	t1423
t928	t901
t361	t1095
t72	t754
t540	t1521
t917	t1040
t281	t1982
t868	t1584
t1761	t549
t1601	t1713
t1572	t730
t1722	t470
t119	t1923
t676	t1718
t1693	t1640
t560	t1861
t671	t429
t401	t1972
t814	t1587
t1700	t1854
t1330	t797
t350	t1937
t1650	t291
t454	t897
t76	t563
t77	t385
t793	t1531
t15	t376
t319	t1765
t64	t880
t1088	t13
t503	t1685
t996	t1449
t547	t1201
t629	t985
t420	t1728
t1590	t603
t1861	t1912
t638	t602
t712	t1122
t279	t1541
t838	t320
t1216	t830
t1550	t779
t643	t1411
t1047	t1316
t1149	t1387
t580	t1673
t1429	t899
t47	t1618
t1822	t631
t1429	t842
t255	t38
t66	t641
t329	t1068
t342	t975
t1047	t1124
t1514	t88
t633	t1172
t969	t1254
t1872	t1488
t419	t1357
t677	t220
t249	t1054
t1830	t31
t1537	t776
t1044	t237
t1332	t1995
t103	t1480
t696	t82
t143	t1787
t1828	t1528
t1143	t1365
t119	t1687
t198	t552
t505	t1290
t89	t1864
t396	t784
t467	t222
t1128	t1787
t672	t1203
t1258	t1815
t778	t1167
t1286	t1916
t1900	t1498
t1474	t570
t1673	t817
t77	t1664
t937	t1561
t17	t581
t472	t878
t611	t41
t1892	t971
t369	t865
t491	t495
t1739	t247
t1694	t1596
t153	t1357
t868	t1805
t35	t1671
t1989	t1354
t1715	t888
t403	t794
t1835	t1469
t1656	t178
t1919	t392
t1048	t789
t356	t1127
t1574	t842
t56	t1251
t1105	t623
t391	t735
t160	t108
t389	t1428
t1955	t1953
t399	t1703
t589	t681
t770	t805
t1455	t1264
t1487	t1287
t174	t553
t230	t1329
t881	t1339
t537	t1142
t1388	t808
t485	t270
t1121	t1632
t79	t1481
t609	t1649
t1838	t1277
t1874	t92
t666	t38
t1933	t1482
t1723	t1904
t594	t1021
t1246	t1902
t1979	t425
t424	t521
t1180	t1314
t1798	t1316
t643	t1294
t513	t186
t1589	t605
t435	t789
t1290	t1671
t169	t1388
t50	t888
t1787	t1203
t1171	t1375
t1496	t1066
t1019	t103
t732	t134
t777	t653
t535	t1774
t453	t1840
t255	t892
t37	t1591
t249	t578
t1025	t808
t984	t589
t1067	t1222
t386	t1658
t1092	t1946
t427	t1998
t1431	t946
t1256	t808
t972	t360
t1649	t1137
t1973	t377
t922	t342
t828	t24
t1195	t460
t154	t765
t1330	t698
t617	t1416
t1346	t1075
t239	t1713
t1583	t1742
t878	t33
t240	t1216
t749	t720
t18	t1993
t918	t1045
t1454	t524
t1482	t1621
t1525	t302
t1951	t570
t1895	t44
t22	t1459
t17	t540
t873	t567
t1048	t1743
t1846	t640
t1140	t1998
t1561	t370
t498	t1208
t1435	t1879
t286	t530
t1664	t1077
t1190	t1923
t1702	t660
t169	t242
t394	t1477
t443	t116
t1394	t745
t458	t65
t27	t1506
t1753	t1847
t500	t413
t1169	t1128
t822	t174
t1313	t1499
t551	t37
t1743	t92
t70	t1166
t1673	t596
t265	t174
t224	t626
t996	t1403
t413	t1488
t945	t581
t834	t1476
t1386	t1120
t1850	t816
t549	t1033
t42	t628
t191	t24
t891	t1934
t1784	t548
t1210	t342
t97	t724
t1688	t91
t918	t654
t1456	t248
t807	t656
t800	t164
t1350	t384
t823	t7
t751	t1695
t1050	t1992
t400	t243
t750	t959
t1700	t843
t1376	t365
t954	t1745
t1392	t198
t979	t1591
t402	t532
t850	t445
t16	t1668
t1312	t376
t96	t1046
t1332	t950
t1157	t403
t303	t965
t1291	t119
t1241	t1443
t727	t1262
t882	t1212
t1079	t1041
t1265	t1445
t55	t1309
t175	t13
t487	t162
t541	t604
t1947	t1463
t1924	t346
t605	t1006
t1820	t988
t1018	t1596
t753	t1197
t1097	t202
t443	t1119
t1597	t1403
t236	t1373
t1461	t526
t724	t1373
t1061	t811
t807	t959
t683	t64
t394	t604
t1714	t1962
t317	t1705
t465	t976
t598	t319
t191	t1835
t1976	t775
t254	t1647
t657	t630
t282	t1213
t982	t1574
t473	t1484
t228	t347
t386	t1766
t1214	t1620
t58	t1272
t249	t1767
t840	t1521
t20	t1411
t1959	t878
t485	t1119
t887	t403
t1230	t1353
t293	t1503
t211	t1335
t95	t1545
t1404	t1114
t375	t1000
t892	t1308
t1821	t1279
t1962	t1341
t872	t904
t1043	t1266
t943	t1034
t179	t901
t1140	t1680
t503	t437
t1181	t313
t254	t1719
t852	t1485
t518	t1143
t710	t1123
t1642	t258
t227	t686
t1798	t1962
t1148	t632
t1047	t1575
t1369	t849
t1915	t1175
t1346	t1497
t241	t19
t1872	t657
t798	t903
t439	t1253
t80	t1992
t269	t1033
t776	t1276
t1487	t510
t643	t1922
t31	t190
t757	t478
t42	t1320
t131	t1777
t1581	t952
t322	t1175
t1457	t1569
t120	t137
t627	t1666
t1888	t1569
t1079	t1769
t220	t278
t377	t553
t987	t722
t1284	t1484
t416	t375
t527	t925
t1682	t578
t1436	t178
t1109	t1357
t943	t1368
t131	t148
t1351	t351
t1570	t1192
t397	t878
t874	t1799
t71	t1919
t561	t456
t1379	t1983
t1200	t1235
t613	t564
t1877	t1510
t384	t1308
t769	t728
t560	t1300
t758	t1222
t281	t1966
t1231	t1670
t463	t910
t863	t1933
t1664	t843
t318	t764
t1939	t171
t742	t566
t992	t1622
t954	t1480
t211	t123
t698	t1605
t1938	t1385
t1723	t539
t509	t1857
t749	t805
t367	t668
t274	t1713
t340	t1596
t1778	t646
t879	t1140
t72	t1332
t269	t764
t1151	t667
t1328	t104
t1550	t949
t738	t1617
t1889	t1483
t1450	t631
t1862	t1480
t1263	t48
t1908	t1828
t1146	t1289
t704	t400
t585	t335
t768	t1188
t1952	t299
t380	t758
t1483	t1982
t419	t1016
t432	t379
t406	t722
t304	t735
t1664	t1195
t1064	t760
t921	t473
t651	t681
t6	t517
t1009	t1054
t1163	t666
t1795	t1683
t1612	t1000
t1549	t193
t1874	t271
t4	t1045
t1207	t130
t992	t865
t708	t1417
t384	t1133
t79	t607
t1251	t679
t27	t700
t1804	t351
t1567	t1401
t1613	t1797
t1618	t765
t26	t340
t169	t1466
t1337	t155
t1002	t1334
t547	t438
t1837	t1774
t888	t202
t1908	t1340
t791	t425
t347	t308
t1566	t888
t304	t744
t1322	t1852
t1963	t159
t492	t1125
t1162	t1777
t735	t247
t473	t364
t1566	t1331
t465	t164
t939	t1810
t766	t669
t1901	t1912
t993	t769
t1179	t855
t416	t504
t1443	t827
t167	t512
t1951	t1022
t151	t646
t1118	t515
t321	t807
t374	t294
t277	t1356
t1057	t281
t1768	t1979
t1064	t902
t517	t1579
t1693	t1252
t1730	t489
t1097	t1257
t1529	t1419
t682	t1487
t221	t1538
t296	t1384
t1260	t899
t1665	t389
t1492	t1534
t458	t936
t631	t1668
t1877	t1677
t754	t1055
t141	t844
t1329	t1275
t303	t1587
t1616	t122
t1990	t391
t1115	t1952
t1170	t982
t410	t1004
t1267	t1848
t318	t1201
t870	t1946
t1195	t1311
t1623	t1329
t979	t3
t936	t151
t1209	t1290
t1351	t801
t1696	t513
t701	t1640
t768	t1519
t1433	t1558
t1142	t1458
t380	t295
t143	t447
t458	t1505
t798	t630
t1623	t898
t1618	t730
t696	t906
t1338	t946
t1158	t604
t651	t690
t697	t1573
t492	t1089
t1688	t1583
t1298	t1962
t961	t1652
t324	t842
t1210	t629
t132	t1167
t1995	t1584
t827	t1178
t468	t199
t350	t1899
t1404	t1848
t116	t566
t1085	t1864
t1477	t723
t1307	t146
t165	t1316
t1494	t1731
t1524	t446
t583	t843
t809	t1056
t965	t376
t388	t1026
t1730	t1862
t837	t758
t559	t226
t1044	t276
t1504	t74
t1013	t183
t70	t893
t1806	t2
t1933	t1253
t1955	t1921
t251	t1267
t1014	t1452
t1350	t1945
t328	t205
t824	t1805
t1174	t1504
t326	t362
t61	t1976
t1838	t834
t427	t1005
t1292	t722
t1506	t728
t333	t548
t735	t300
t1464	t145
t491	t437
t1559	t1788
t1849	t64
t1207	t634
t1223	t730
t864	t679
t710	t1899
t1406	t830
t1104	t1552
t1861	t767
t496	t549
t1682	t1650
t1891	t107
t1378	t496
t217	t1988
t398	t588
t1087	t268
t1672	t1881
t1223	t1936
t45	t1745
t1601	t171
t9	t1496
t78	t1282
t56	t1343
t121	t802
t489	t1270
t534	t1091
t192	t734
t1249	t1583
t1124	t852
t405	t1042
t427	t877
t689	t439
t1094	t353
t411	t138
t1262	t492
t534	t248
t1623	t1620
t1626	t1410
t612	t1364
t1490	t1578
t25	t794
t1725	t1214
t1603	t1972
t875	t188
t1918	t1929
t669	t506
t1762	t105
t1717	t284
t435	t765
t213	t867
t1444	t258
t140	t777
t741	t59
t1733	t1887
t159	t1642
t717	t826
t1888	t977
t809	t237
t1955	t862
t1623	t692
t1157	t428
t961	t835
t886	t1929
t1855	t1833
t497	t480
t252	t295
t1847	t858
t25	t983
t725	t1348
t1142	t1541
t831	t1150
t1169	t1162
t1987	t1264
t687	t1501
t322	t1846
t1473	t932
t1420	t533
t463	t658
t1026	t1499
t703	t126
t1318	t1357
t1087	t1022
t1223	t225
t1359	t544
t47	t276
t51	t989
t1764	t1794
t984	t1355
t1870	t1928
t879	t1276
t487	t459
t124	t1569
t1406	t1788
t262	t524
t108	t17
t156	t1386
t953	t1591
t1989	t1708
t330	t952
t1691	t1818
t485	t1072
t1344	t1576
t271	t1289
t852	t585
t1261	t1499
t52	t1481
t313	t1940
t326	t466
t1876	t668
t822	t705
t424	t1845
t1502	t1766
t1715	t1843
t1853	t323
t1725	t705
t895	t1436
t847	t779
t58	t718
t306	t80
t140	t1059
t1842	t1799
t1106	t839
t64	t3
t233	t355
t1363	t1270
t742	t1290
t1789	t782
t1465	t950
t1693	t1409
t18	t73
t427	t1872
t413	t1630
t1136	t1994
t1259	t452
t1903	t1456
t1636	t1279
t134	t1217
t1733	t682
t1958	t275
t1210	t1287
t1352	t1853
t283	t140
t921	t1260
t1193	t1177
t405	t1609
t79	t926
t887	t176
t1389	t1550
t1648	t842
t1412	t1034
t1210	t824
t1934	t1142
t1149	t807
t81	t1671
t1664	t501
t228	t1802
t67	t1558
t778	t1135
t51	t973
t1419	t1998
t1182	t934
t884	t1418
t684	t1100
t1948	t926
t455	t1060
t1470	t1724
t671	t664
t1455	t24
t1008	t492
t332	t1162
t305	t632
t725	t1658
t627	t1901
t1701	t1862
t1947	t1355
t1926	t178
t1910	t275
t1329	t1510
t1142	t199
t1454	t1178
t1820	t487
t156	t1940
t578	t1445
t377	t222
t931	t1517
t1380	t1711
t70	t1889
t1951	t145
t404	t1979
t1827	t129
t1431	t1873
t698	t878
t1243	t1237
t281	t734
t27	t1540
t1717	t1579
t683	t1745
t1182	t1205
t1330	t683
t1842	t658
t1527	t779
t518	t70
t405	t307
t1525	t1334
t51	t1859
t311	t1358
t1177	t100
t1748	t463
t373	t700
t587	t413
t1870	t1721
t1360	t596
t631	t1674
t479	t512
t1628	t1430
t557	t1309
t586	t1637
t676	t1732
t1738	t1940
t223	t208
t380	t737
t1628	t660
t912	t451
t758	t1423
t1668	t1054
t1226	t1863
t1965	t340
t1337	t641
t821	t1864
t1687	t1120
t1130	t79
t1736	t873
t1097	t327
t1151	t318
t1157	t408
t1711	t640
t1437	t211
t931	t1878
t1872	t868
t93	t607
t795	t1521
t1477	t1254
t1734	t669
t1634	t668
t714	t426
t568	t1426
t1914	t1321
t1260	t659
t1382	t1286
t1191	t1457
t1525	t506
t900	t1722
t228	t1070
t566	t276
t322	t146
t1238	t1684
t1670	t1884
t1240	t1810
t1123	t238
t88	t623
t953	t582
t359	t307
t1883	t1123
t1548	t5
t1793	t1868
t547	t167
t566	t379
t1196	t843
t978	t1979
t1355	t1463
t1554	t1644
t354	t1331
t794	t540
t504	t1386
t1334	t170
t1582	t1218
t153	t550
t1739	t822
t405	t1214
t733	t124
t767	t1905
t887	t387
t1589	t1936
t1079	t1474
t1993	t620
t612	t109
t1455	t187
t299	t225
t1317	t1617
t805	t379
t1691	t1622
t1412	t1366
t1073	t1562
t472	t1684
t1562	t114
t1258	t1646
t294	t923
t973	t1620
t1225	t1434
t1070	t1915
t934	t1972
t1692	t1086
t90	t622
t816	t860
t1446	t796
t1205	t650
t318	t635
t710	t1418
t1820	t1274
t1359	t279
t111	t138
t1200	t1504
t31	t1324
t1867	t1150
t102	t850
t1335	t515
t353	t147
t1925	t1313
t1176	t1618
t1761	t654
t1915	t1905
t469	t1473
t574	t1192
t1500	t1731
t191	t1821
t752	t1574
t1181	t321
t477	t1358
t1390	t596
t1793	t1083
t1656	t960
t21	t962
t1698	t1503
t1361	t422
t1084	t1746
t1426	t1076
t1212	t1245
t562	t431
t1761	t1743
t518	t787
t1578	t1593
t775	t1272
t8	t12
t1796	t1939
t1540	t787
t410	t1749
t889	t390
t974	t1648
t980	t1857
t592	t1006
t900	t1268
t361	t1792
t143	t123
t1441	t309
t1599	t1604
t1598	t962
t1957	t922
t1346	t1799
t1185	t1679
t320	t1316
t1297	t267
t66	t1341
t1082	t883
t416	t1507
t73	t1418
t905	t1562
t867	t267
t1535	t181
t1022	t1410
t385	t1724
t89	t1678
t1824	t715
t1518	t1655
t1859	t127
t234	t706
t718	t1952
t301	t322
t1887	t1234
t1837	t1892
t330	t765
t1311	t1484
t1071	t1799
t159	t918
t1450	t1806
t23	t320
t1151	t1120
t1450	t156
t816	t336
t776	t861
t569	t1583
t1298	t1772
t1067	t829
t1111	t859
t213	t404
t1522	t571
t195	t668
t1514	t374
t380	t445
t318	t1111
t943	t1695
t1007	t822
t142	t1465
t328	t1408
t1551	t623
t1629	t28
t325	t1945
t585	t555
t1983	t1371
t1455	t660
t1504	t1596
t458	t1621
t243	t1373
t744	t1657
t1723	t78
t141	t1829
t1733	t1266
t1376	t415
t957	t421
t930	t1670
t833	t1168
t1549	t1740
t1142	t1521
t1625	t984
t419	t386
t268	t1133
t525	t486
t1500	t1728
t1478	t870
t1144	t672
t329	t74
t1896	t564
t1341	t1242
t1305	t1250
t788	t1947
t572	t310
t1431	t619
t742	t1937
t806	t628
t1186	t1427
t888	t48
t42	t28
t1234	t1591
t1267	t1826
t327	t1240
t141	t917
t825	t210
t52	t1540
t274	t934
t1031	t1208
t1025	t173
t470	t1204
t348	t1175
t987	t995
t1576	t148
t1468	t997
t705	t1541
t201	t1899
t621	t1264
t1691	t198
t1040	t1754
t1299	t1767
t1977	t177
t179	t1808
t433	t1861
t119	t455
t1080	t1867
t1085	t387
t1241	t1732
t134	t1883
t1876	t1093
t1301	t1618
t1411	t1190
t218	t791
t936	t986
t697	t864
t1642	t247
t110	t1583
t1838	t114
t318	t142
t1389	t28
t340	t765
t1726	t1631
t21	t685
t192	t1660
t1595	t284
t712	t1846
t1643	t97
t944	t444
t1037	t1147
t1674	t1150
t1042	t295
t609	t361
t1489	t237
t1975	t1280
t1301	t71
t1085	t1727
t1620	t431
t1707	t1945
t1523	t1854
t1551	t244
t669	t980
t1965	t1897
t655	t1319
t36	t707
t132	t1389
t46	t1048
t1825	t1772
t1374	t15
t1146	t1735
t1210	t170
t99	t1635
t1155	t387
t1388	t263
t546	t449
t689	t596
t1397	t335
t1860	t1043
t820	t1983
t1405	t654
t1706	t103
t73	t563
t969	t622
t1964	t1498
t1705	t1976
t399	t579
t1329	t13
t1888	t392
t380	t1447
t606	t1064
t1109	t1568
t1231	t596
t1698	t1879
t505	t334
t438	t138
t1234	t1442
t1968	t1401
t1191	t291
t1490	t170
t2	t767
t802	t1498
t298	t1107
t405	t140
t1952	t1135
t1955	t920
t661	t1554
t523	t570
t1915	t647
t1643	t1287
t863	t260
t1917	t1208
t439	t806
t1045	t1189
t538	t438
t131	t1177
t283	t1176
t1435	t38
t361	t1929
t122	t596
t852	t642
t1382	t1624
t31	t1513
t1380	t426
t1518	t320
t750	t1764
t559	t205
t325	t1987
t557	t1813
t55	t842
t697	t923
t360	t401
t453	t243
t1907	t1735
t396	t345
t1771	t1279
t331	t388
t1235	t813
t781	t1095
t608	t1960
t475	t1060
t823	t342
t328	t1545
t660	t904
t1400	t563
t794	t848
t1755	t1060
t200	t282
t1293	t1541
t745	t1740
t1140	t434
t451	t1749
t1567	t226
t435	t1589
t1372	t1160
t1748	t1243
t1955	t1401
t1997	t379
t1647	t1049
t532	t824
t1786	t1811
t536	t275
t1029	t1969
t1593	t1968
t1687	t150
t1450	t1339
t1027	t923
t601	t904
t1833	t59
t1683	t948
t356	t205
t352	t1597
t335	t843
t687	t2000
t1581	t341
t534	t1006
t149	t703
t572	t1408
t1942	t1222
t1560	t1201
t1085	t807
t1104	t1228
t943	t382
t741	t1495
t63	t544
t1629	t970
t1333	t106
t448	t603
t1793	t23
t448	t500
t1094	t797
t697	t132
t1148	t1506
t1725	t1889
t228	t53
t1542	t1026
t936	t498
t1758	t1497
t286	t1184
t527	t463
t401	t1419
t632	t1765
t1347	t806
t1187	t202
t1003	t1304
t211	t618
t1673	t882
t1715	t226
t203	t761
t1615	t1344
t908	t109
t1814	t247
t1727	t236
t1867	t1652
t1859	t1107
t632	t401
t1822	t1972
t969	t770
t1752	t1888
t414	t885
t514	t1871
t1917	t455
t556	t1574
t1441	t59
t1995	t782
t418	t713
t795	t1923
t429	t426
t1550	t1946
t608	t479
t149	t1402
t1958	t100
t367	t1560
t568	t1671
t1525	t801
t1956	t1061
t697	t1473
t1187	t977
t852	t328
t1417	t1066
t1885	t1274
t975	t893
t96	t37
t1118	t369
t628	t311
t1852	t1613
t676	t265
t349	t1543
t1791	t1362
t5	t1780
t1738	t845
t724	t1683
t80	t358
t670	t1259
t1212	t519
t1686	t1787
t755	t1553
t1564	t392
t1218	t765
t1197	t68
t1132	t1605
t1723	t803
t1522	t627
t968	t1545
t579	t1848
t1701	t482
t569	t1152
t1449	t496
t1822	t1803
t1224	t1832
t249	t1674
t918	t679
t1040	t388
t7	t1208
t219	t295
t131	t1837
t1208	t792
t157	t584
t1870	t452
t53	t1491
t1932	t190
t944	t136
t688	t981
t1605	t1720
t1027	t17
t1440	t810
t440	t726
t255	t693
t580	t1115
t736	t848
t1085	t445
t563	t376
t79	t875
t1181	t909
t745	t1379
t743	t1678
t1736	t1435
t1040	t1568
t702	t1403
t1250	t843
t486	t1314
t1691	t708
t413	t898
t1668	t381
t775	t34
t643	t5
t841	t1725
t1359	t1870
t1317	t1840
t1478	t1962
t328	t354
t1948	t431
t571	t323
t348	t225
t1611	t1967
t1891	t1930
t194	t123
t1315	t1397
t112	t970
t430	t1371
t1820	t1280
t852	t418
t371	t1773
t1138	t1215
t764	t1470
t486	t205
t85	t892
t606	t1973
t809	t1408
t1803	t456
t281	t1663
t1525	t761
t1016	t434
t513	t627
t1477	t1497
t1642	t664
t1903	t625
t1653	t1125
t1748	t293
t1636	t598
t1522	t1125
t1043	t1339
t712	t720
t1649	t1866
t1016	t1791
t1682	t1385
t1372	t1018
t1413	t57
t545	t1463
t952	t715
t1476	t1949
t1696	t1564
t585	t1161
t183	t586
t422	t1310
t834	t164
t1571	t1509
t1214	t1308
t702	t313
t798	t243
t801	t199
t532	t735
t639	t1039
t786	t1755
t149	t1639
t1582	t630
t1959	t1582
t1196	t983
t1516	t1697
t513	t329
t1260	t1020
t1431	t202
t940	t1953
t896	t73
t738	t1701
t71	t570
t516	t153
t1171	t1487
t481	t916
t349	t454
t39	t1384
t1737	t965
t333	t406
t584	t659
t1334	t462
t1806	t1474
t546	t1892
t1221	t980
t608	t725
t666	t874
t941	t328
t1446	t91
t1875	t1427
t473	t1280
t813	t1150
t888	t1968
t1188	t1930
t941	t249
t473	t1738
t1590	t1727
t724	t1912
t1816	t1615
t1763	t1347
t722	t351
t1574	t779
t1870	t1341
t1532	t1280
t5	t37
t1981	t1545
t1453	t337
t1885	t134
t374	t1046
t429	t578
t85	t756
t668	t1746
t864	t97
t684	t1855
t399	t1241
t1717	t1323
t1954	t623
t1069	t977
t1874	t1214
t684	t343
t1002	t1105
t1021	t1716
t1729	t1898
t1987	t247
t471	t1374
t1563	t835
t213	t101
t1134	t1302
t1023	t127
t1083	t1325
t1590	t202
t1438	t646
t851	t1217
t708	t1390
t946	t1113
t1360	t893
t1830	t79
t882	t734
t1943	t1771
t1247	t139
t530	t599
t366	t779
t835	t929
t1975	t981
t870	t1613
t1144	t683
t1874	t1297
t349	t192
t301	t558
t314	t1609
t1156	t1215
t1783	t540
t1375	t1495
t1924	t1816
t1539	t758
t1195	t323
t1160	t446
t780	t1921
t1182	t125
t712	t1582
t1894	t1016
t7	t509
t344	t1459
t658	t571
t87	t925
t722	t276
t1412	t1237
t698	t1889
t1733	t891
t269	t502
t961	t554
t1134	t1445
t1796	t1046
t1482	t1844
t1681	t1175
t1391	t1938
t1471	t1164
t47	t1281
t297	t371
t465	t513
t979	t1137
t308	t65
t837	t1
t1478	t383
t800	t1079
t384	t998
t1005	t1326
t388	t1194
t1838	t578
t1969	t1951
t1256	t719
t1819	t1254
t10	t1758
t282	t94
t988	t1225
t116	t669
t1588	t1253
t1778	t592
t999	t238
t588	t320
t765	t1744
t733	t766
t659	t1189
t1714	t1637
t404	t1758
t793	t779
t336	t1621
t633	t617
t708	t459
t1549	t1264
t283	t117
t192	t675
t1484	t1152
t1567	t917
t654	t796
t1452	t1165
t1299	t1857
t1736	t112
t897	t692
t481	t1003
t496	t1662
t102	t196
t539	t1457
t1444	t13
t1537	t1153
t55	t1817
t401	t530
t301	t872
t693	t1235
t483	t488
t149	t172
t1706	t1545
t813	t1036
t1907	t1458
t102	t1637
t937	t1110
t1977	t1976
t1959	t648
t1450	t1873
t1123	t911
t1798	t1964
t834	t744
t884	t757
t610	t346
t591	t923
t1687	t1895
t833	t635
t1686	t404
t613	t1829
t716	t390
t712	t1360
t1696	t1567
t32	t1845
t1823	t1505
t194	t857
t452	t1718
t1481	t44
t543	t1339
t504	t564
t1008	t636
t584	t418
t1490	t755
t48	t1784
t1942	t1130
t1259	t1137
t855	t1175
t141	t1803
t794	t1704
t677	t1534
t99	t5
t1436	t1220
t440	t1552
t1882	t388
t1887	t526
t1950	t1417
t1132	t1239
t422	t1988
t274	t1718
t10	t950
t187	t1413
t637	t1264
t80	t959
t1850	t201
t170	t115
t528	t1546
t331	t1382
t1995	t235
t1156	t291
t513	t1993
t1008	t1945
t283	t1585
t872	t1620
t1985	t842
t1866	t605
t257	t30
t1020	t1272
t1431	t459
t1079	t357
t42	t310
t1595	t1895
t350	t1598
t778	t114
t732	t138
t1788	t1086
t1603	t1375
t1177	t1309
t1184	t618
t606	t1307
t564	t847
t468	t660
t1446	t238
t832	t1861
t1394	t5
t816	t1622
t1475	t992
t1197	t1643
t1783	t183
t347	t1545
t23	t1178
t1819	t952
t47	t197
t396	t1272
t1185	t598
t281	t95
t1234	t1492
t186	t391
t47	t736
t1582	t1522
t381	t1546
t1723	t174
t510	t60
t1867	t975
t350	t828
t135	t1269
t1606	t531
t938	t425
t1530	t1799
t1512	t993
t1117	t114
t1515	t1113
t1707	t1904
t1025	t1760
t84	t292
t357	t1268
t1471	t378
t1752	t298
t1963	t118
t693	t601
t1459	t1201
t498	t939
t1629	t1288
t865	t208
t1969	t1925
t627	t383
t963	t780
t1177	t1228
t625	t1181
t213	t603
t1751	t1362
t655	t1425
t1694	t20
t1386	t1780
t821	t803
t1874	t471
t1594	t1604
t475	t888
t836	t379
t1414	t1430
t550	t726
t373	t847
t1700	t1748
t567	t1897
t84	t1226
t1683	t1401
t1532	t1629
t1804	t319
t904	t98
t730	t1375
t517	t1718
t1578	t770
t963	t716
t628	t154
t1251	t773
t594	t1576
t267	t1474
t1692	t91
t45	t517
t272	t490
t23	t63
t191	t1706
t818	t98
t408	t902
t594	t1159
t1317	t1589
t205	t24
t1010	t744
t1849	t5
t1769	t185
t1330	t75
t297	t141
t1089	t986
t1578	t866
t531	t1306
t1257	t520
t1122	t1497
t1136	t98
t1192	t1239
t1368	t1302
t1025	t790
t261	t291
t502	t1719
t500	t737
t1763	t1995
t955	t1581
t653	t942
t1780	t15
t1951	t1362
t918	t984
t105	t109
t992	t1373
t269	t1240
t835	t1313
t183	t1910
t976	t983
t406	t1282
t941	t601
t149	t1017
t1708	t1237
t410	t708
t1063	t1770
t811	t445
t1627	t35
t1027	t142
t300	t1596
t1040	t220
t806	t871
t1751	t1704
t1851	t796
t505	t1408
t1733	t775
t1337	t981
t938	t782
t1118	t686
t1991	t40
t102	t299
t462	t1261
t580	t504
t465	t825
t1500	t1935
t753	t656
t930	t1374
t332	t755
t435	t1541
t136	t1206
t1773	t904
t1449	t1825
t682	t360
t1989	t801
t262	t1461
t8	t570
t397	t199
t1525	t484
t1177	t124
t1954	t1093
t825	t171
t1295	t772
t1109	t808
t1672	t273
t1439	t490
t1460	t1512
t441	t1421
t141	t760
t1478	t536
t1576	t275
t1146	t1155
t1257	t958
t697	t1067
t2000	t436
t1158	t1272
t1415	t1410
t1840	t64
t1808	t1375
t922	t523
t85	t550
t1664	t1871
t187	t423
t399	t631
t722	t1917
t982	t1746
t1144	t188
t999	t1711
t67	t311
t1177	t560
t262	t558
t1529	t589
t1307	t807
t149	t1995
t957	t1500
t150	t604
t1920	t980
t931	t114
t1504	t1905
t1134	t1410
t1053	t1273
t612	t990
t179	t824
t111	t552
t1444	t1089
t1713	t1060
t683	t1931
t1210	t1205
t168	t492
t1557	t1784
t349	t1222
t867	t497
t485	t904
t1224	t1996
t1794	t1445
t264	t1020
t263	t1457
t1163	t1969
t671	t1362
t1417	t1979
t298	t646
t1025	t600
t35	t1568
t821	t1688
t1240	t1632
t537	t1360
t1610	t1227
t643	t1045
t1354	t1363
t1376	t970
t799	t262
t1714	t1082
t1295	t599
t984	t139
t911	t641
t287	t577
t551	t1701
t16	t1290
t628	t624
t822	t1910
t332	t453
t1087	t1862
t1570	t792
t953	t1771
t1252	t33
t901	t723
t157	t1229
t241	t1493
t347	t1011
t468	t1129
t1456	t1005
t1565	t1152
t611	t1302
t309	t452
t500	t1343
t1305	t1742
t906	t1681
t763	t1603
t638	t1041
t564	t170
t1826	t106
t260	t848
t903	t942
t939	t678
t1220	t973
t1305	t564
t738	t787
t1367	t1078
t514	t1002
t1733	t84
t58	t398
t62	t790
t1900	t1187
t454	t829
t459	t1168
t1638	t135
t778	t223
t1874	t684
t254	t1076
t373	t545
t536	t352
t420	t1309
t922	t451
t396	t1671
t1432	t1750
t502	t1577
t882	t397
t158	t89
t638	t1590
t586	t1744
t749	t144
t954	t1420
t1216	t1807
t974	t681
t1372	t497
t465	t1631
t1199	t603
t1796	t1123
t1354	t496
t1329	t1768
t368	t1046
t1994	t586
t852	t1488
t634	t760
t325	t508
t189	t1218
t844	t446
t1840	t1811
t311	t970
t1529	t24
t36	t226
t1364	t95
t1275	t1703
t1670	t1727
t1464	t734
t1887	t1100
t254	t519
t133	t1290
t242	t389
t1317	t1031
t889	t723
t1894	t691
t347	t640
t1885	t1353
t1606	t789
t768	t566
t1520	t847
t322	t43
t606	t374
t151	t1161
t1602	t1246
t735	t850
t1010	t1476
t302	t1265
t334	t1755
t1008	t1836
t1007	t440
t252	t1728
t1411	t1873
t1561	t1340
t990	t92
t131	t36
t841	t1134
t168	t1313
t102	t1088
t607	t1259
t1369	t950
t1311	t1721
t1687	t268
t1417	t1425
t773	t880
t1950	t1330
t1145	t966
t637	t1423
t416	t518
t389	t219
t476	t1919
t1769	t1229
t630	t208
t1347	t808
t211	t1113
t246	t1114
t452	t1510
t976	t790
t1730	t368
t265	t1513
t1948	t1666
t622	t1724
t532	t1880
t1326	t1531
t819	t1255
t1288	t949
t988	t1834
t1114	t681
t1514	t133
t1851	t1434
t1631	t48
t1963	t183
t1327	t1414
t270	t1637
t609	t1544
t1456	t550
t1439	t1998
t964	t34
t124	t236
t1507	t1082
t906	t1052
t890	t876
t505	t316
t372	t1350
t738	t695
t631	t1593
t1944	t14
t864	t29
t1880	t181
t1606	t589
t416	t1488
t1151	t100
t1708	t776
t1491	t754
t1574	t1113
t487	t154
t131	t922
t1819	t1237
t1098	t861
t1230	t749
t1372	t1162
t531	t991
t1701	t1162
t618	t1727
t1815	t104
t1436	t1339
t1016	t1746
t1435	t764
t1700	t1631
t1512	t597
t1252	t720
t1635	t123
t1748	t1311
t186	t1314
t1959	t107
t156	t1462
t211	t515
t1560	t1912
t781	t1923
t1699	t488
t288	t239
t28	t1546
t1988	t907
t61	t357
t1299	t1847
t1885	t949
t1450	t1889
t1566	t1333
t140	t1441
t1586	t1312
t1641	t506
t305	t729
t1953	t885
t1264	t488
t156	t1754
t1105	t858
t169	t564
t887	t70
t1554	t1421
t159	t996
t1231	t1393
t954	t1173
t373	t1873
t841	t1339
t614	t270
t1939	t323
t1710	t1979
t339	t1936
t1696	t1111
t1605	t756
t1372	t1686
t151	t174
t1679	t1122
t1535	t1324
t5	t216
t1101	t718
t1183	t1401
t1534	t1474
t996	t874
t1039	t1126
t534	t592
t196	t1470
t62	t845
t908	t141
t1708	t323
t960	t1677
t1900	t1958
t195	t776
t36	t2
t1449	t1319
t487	t1528
t402	t203
t498	t1542
t1155	t1119
t1786	t1521
t703	t939
t1133	t1591
t1590	t1981
t18	t87
t427	t1626
t1105	t471
t1712	t1905
t1911	t1949
t572	t1049
t1989	t1394
t1098	t388
t1872	t1333
t1849	t935
t1458	t903
t838	t1072
t1038	t106
t96	t211
t271	t1168
t1141	t1883
t1047	t584
t1293	t1936
t1465	t1191
t22	t392
t921	t541
t1380	t345
t211	t636
t111	t1117
t1892	t678
t873	t645
t505	t290
t1016	t1019
t1950	t1948
t228	t446
t109	t1731
t265	t197
t1738	t178
t380	t1365
t1145	t1919
t164	t865
t385	t1112
t1462	t1227
t1257	t849
t328	t1488
t1342	t65
t1937	t675
t514	t745
t1283	t1587
t583	t1358
t500	t1988
t615	t117
t1040	t1132
t153	t1038
t1257	t1517
t318	t1573
t747	t1495
t375	t1674
t930	t483
t1247	t97
t230	t458
t22	t967
t494	t1840
t1120	t929
t349	t101
t1005	t1506
t786	t1229
t1529	t1655
t1536	t421
t1179	t766
t833	t1825
t639	t791
t840	t1565
t339	t1486
t1461	t1035
t1628	t359
t1056	t1048
t1539	t1948
t335	t1035
t735	t967
t983	t1591
t1398	t266
t1718	t1758
t1914	t148
t264	t1794
t1044	t875
t473	t190
t1057	t1480
t1551	t353
t1541	t1229
t1972	t1049
t809	t1844
t1966	t133
t625	t1905
t1631	t446
t1725	t990
t543	t1655
t1045	t1089
t1224	t539
t1345	t1620
t1465	t720
t448	t1561
t399	t611
t159	t926
t1839	t610
t690	t1652
t1296	t1466
t494	t1492
t912	t729
t1612	t1827
t145	t1051
t194	t1497
t132	t1082
t565	t595
t1024	t685
t1196	t525
t1118	t1600
t1404	t839
t999	t1019
t1114	t219
t1538	t268
t898	t1782
t332	t1313
t777	t1574
t1077	t1428
t1803	t605
t1913	t1754
t881	t1751
t119	t1277
t695	t831
t1342	t808
t1645	t669
t989	t1066
t1786	t181
t1896	t767
t1106	t177
t36	t1598
t430	t1026
t937	t1093
t427	t299
t281	t903
t677	t1178
t801	t1904
t189	t1248
t1284	t1462
t175	t1240
t703	t985
t1911	t671
t1368	t409
t51	t475
t662	t1575
t952	t460
t847	t1735
t1069	t141
t840	t1272
t1484	t1794
t1642	t1644
t1822	t1677
t839	t260
t326	t1213
t1504	t1448
t555	t1944
t1678	t222
t1551	t728
t1392	t1116
t1210	t496
t1155	t649
t1995	t1447
t1858	t850
t644	t1410
t1885	t1801
t532	t1539
t1310	t1236
t401	t810
t688	t1457
t83	t1200
t1544	t1353
t1247	t1461
t1342	t171
t1653	t3
t1187	t196
t485	t1923
t1151	t747
t1989	t1888
t1021	t1921
t427	t579
t432	t1480
t1685	t376
t887	t235
t712	t1948
t1	t1093
t625	t281
t286	t1675
t1061	t321
t913	t151
t1167	t316
t466	t640
t1073	t968
t198	t109
t83	t352
t1532	t1868
t992	t1469
t70	t160
t1504	t1218
t1309	t1677
t797	t551
t1842	t601
t1824	t428
t189	t285
t1820	t428
t1544	t779
t1452	t2000
t1809	t356
t1781	t1229
t430	t731
t1202	t730
t492	t1934
t128	t1123
t999	t1676
t89	t260
t1297	t1377
t1984	t343
t1873	t974
t213	t31
t1778	t1131
t164	t925
t218	t178
t701	t270
t289	t701
t1048	t600
t17	t1797
t976	t168
t1559	t199
t1491	t365
t407	t1036
t162	t846
t1674	t865
t301	t589
t316	t1421
t1469	t154
t1537	t1607
t301	t1403
t1299	t1851
t588	t244
t1988	t401
t1518	t26
t1619	t859
t365	t1765
t308	t798
t1790	t1164
t877	t651
t674	t41
t826	t1789
t999	t1637
t771	t1812
t287	t1807
t1483	t1439
t434	t916
t1961	t1902
t1894	t113
t976	t657
t921	t676
t972	t28
t353	t1313
t1081	t126
t1303	t640
t25	t845
t211	t1654
t917	t632
t1241	t1550
t947	t159
t75	t1603
t1886	t124
t651	t1748
t1738	t1365
t740	t285
t121	t516
t407	t688
t1895	t1692
t351	t959
t1522	t1188
t702	t1060
t140	t626
t297	t432
t1179	t1113
t396	t280
t1248	t647
t696	t1432
t1607	t1905
t422	t1158
t1778	t95
t983	t1280
t699	t1264
t228	t1912
t1943	t559
t1301	t825
t1205	t1325
t1973	t1814
t1712	t1753
t1952	t474
t1892	t970
t782	t1274
t736	t898
t399	t1531
t1429	t312
t1321	t523
t96	t1248
t467	t1583
t1033	t1135
t1748	t1022
t50	t390
t1989	t1740
t884	t1935
t1	t378
t1042	t1499
t473	t646
t1124	t464
t1085	t1425
t313	t1117
t19	t433
t772	t310
t1929	t38
t507	t1880
t722	t497
t984	t1731
t868	t899
t368	t291
t322	t1249
t1871	t573
t67	t336
t725	t1678
t389	t1158
t1355	t1127
t1500	t1125
t801	t1139
t936	t1687
t371	t730
t1228	t1070
t501	t1766
t464	t311
t56	t1386
t1149	t1620
t527	t35
t752	t1266
t393	t577
t261	t1461
t1138	t648
t55	t1945
t352	t629
t1747	t1422
t1121	t703
t190	t775
t363	t623
t1975	t448
t689	t476
t945	t1462
t1650	t1619
t1732	t506
t620	t573
t888	t920
t1627	t1954
t1101	t1391
t902	t1335
t518	t1648
t265	t429
t230	t1803
t833	t1502
t1478	t105
t1642	t1719
t955	t1425
t1105	t611
t755	t312
t486	t521
t420	t1797
t928	t1499
t1679	t1058
t854	t100
t132	t595
t1906	t1387
t1518	t1311
t45	t492
t966	t1411
t349	t1715
t448	t184
t256	t1304
t1478	t857
t322	t708
t405	t508
t642	t1258
t624	t1752
t377	t1695
t380	t705
t1988	t1711
t1171	t590
t1881	t1500
t629	t553
t230	t14
t1939	t1655
t750	t1576
t1102	t560
t69	t1290
t1876	t1864
t1957	t362
t1817	t552
t1594	t1540
t1660	t1769
t402	t832
t9	t1488
t380	t1360
t1065	t1676
t447	t455
t1338	t875
t1486	t348
t223	t871
t300	t1575
t233	t334
t62	t1088
t370	t1222
t1633	t1573
t1736	t1139
t1824	t1234
t1337	t850
t1786	t342
t1298	t1513
t1185	t253
t1257	t1782
t338	t1914
t448	t1199
t1498	t418
t1841	t785
t1036	t509
t1507	t1286
t1831	t1578
t265	t1477
t1377	t1203
t1611	t1137
t1963	t650
t741	t209
t1200	t1243
t1295	t826
t708	t194
t601	t1517
t983	t1521
t1539	t554
t1572	t850
t1542	t1489
t99	t1264
t131	t937
t1246	t59
t1515	t933
t1984	t37
t54	t544
t1839	t1549
t1318	t298
t992	t1465
t806	t403
t487	t1917
t209	t1506
t175	t1597
t322	t1112
t1951	t41
t732	t1954
t191	t1468
t1712	t635
t1698	t316
t218	t836
t1459	t1972
t411	t1993
t707	t973
t415	t1615
t1173	t1213
t326	t348
t1471	t1552
t1050	t1076
t1099	t596
t1309	t660
t1134	t481
t852	t1881
t1449	t859
t1544	t317
t142	t1358
t1001	t968
t468	t1784
t128	t664
t1979	t1218
t846	t560
t1171	t952
t1987	t235
t262	t681
t1009	t1728
t249	t311
t1837	t1905
t1219	t619
t399	t1516
t1793	t685
t854	t1489
t1099	t11
t1123	t796
t1796	t220
t1504	t359
t195	t411
t475	t871
t187	t923
t1149	t1124
t886	t1331
t1	t633
t1094	t1476
t1466	t126
t1522	t1760
t909	t7
t306	t728
t1238	t461
t1046	t766
t839	t703
t714	t1896
t1880	t1663
t1277	t320
t1027	t11
t494	t1231
t638	t386
t1712	t1718
t1293	t466
t1411	t865
t1736	t97
t639	t488
t1395	t1670
t366	t1690
t852	t1834
t827	t1810
t1603	t1768
t1063	t1231
t1551	t981
t1102	t949
t1605	t716
t503	t433
t1369	t1677
t64	t734
t852	t923
t1170	t1508
t339	t488
t1609	t1099
t608	t1480
t179	t1273
t1094	t161
t492	t1356
t329	t436
t915	t633
t785	t477
t412	t174
t260	t1677
t153	t1314
t1838	t531
t1064	t1296
t1490	t1685
t271	t1512
t1523	t718
t1582	t1999
t1032	t1972
t494	t336
t283	t1766
t679	t1447
t16	t1945
t1463	t1503
t1029	t1165
t1031	t370
t377	t1288
t153	t1732
t590	t1068
t1659	t1905
t363	t1868
t823	t853
t1062	t482
t1842	t519
t266	t346
t1440	t492
t81	t648
t1372	t34
t1427	t284
t1284	t1088
t1870	t1463
t206	t1743
t1361	t589
t1859	t958
t837	t190
t736	t948
t572	t1158
t352	t387
t703	t1732
t1950	t1
t1785	t1077
t492	t888
t569	t1410
t1129	t601
t1329	t1374
t647	t754
t881	t382
t1126	t1785
t1065	t268
t1817	t172
t1944	t348
t1450	t797
t313	t582
t250	t1781
t1570	t1560
t1317	t580
t1069	t1142
t459	t164
t1700	t380
t1678	t336
t1069	t1003
t1705	t117
t613	t1771
t121	t1894
t1702	t1259
t1576	t933
t559	t1289
t311	t926
t1508	t1528
t448	t309
t1781	t792
t782	t1949
t1631	t1600
t1407	t229
t688	t414
t1475	t1028
t744	t670
t140	t581
t799	t1113
t941	t1051
t1134	t871
t294	t1722
t523	t875
t690	t1419
t1831	t150
t1094	t609
t676	t1250
t1634	t1229
t792	t1864
t1623	t885
t135	t253
t1056	t137
t1736	t146
t16	t1090
t1896	t693
t1897	t1077
t1200	t1843
t451	t1158
t1295	t373
t1087	t1744
t979	t1410
t632	t1269
t738	t2
t1715	t138
t884	t138
t1781	t1517
t867	t19
t1830	t1052
t1839	t1411
t1907	t140
t1903	t1104
t1867	t1339
t676	t534
t1856	t577
t583	t916
t706	t1528
t90	t111
t498	t894
t196	t1304
t457	t1211
t194	t1585
t1660	t1964
t3	t1125
t1326	t519
t1987	t1020
t899	t1270
t642	t1754
t1778	t1242
t303	t762
t1487	t1568
t673	t876
t837	t1039
t1483	t135
t1437	t1697
t312	t1717
t1052	t259
t1639	t1580
t635	t1302
t1838	t1184
t371	t970
t867	t1348
t691	t728
t771	t990
t1858	t1868
t182	t1228
t1862	t942
t797	t26
t485	t857
t1198	t190
t10	t700
t54	t1678
t1238	t1543
t1638	t341
t1293	t669
t1067	t593
t1629	t231
t541	t1746
t762	t1105
t1018	t843
t217	t104
t1571	t789
t838	t235
t211	t611
t631	t526
t289	t1003
t952	t59
t1444	t1735
t1691	t1668
t415	t1826
t1840	t849
t1855	t180
t1713	t1246
t1168	t1767
t863	t730
t443	t619
t1920	t1344
t79	t847
t90	t1083
t999	t1641
t400	t1801
t641	t346
t210	t1758
t47	t1797
t1044	t1491
t538	t1605
t358	t1791
t1635	t446
t207	t1100
t1087	t656
t945	t785
t1631	t1186
t531	t1719
t434	t1979
t1050	t1239
t536	t1553
t547	t482
t698	t1299
t132	t1454
t498	t1562
t870	t107
t597	t919
t1550	t1755
t918	t1088
t697	t1608
t1404	t1567
t1347	t401
t832	t553
t574	t1462
t842	t553
t538	t1445
t1614	t1647
t988	t1741
t406	t1268
t943	t1716
t1297	t1742
t1398	t1172
t1989	t1631
t1642	t1618
t854	t589
t1446	t948
t299	t267
t1118	t1984
t886	t1718
t31	t1443
t271	t1028
t386	t1235
t75	t1846
t1806	t1993
t261	t939
t1017	t686
t10	t1999
t911	t1593
t961	t1866
t537	t1154
t1293	t1966
t1176	t539
t1475	t997
t872	t316
t1310	t340
t482	t1624
t1480	t1499
t1653	t980
t1291	t52
t1154	t1417
t1927	t843
t70	t964
t661	t1528
t1237	t883
t951	t397
t1135	t450
t1565	t354
t1613	t724
t1659	t695
t230	t1607
t1449	t1005
t207	t1226
t990	t34
t1734	t553
t1376	t467
t1846	t341
t1736	t1421
t1574	t713
t521	t40
t198	t1644
t543	t681
t1352	t433
t1629	t1897
t818	t1458
t887	t1160
t590	t276
t1241	t1632
t1706	t1344
t1976	t510
t1291	t142
t372	t792
t769	t1739
t1097	t1637
t888	t194
t1842	t1648
t1760	t859
t1171	t501
t1367	t678
t822	t1671
t1754	t1387
t416	t1528
t241	t1422
t283	t505
t1969	t1122
t564	t490
t722	t173
t1157	t914
t1351	t1661
t677	t1891
t941	t1171
t908	t1635
t1532	t1637
t1618	t1191
t18	t677
t1671	t59
t1099	t1946
t1255	t1323
t1605	t1731
t1564	t1714
t567	t1548
t572	t1634
t338	t436
t1061	t1314
t1455	t746
t83	t1118
t1815	t285
t378	t1052
t1395	t1190
t597	t1675
t700	t1076
t1056	t1585
t741	t1362
t1954	t1552
t906	t390
t118	t1357
t19	t803
t1257	t640
t823	t138
t191	t1047
t509	t1049
t1333	t847
t1197	t836
t1151	t1334
t665	t1090
t1823	t856
t309	t1026
t1021	t1050
t283	t98
t469	t1826
t1626	t3
t664	t210
t1667	t703
t944	t98
t1656	t1232
t1804	t822
t1794	t1972
t1852	t962
t427	t1219
t654	t1981
t1205	t1050
t349	t1549
t1557	t1019
t1504	t1076
t1319	t1759
t1964	t1308
t1887	t3
t559	t34
t708	t1550
t1392	t369
t1532	t246
t1664	t1549
t1181	t363
t839	t932
t8	t675
t1187	t827
t151	t1930
t1853	t232
t924	t1704
t639	t1715
t1888	t1517
t1911	t1371
t1538	t1633
t1889	t926
t1650	t894
t1322	t601
t265	t740
t1071	t550
t1349	t843
t603	t1428
t1856	t526
t5	t1828
t655	t777
t994	t470
t1566	t1218
t495	t1306
t1763	t716
t567	t1143
t297	t622
t157	t1024
t574	t658
t881	t602
t1627	t1639
t271	t35
t780	t1807
t1330	t818
t331	t1548
t774	t1300
t252	t19
t611	t544
t1512	t326
t913	t856
t721	t1153
t978	t1868
t1439	t1001
t109	t1089
t77	t1074
t1569	t1671
t973	t686
t1478	t485
t1035	t98
t265	t1846
t1739	t1703
t1214	t1139
t203	t1497
t1874	t1289
t302	t119
t1936	t524
t1557	t1926
t852	t628
t1059	t1865
t788	t1643
t872	t595
t1835	t1863
t749	t1788
t1370	t1273
t566	t178
t730	t784
t306	t1101
t1098	t1988
t1018	t692
t1326	t1204
t773	t1219
t430	t810
t964	t1679
t533	t1815
t584	t1899
t661	t806
t121	t1871
t534	t650
t230	t1490
t454	t1205
t989	t1579
t280	t1759
t1902	t1052
t1194	t1552
t469	t1749
t1170	t510
t402	t135
t487	t1933
t1235	t1499
t1885	t1141
t52	t600
t1285	t1457
t374	t715
t102	t454
t872	t280
t1145	t711
t1168	t210
t1524	t746
t1882	t1826
t176	t581
t742	t484
t513	t771
t110	t396
t195	t1779
t1199	t180
t732	t1035
t744	t1866
t26	t876
t676	t1270
t1761	t1675
t1706	t209
t1610	t1051
t453	t762
t26	t198
t1507	t899
t1651	t278
t513	t1838
t1040	t420
t335	t291
t704	t383
t631	t1653
t879	t1070
t870	t1816
t1163	t820
t1892	t1033
t999	t316
t66	t1255
t914	t1235
t1989	t1755
t786	t925
t867	t381
t1282	t1387
t1242	t178
t267	t1335
t1136	t656
t194	t536
t347	t1092
t1163	t3
t1985	t413
t254	t1384
t1065	t1033
t699	t298
t398	t291
t1942	t1028
t733	t1557
t1490	t962
t1097	t1548
t1419	t1755
t724	t1498
t402	t1401
t1149	t1904
t1842	t1283
t615	t323
t1602	t337
t1613	t573
t1833	t570
t453	t1673
t1351	t406
t917	t203
t1963	t1155
t1193	t1846
t923	t1704
t924	t1458
t1359	t1256
t1954	t1761
t1388	t548
t979	t554
t302	t1786
t469	t1891
t1381	t758
t759	t1707
t660	t858
t1490	t1956
t1429	t849
t1984	t1481
t730	t1253
t632	t370
t1791	t1003
t555	t33
t1592	t1405
t47	t1096
t1787	t919
t234	t486
t1783	t1093
t610	t1938
t468	t1894
t613	t428
t464	t744
t379	t436
t881	t1608
t499	t1808
t301	t543
t1790	t1550
t1437	t1175
t672	t431
t220	t41
t1823	t1751
t283	t821
t1757	t1229
t1754	t1813
t1804	t1042
t987	t1742
t472	t1792
t564	t1211
t1642	t1610
t1955	t1701
t537	t969
t683	t352
t1789	t975
t1926	t1644
t1927	t1660
t1144	t1094
t882	t1750
t1979	t1902
t1047	t309
t1200	t900
t572	t463
t1133	t238
t1896	t1197
t1897	t1926
t1458	t444
t1063	t1800
t385	t462
t317	t1732
t307	t1663
t1440	t331
t67	t1112
t1798	t1342
t1242	t520
t863	t396
t1651	t1763
t1776	t1811
t839	t575
t1775	t1251
t1391	t1640
t322	t920
t1400	t489
t1246	t1905
t1289	t842
t468	t233
t298	t548
t980	t1423
t1565	t1718
t1642	t1640
t557	t44
t1183	t1626
t1599	t1501
t1987	t1381
t416	t908
t11	t1505
t273	t193
t310	t530
t1250	t1632
t1683	t1423
t1969	t1570
t1062	t1556
t879	t1375
t902	t1967
t1737	t1707
t361	t1526
t1284	t1552
t382	t1782
t1583	t647
t836	t1466
t806	t751
t1177	t559
t1321	t1663
t7	t657
t1456	t1807
t1896	t373
t331	t1682
t748	t1777
t1917	t853
t336	t1569
t928	t1520
t118	t1469
t234	t272
t1911	t488
t1570	t1992
t371	t243
t832	t575
t1662	t1919
t1985	t1566
t1787	t1119
t689	t1516
t487	t391
t47	t198
t1909	t1607
t612	t172
t1567	t1807
t1205	t998
t1763	t1276
t856	t966
t1936	t1833
t334	t1542
t189	t693
t951	t39
t926	t1677
t1195	t1302
t530	t174
t126	t544
t1943	t159
t659	t700
t1231	t1259
t1375	t1373
t112	t281
t175	t1542
t1101	t1181
t1016	t3
t310	t1983
t1257	t104
t1004	t619
t1614	t122
t1943	t478
t403	t460
t1688	t760
t350	t1867
t1964	t1595
t324	t745
t1673	t1221
t1642	t1802
t1065	t1346
t167	t1593
t1154	t724
t1578	t1615
t1659	t1253
t1530	t1299
t690	t34
t1310	t1745
t817	t383
t1862	t1549
t1987	t1399
t574	t1720
t663	t1735
t1763	t1267
t8	t812
t1842	t1341
t1851	t573
t1097	t1486
t1529	t667
t1440	t880
t1961	t273
t941	t551
t1701	t1357
t85	t1399
t1277	t337
t1380	t734
t914	t291
t334	t1893
t469	t1326
t1603	t1186
t682	t367
t1374	t1313
t1045	t1915
t448	t1838
t722	t209
t1150	t962
t1980	t1261
t162	t1286
t805	t1684
t132	t496
t926	t506
t1879	t339
t628	t579
t577	t728
t1957	t1814
t1100	t1133
t1442	t1939
t1338	t1554
t1958	t1292
t1025	t1276
t493	t460
t796	t1497
t1197	t205
t1031	t1994
t1328	t280
t1243	t444
t370	t1878
t1850	t834
t485	t1289
t1036	t938
t1052	t115
t1852	t1324
t1016	t1426
t1019	t1766
t258	t1819
t1185	t1129
t887	t1235
t518	t450
t1383	t1363
t166	t1086
t1077	t1740
t1193	t376
t951	t733
t1365	t563
t1615	t792
t1351	t1304
t1476	t1807
t766	t1604
t793	t483
t73	t185
t1649	t1676
t983	t705
t1981	t114
t416	t419
t1415	t69
t1856	t363
t304	t178
t945	t1621
t757	t4
t833	t1979
t836	t354
t1245	t948
t657	t1364
t1327	t944
t594	t1266
t526	t1995
t658	t1189
t388	t279
t1714	t278
t1025	t1311
t1651	t629
t168	t1093
t1115	t335
t175	t560
t1793	t1846
t1092	t359
t122	t724
t663	t1902
t1357	t544
t50	t1253
t1871	t1323
t90	t968
t1807	t1058
t1290	t1666
t66	t4
t146	t150
t1895	t980
t156	t225
t1129	t600
t257	t774
t879	t72
t1237	t1447
t330	t890
t42	t243
t1340	t530
t1977	t1413
t1345	t847
t666	t225
t1504	t1754
t1062	t1497
t317	t353
t1087	t263
t458	t1629
t1542	t1925
t264	t819
t1948	t1513
t1014	t814
t273	t123
t453	t953
t396	t747
t1933	t1201
t1086	t1547
t1822	t565
t1970	t1253
t1793	t245
t547	t1755
t1872	t1247
t499	t455
t613	t128
t1396	t849
t1542	t235
t252	t723
t636	t91
t1033	t865
t186	t960
t982	t1292
t663	t362
t56	t1302
t879	t1645
t516	t1358
t1952	t1220
t1444	t1687
t1436	t718
t1824	t1766
t747	t1946
t269	t366
t262	t142
t579	t561
t1945	t1105
t611	t804
t1577	t1666
t213	t95
t61	t1272
t721	t432
t1573	t1971
t721	t1566
t1337	t897
t1220	t1248
t1730	t848
t801	t433
t1136	t1757
t178	t723
t1392	t133
t1149	t119
t395	t378
t759	t144
t332	t1465
t1539	t1692
t501	t975
t481	t1574
t134	t1884
t844	t1879
t190	t351
t89	t593
t1550	t477
t797	t1270
t83	t1585
t683	t1657
t785	t1777
t788	t1712
t642	t111
t946	t1545
t402	t146
t274	t1746
t1230	t647
t1950	t40
t1775	t527
t82	t139
t302	t235
t365	t152
t1870	t219
t131	t1148
t345	t392
t498	t296
t845	t842
t207	t471
t500	t452
t212	t1282
t1577	t447
t1991	t1753
t793	t276
t1578	t1341
t42	t700
t347	t1208
t1938	t849
t1155	t1442
t1658	t619
t1977	t1274
t1210	t85
t508	t971
t504	t257
t1260	t1133
t1817	t1742
t262	t687
t372	t318
t478	t1905
t1468	t1944
t1202	t1479
t1567	t393
t1084	t1813
t331	t1045
t1344	t1178
t1241	t1024
t1149	t378
t828	t1724
t834	t1304
t1055	t91
t153	t566
t900	t878
t417	t17
t1565	t811
t731	t1680
t1748	t1457
t1194	t1795
t143	t1711
t1260	t273
t1040	t1687
t1440	t1309
t1206	t1304
t126	t1666
t937	t1147
t491	t1408
t1506	t1930
t697	t1001
t1618	t49
t1336	t1756
t1509	t3
t1209	t582
t559	t209
t1299	t1812
t1011	t985
t809	t885
t629	t894
t458	t164
t1458	t1070
t1611	t262
t97	t356
t565	t1711
t582	t1674
t665	t1323
t473	t28
t333	t1096
t996	t958
t58	t1976
t22	t270
t1869	t681
t179	t585
t321	t203
t1233	t1619
t1154	t862
t1343	t1189
t1679	t1127
t927	t899
t1464	t922
t1572	t490
t1370	t656
t821	t476
t1942	t614
t955	t482
t1275	t1511
t661	t602
t1711	t1075
t1327	t426
t403	t354
t422	t1732
t410	t822
t330	t893
t1448	t1423
t1433	t1834
t799	t1984
t788	t1390
t264	t1473
t187	t891
t1629	t1331
t1502	t103
t599	t1553
t750	t1226
t1116	t287
t1234	t821
t283	t108
t639	t1682
t1999	t1553
t594	t268
t453	t1349
t1979	t1569
t1566	t1462
t1814	t1402
t1782	t1569
t884	t79
t1525	t297
t987	t1920
t300	t787
t1157	t1978
t1484	t71
t1885	t1003
t458	t1258
t551	t1646
t714	t1894
t1198	t1334
t1508	t709
t347	t459
t279	t1473
t292	t358
t1057	t348
t2000	t1790
t1310	t1194
t1725	t1919
t1653	t166
t494	t1497
t1073	t1143
t436	t1744
t287	t1705
t1236	t339
t1509	t1553
t1770	t528
t551	t792
t907	t1129
t52	t1225
t175	t1815
t1590	t515
t583	t997
t194	t644
t154	t1579
t121	t1689
t22	t356
t1217	t760
t1961	t265
t1363	t236
t502	t1477
t906	t1096
t884	t542
t102	t930
t1289	t1304
t280	t1968
t463	t620
t1327	t76
t1563	t1745
t1723	t1951
t37	t60
t338	t1380
t1317	t1145
t1734	t867
t369	t137
t514	t1553
t1202	t74
t1998	t553
t613	t856
t1668	t296
t1764	t484
t864	t850
t834	t1920
t127	t1915
t664	t1994
t1975	t840
t1025	t1142
t283	t1485
t1427	t1949
t1674	t1843
t131	t1856
t131	t45
t1136	t222
t1619	t986
t1	t977
t1793	t1088
t218	t856
t1072	t1647
t585	t566
t1196	t1681
t1688	t1363
t965	t431
t589	t668
t1848	t1980
t1539	t471
t456	t1545
t399	t1688
t328	t585
t491	t76
t1746	t1742
t575	t756
t1440	t679
t730	t44
t77	t645
t1202	t1280
t1616	t1641
t1451	t1872
t1978	t940
t513	t934
t1795	t1731
t1563	t948
t829	t59
t867	t734
t1321	t1653
t1053	t1416
t1790	t1367
t1231	t728
t667	t1519
t1153	t1800
t1209	t526
t1696	t1210
t770	t1254
t207	t1505
t836	t815
t840	t1108
t878	t1172
t867	t1580
t751	t433
t757	t1966
t1617	t885
t1446	t601
t692	t553
t1538	t687
t516	t703
t363	t37
t182	t1202
t778	t1796
t1146	t704
t569	t1427
t1207	t753
t66	t107
t12	t760
t1959	t1269
t1770	t1336
t890	t1159
t1760	t1528
t116	t668
t229	t1646
t1475	t1697
t1693	t522
t1690	t1810
t172	t68
t1308	t515
t221	t172
t1771	t1306
t1459	t1360
t215	t1688
t642	t1135
t120	t1990
t706	t652
t994	t1893
t51	t97
t1615	t522
t1963	t1358
t1624	t377
t485	t1276
t1479	t980
t1989	t1954
t1765	t1854
t1836	t452
t491	t247
t560	t1458
t1074	t948
t818	t100
t140	t247
t1106	t97
t2	t1109
t666	t24
t1887	t307
t930	t1662
t1769	t204
t1696	t855
t943	t1265
t301	t318
t89	t1925
t1010	t140
t43	t1036
t819	t64
t45	t1107
t1397	t124
t257	t293
t884	t543
t1586	t490
t1057	t33
t1136	t447
t629	t1814
t901	t970
t1144	t253
t529	t767
t381	t337
t708	t1655
t1423	t14
t51	t1783
t430	t1881
t1691	t429
t1231	t1939
t296	t273
t1465	t779
t85	t356
t1132	t648
t879	t109
t1832	t340
t1061	t581
t370	t1393
t1130	t898
t1605	t1666
t550	t385
t682	t1596
t1094	t160
t1005	t893
t1196	t1803
t1278	t984
t1613	t1878
t1848	t376
t1379	t1773
t304	t851
t1056	t1972
t1080	t1671
t1609	t124
t1265	t34
t1694	t534
t1512	t1761
t585	t1688
t521	t1397
t1299	t1608
t1375	t1648
t1504	t1024
t1818	t1050
t1080	t1834
t803	t1884
t1906	t632
t226	t761
t1029	t788
t1561	t469
t112	t523
t788	t133
t332	t1865
t1680	t421
t498	t1457
t1071	t1458
t816	t1279
t521	t7
t1014	t1463
t1957	t1558
t1778	t1638
t1822	t288
t812	t1501
t87	t1508
t1024	t1826
t1064	t587
t905	t1273
t1324	t456
t729	t1366
t2000	t444
t306	t325
t1096	t383
t1532	t31
t833	t897
t579	t685
t404	t1971
t895	t945
t983	t1323
t1083	t1208
t1809	t1969
t105	t1419
t1267	t298
t179	t99
t972	t1808
t188	t1741
t1577	t1331
t283	t1248
t81	t971
t1899	t1033
t1240	t578
t935	t570
t313	t1695
t118	t861
t525	t1874
t125	t1769
t1852	t974
t1317	t1650
t1559	t1633
t615	t523
t508	t1469
t817	t765
t1396	t152
t998	t248
t663	t1805
t1702	t1427
t776	t343
t1561	t1045
t943	t346
t1031	t278
t256	t1164
t753	t1438
t505	t356
t1247	t1245
t1391	t150
t1291	t1037
t913	t923
t1681	t2000
t647	t784
t1773	t148
t662	t271
t411	t1635
t1652	t1741
t423	t1488
t711	t146
t499	t1115
t1100	t1990
t105	t872
t719	t792
t1974	t1549
t943	t796
t1321	t624
t959	t1178
t384	t849
t930	t1596
t643	t1995
t1963	t180
t364	t1333
t1932	t204
t1848	t1890
t1319	t1811
t1327	t1239
t1201	t1020
t1285	t1283
t772	t1593
t450	t1402
t1435	t1384
t1166	t1895
t221	t175
t1075	t765
t1700	t157
t142	t488
t1896	t1375
t1285	t1124
t846	t1604
t636	t1603
t652	t519
t1053	t1893
t1388	t152
t1889	t1688
t37	t95
t270	t1811
t1226	t1571
t1774	t952
t1141	t1531
t575	t388
t734	t1864
t833	t1287
t752	t348
t633	t1799
t21	t1459
t221	t1311
t724	t1626
t1326	t1375
t1297	t467
t1486	t210
t565	t144
t996	t4
t1440	t1308
t591	t282
t624	t553
t399	t731
t557	t1362
t1493	t583
t1768	t1735
t1170	t1787
t1746	t760
t1914	t36
t1392	t950
t35	t477
t1336	t1107
t918	t287
t879	t1353
t721	t1378
t1942	t212
t1011	t1621
t697	t1581
t79	t1087
t1443	t17
t608	t1032
t224	t1449
t372	t421
t1097	t1946
t1958	t358
t1057	t1020
t501	t1994
t572	t456
t454	t1931
t1793	t317
t906	t1412
t1249	t446
t1530	t596
t522	t1718
t879	t1593
t141	t1528
t597	t1060
t1429	t122
t1142	t1270
t440	t199
t144	t1674
t511	t1347
t1866	t1168
t317	t1277
t1440	t496
t1231	t1390
t1161	t1674
t1280	t865
t542	t648
t1236	t1316
t465	t1894
t1321	t185
t1183	t1188
t1680	t446
t1643	t1704
t1389	t1485
t1087	t1643
t1100	t265
t16	t194
t1145	t588
t1831	t1427
t1850	t1851
t1792	t65
t1124	t1264
t924	t1635
t1882	t1076
t215	t1160
t895	t1342
t1991	t1055
t86	t555
t1555	t520
t863	t1345
t1539	t1594
t1417	t633
t1012	t1619
t1165	t842
t1824	t1695
t636	t426
t797	t933
t1389	t1991
t1515	t1684
t1292	t377
t148	t1158
t1889	t734
t74	t1517
t1746	t1113
t25	t154
t555	t1815
t427	t848
t1136	t398
t492	t1976
t945	t1649
t45	t319
t167	t1640
t1862	t1807
t269	t1508
t1793	t640
t310	t449
t1709	t1727
t958	t1211
t287	t1773
t1589	t865
t1284	t1028
t189	t178
t1975	t472
t263	t280
t795	t553
t1623	t786
t1770	t1821
t1556	t1648
t149	t69
t1150	t387
t195	t647
t143	t19
t327	t948
t73	t1519
t136	t940
t1174	t1019
t539	t1217
t1612	t1100
t263	t1385
t1470	t1428
t241	t927
t1928	t1090
t1337	t342
t750	t378
t372	t493
t985	t1979
t613	t1176
t882	t267
t1690	t611
t1687	t1780
t562	t1125
t1195	t792
t1788	t1499
t1102	t146
t1079	t1910
t116	t1340
t1954	t1845
t362	t204
t1737	t490
t1751	t385
t1455	t433
t503	t1727
t1400	t850
t828	t1492
t264	t129
t1073	t905
t78	t1719
t703	t381
t805	t1704
t1451	t1024
t96	t653
t951	t1481
t703	t629
t1987	t1357
t1223	t446
t628	t1780
t1662	t1502
t223	t109
t877	t1275
t1469	t1922
t1000	t540
t879	t1580
t632	t59
t262	t780
t907	t1626
t541	t1760
t1048	t339
t448	t468
t1914	t1160
t837	t1935
t379	t243
t631	t170
t1012	t1515
t1518	t1756
t347	t740
t1918	t25
t1957	t418
t634	t1036
t55	t293
t1872	t308
t587	t1250
t386	t1919
t1595	t578
t877	t576
t1174	t1410
t413	t1189
t1311	t1992
t1354	t390
t1920	t560
t504	t758
t960	t260
t972	t1192
t731	t1202
t1773	t1272
t1535	t1914
t359	t1731
t689	t576
t958	t358
t1761	t1647
t682	t1058
t1544	t341
t1567	t1017
t6	t1990
t1227	t1545
t557	t1396
t1012	t1547
t1654	t1676
t1271	t1261
t189	t498
t1123	t1399
t763	t1794
t901	t1604
t753	t1377
t1441	t806
t1094	t1509
t478	t1061
t739	t74
t872	t1811
t1526	t558
t397	t1276
t1837	t741
t1002	t1695
t478	t1259
t1941	t678
t1798	t1772
t1891	t1402
t1388	t692
t759	t141
t532	t426
t612	t991
t1131	t1991
t999	t775
t769	t847
t198	t539
t964	t804
t501	t1498
t403	t337
t1527	t1360
t1984	t1158
t1653	t785
t718	t909
t367	t845
t22	t1671
t1960	t123
t1389	t1476
t1536	t1192
t1645	t256
t1321	t1020
t110	t1970
t1407	t1630
t172	t641
t667	t1004
t513	t1286
t1073	t188
t1696	t638
t1083	t1364
t1937	t1844
t693	t438
t610	t641
t265	t1432
t1888	t1049
t1257	t1307
t1572	t313
t442	t1112
t124	t284
t1095	t1551
t1777	t1547
t559	t1393
t313	t599
t1454	t1218
t1896	t181
t1979	t796
t42	t735
t8	t430
t37	t1510
t711	t1746
t1169	t322
t1494	t1562
t1354	t1528
t45	t1345
t992	t1058
t667	t1739
t192	t1362
t655	t1368
t1386	t1660
t1927	t1509
t854	t1797
t1913	t284
t1559	t48
t1094	t1692
t1900	t1437
t568	t1587
t872	t1929
t943	t637
t1715	t282
t1954	t1293
t1328	t260
t57	t1272
t1069	t997
t666	t1726
t413	t76
t1044	t1527
t1396	t686
t265	t855
t1320	t1760
t45	t1014
t582	t1901
t1776	t555
t622	t185
t1008	t641
t814	t307
t330	t682
t56	t1710
t1599	t1864
t449	t476
t187	t1432
t1908	t996
t159	t1235
t1105	t1936
t1485	t916
t1328	t595
t1485	t1829
t1260	t1191
t1332	t484
t1823	t1105
t1159	t359
t809	t1815
t1689	t562
t65	t581
t933	t1750
t1010	t1585
t1456	t1031
t264	t433
t678	t1797
t1700	t597
t1354	t1067
t102	t1374
t1436	t253
t1761	t903
t1487	t371
t809	t1578
t195	t1964
t234	t1504
t107	t1713
t650	t34
t251	t436
t814	t7
t1483	t1854
t535	t1797
t469	t817
t1052	t1058
t251	t1676
t475	t593
t288	t1326
t1391	t1630
t314	t719
t1441	t385
t1378	t117
t1319	t592
t1933	t3
t747	t1418
t546	t1774
t1532	t521
t1153	t180
t742	t1499
t1347	t1974
t988	t433
t866	t1425
t1591	t65
t934	t497
t458	t658
t314	t50
t1429	t1371
t448	t1085
t1370	t645
t1151	t871
t326	t1066
t473	t568
t1172	t981
t1207	t1218
t22	t1779
t863	t1548
t1032	t208
t1212	t981
t1237	t680
t294	t623
t702	t1771
t954	t1452
t207	t1445
t1955	t1727
t1642	t352
t4	t1226
t743	t1825
t1856	t1264
t1723	t529
t505	t449
t255	t589
t1616	t612
t1293	t1756
t258	t803
t22	t1048
t337	t1331
t1729	t289
t669	t640
t1591	t933
t433	t273
t12	t1542
t1921	t34
t1082	t1167
t189	t97
t1415	t1251
t1319	t635
t109	t1339
t1554	t1508
t1559	t1551
t1394	t581
t729	t1088
t157	t734
t12	t871
t1336	t1598
t336	t57
t1433	t1944
t1070	t238
t937	t1935
t201	t181
t1778	t804
t1859	t1355
t1689	t554
t1187	t1852
t1130	t964
t615	t1591
t1196	t1624
t1412	t1185
t1144	t620
t77	t312
t1932	t842
t1870	t1182
t349	t835
t1009	t1124
t233	t1814
t1835	t181
t1121	t196
t1310	t592
t357	t674
t1559	t123
t1790	t746
t1682	t979
t706	t490
t835	t154
t1195	t1871
t1539	t237
t1817	t1457
t1176	t171
t174	t1203
t1163	t915
t1646	t1373
t1383	t1562
t979	t15
t658	t1692
t1015	t1324
t1535	t1309
t1834	t1740
t706	t1663
t1383	t1865
t252	t705
t689	t982
t859	t103
t1873	t648
t848	t713
t198	t1701
t1826	t524
t1500	t1531
t1559	t1250
t877	t1548
t1830	t1471
t1690	t1161
t1908	t1536
t119	t869
t1152	t446
t137	t356
t1852	t253
t1332	t767
t1566	t385
t1232	t417
t1400	t285
t1877	t885
t1029	t114
t158	t153
t831	t614
t195	t1088
t954	t790
t350	t272
t1244	t445
t140	t823
t1004	t1276
t248	t1107
t812	t214
t1064	t1735
t718	t1717
t764	t379
t249	t790
t1176	t1685
t1377	t968
t1464	t1253
t1319	t617
t1565	t1789
t961	t1089
t327	t1158
t459	t1105
t1530	t1881
t1219	t1720
t366	t546
t1328	t103
t884	t1127
t532	t1055
t6	t835
t1433	t1923
t1306	t359
t612	t39
t1682	t953
t791	t997
t23	t1829
t1101	t1693
t1179	t973
t1156	t1658
t1142	t734
t769	t1686
t1942	t876
t1852	t1562
t1465	t1217
t495	t1994
t1985	t138
t375	t1804
t1082	t973
t1404	t108
t545	t277
t1046	t664
t347	t1484
t1350	t1930
t1995	t1425
t1703	t471
t1057	t765
t1441	t1417
t1412	t1339
t996	t709
t259	t1531
t1158	t204
t54	t210
t448	t1710
t1507	t1463
t655	t339
t742	t1919
t1610	t938
t1	t1020
t835	t1219
t56	t1819
t951	t1881
t945	t688
t1956	t875
t1207	t687
t265	t874
t1654	t174
t1868	t1424
t1913	t586
t1176	t649
t323	t975
t758	t1304
t1177	t1902
t213	t1973
t169	t1112
t1986	t876
t367	t1346
t451	t1990
t661	t296
t1391	t839
t1574	t656
t1698	t974
t1850	t33
t1927	t856
t1940	t46
t593	t563
t131	t327
t1944	t1274
t1024	t1797
t1659	t529
t1649	t1017
t906	t417
t513	t159
t751	t582
t701	t295
t908	t1544
t322	t589
t371	t1159
t1989	t415
t1350	t1790
t1501	t975
t567	t91
t699	t272
t909	t1752
t1562	t307
t356	t104
t1322	t679
t282	t553
t106	t114
t1306	t253
t1710	t1771
t1577	t1509
t1382	t1290
t350	t867
t321	t1652
t1990	t1580
t797	t919
t254	t965
t705	t779
t132	t819
t1299	t878
t1103	t1255
t1140	t644
t1244	t1746
t1067	t672
t1257	t101
t1738	t1701
t338	t1339
t303	t1107
t655	t613
t743	t546
t631	t420
t852	t641
t1322	t278
t1592	t1100
t1315	t549
t1320	t529
t347	t488
t335	t1596
t1440	t309
t177	t1239
t2	t107
t1386	t1823
t1964	t63
t1209	t1064
t1380	t851
t1451	t1116
t1391	t1461
t159	t764
t1108	t1021
t656	t767
t314	t1333
t1460	t775
t76	t926
t1634	t977
t1607	t151
t1255	t346
t1748	t916
t412	t1844
t1321	t1116
t721	t214
t528	t1931
t625	t1341
t924	t894
t1424	t14
t328	t1393
t902	t1992
t1805	t1528
t1121	t1828
t1820	t281
t191	t412
t1956	t730
t31	t489
t69	t1919
t442	t617
t423	t1655
t492	t185
t344	t928
t1697	t383
t1726	t320
t1479	t1794
t1385	t1519
t1555	t1557
t332	t1960
t1456	t1682
t1860	t180
t1417	t351
t1048	t1339
t540	t592
t896	t1626
t1284	t1090
t1700	t138
t528	t151
t435	t1331
t1132	t801
t454	t825
t1368	t1381
t600	t237
t90	t1548
t143	t595
t1268	t1766
t1256	t559
t1293	t501
t207	t150
t1532	t831
t1896	t1121
t1682	t680
t1715	t1629
t331	t235
t1842	t61
t1184	t19
t852	t49
t1040	t68
t876	t1158
t1283	t368
t765	t1270
t1469	t1981
t1140	t1638
t1263	t1264
t1370	t496
t1406	t73
t1656	t577
t425	t431
t961	t1714
t1683	t720
t1586	t1801
t8	t1885
t654	t1779
t900	t1789
t1069	t1369
t1298	t1855
t1464	t1049
t585	t1290
t195	t1800
t755	t1030
t1850	t1773
t1702	t74
t542	t329
t465	t943
t1318	t187
t1291	t1328
t1441	t73
t205	t859
t1318	t722
t413	t352
t914	t1715
t624	t311
t1775	t785
t213	t1179
t227	t431
t1956	t312
t1098	t1334
t168	t1089
t1659	t319
t985	t154
t1028	t32
t1869	t970
t322	t417
t583	t1923
t1399	t760
t1378	t1126
t405	t602
t1932	t1211
t1660	t1528
t1955	t1682
t1952	t1949
t1969	t456
t915	t1921
t1850	t1082
t733	t1687
t1520	t968
t772	t1687
t759	t1517
t1853	t275
t1247	t870
t140	t1862
t451	t1936
t711	t39
t1404	t600
t1039	t584
t1241	t944
t1543	t1755
t613	t927
t1708	t668
t1171	t953
t25	t1106
t89	t1133
t1468	t112
t442	t295
t1886	t1540
t1956	t1610
t1702	t1622
t237	t784
t1748	t437
t1729	t1829
t366	t480
t419	t694
t628	t1742
t532	t159
t1459	t5
t1298	t992
t1603	t440
t29	t573
t1045	t949
t1619	t329
t1391	t1843
t1244	t1972
t1412	t734
t487	t209
t1501	t830
t764	t1432
t755	t975
t361	t1501
t453	t359
t1326	t185
t791	t1048
t338	t50
t1275	t1678
t88	t1555
t1126	t1923
t1044	t1528
t1409	t1137
t303	t1545
t1894	t857
t192	t1693
t1453	t1366
t1181	t1541
t8	t535
t1606	t1510
t800	t898
t1819	t544
t1303	t1604
t1285	t560
t1756	t447
t1328	t1591
t91	t376
t1137	t630
t255	t918
t904	t460
t1233	t1471
t1875	t994
t1532	t1256
t1164	t810
t368	t694
t131	t800
t731	t1569
t1627	t569
t157	t553
t1380	t245
t112	t654
t1950	t956
t731	t508
t1424	t1313
t1882	t1150
t1252	t618
t866	t1695
t1610	t1486
t47	t367
t536	t57
t1883	t1090
t662	t441
t803	t1937
t1867	t966
t582	t1188
t344	t929
t131	t1434
t324	t572
t1275	t1902
t689	t1528
t1680	t1319
t514	t575
t900	t1026
t1029	t1034
t1618	t707
t608	t1829
t1102	t418
t422	t935
t1184	t316
t221	t205
t1963	t1547
t1824	t1944
t1829	t991
t453	t1040
t393	t13
t1362	t1497
t335	t1577
t1124	t1725
t1159	t1203
t357	t1306
t1871	t720
t262	t1766
t1318	t421
t1708	t307
t1425	t1528
t1244	t1938
t1867	t1605
t1297	t593
t1099	t826
t537	t640
t1489	t1362
t1241	t133
t472	t193
t1885	t65
t919	t1502
t1501	t1981
t1965	t1974
t806	t656
t213	t1116
t665	t1733
t172	t199
t1955	t142
t1933	t1790
t660	t24
t1982	t1274
t1877	t1447
t1560	t1976
t1818	t1220
t1043	t860
t271	t352
t1019	t173
t1194	t409
t7	t1925
t1988	t292
t797	t713
t33	t1854
t714	t716
t1762	t52
t1809	t108
t1769	t626
t122	t705
t1450	t1745
t682	t1332
t494	t1593
t132	t390
t568	t1717
t1650	t1596
t1029	t111
t833	t1531
t465	t1237
t1535	t511
t587	t1552
t1941	t143
t1955	t1266
t1986	t566
t341	t199
t350	t599
t45	t1720
t934	t1580
t1564	t803
t1216	t150
t1329	t1690
t1977	t863
t1167	t512
t571	t1579
t1965	t1938
t1524	t1284
t699	t1202
t1152	t529
t867	t1058
t132	t124
t799	t94
t1699	t997
t368	t155
t867	t509
t582	t41
t572	t97
t1763	t1704
t657	t126
t1138	t1677
t1087	t1608
t1087	t105
t772	t1779
t1743	t1377
t1611	t151
t803	t1161
t198	t486
t580	t1869
t757	t1580
t1763	t1348
t53	t1203
t1520	t967
t481	t1051
t1440	t790
t1224	t1075
t1236	t1021
t1504	t104
t1436	t1707
t230	t696
t463	t43
t1431	t1983
t1168	t965
t1095	t1692
t1165	t855
t265	t476
t1855	t958
t1914	t640
t205	t1574
t1440	t1873
t718	t810
t1777	t1528
t969	t1259
t124	t1458
t800	t1678
t1988	t1994
t1817	t1072
t1394	t1139
t918	t1289
t349	t1366
t1748	t89
t932	t1076
t1265	t148
t778	t378
t2	t1267
t1372	t952
t1935	t1926
t1222	t123
t1886	t1601
t1965	t552
t1232	t232
t999	t1148
t833	t1878
t827	t1060
t205	t1213
t1324	t604
t76	t1652
t602	t225
t1416	t952
t1330	t1933
t102	t1258
t1039	t254
t1656	t1481
t1845	t1865
t1339	t848
t762	t775
t1687	t1704
t1340	t669
t930	t824
t22	t674
t1124	t1801
t871	t1861
t1998	t1503
t664	t1791
t1369	t1125
t1244	t1593
t1607	t270
t416	t558
t587	t1634
t49	t900
t53	t827
t1354	t346
t735	t1066
t1082	t1573
t814	t469
t744	t741
t1320	t998
t192	t290
t1330	t827
t912	t1116
t1869	t1164
t326	t1186
t269	t552
t582	t1704
t1693	t1242
t120	t684
t1950	t876
t636	t1296
t1906	t1486
t866	t652
t913	t1984
t1289	t1510
t182	t224
t246	t619
t1844	t147
t38	t1486
t851	t858
t928	t1613
t203	t100
t869	t853
t670	t1201
t1715	t524
t1201	t1976
t1509	t1805
t290	t604
t240	t1495
t37	t111
t458	t606
t1233	t1182
t473	t1996
t1567	t1165
t1064	t101
t25	t551
t567	t377
t1717	t962
t400	t173
t1661	t1113
t1963	t761
t842	t853
t1120	t152
t708	t1345
t1337	t684
t1518	t642
t1033	t238
t1530	t1508
t375	t762
t1123	t792
t944	t147
t1730	t1784
t1783	t303
t1226	t174
t54	t1923
t197	t1755
t580	t1366
t393	t91
t650	t617
t1909	t313
t262	t1015
t753	t1925
t531	t1143
t1950	t1900
t1359	t554
t1170	t670
t714	t670
t102	t927
t308	t910
t1982	t765
t234	t387
t870	t1278
t45	t998
t241	t370
t1007	t1410
t413	t440
t62	t1046
t1922	t1068
t908	t1815
t1247	t929
t1038	t300
t562	t1550
t1356	t1204
t213	t1501
t1694	t562
t493	t950
t1152	t919
t1567	t1415
t1699	t261
t1084	t130
t513	t1019
t1932	t1905
t305	t694
t1346	t1446
t1032	t506
t1516	t1654
t696	t1512
t1867	t1401
t1347	t244
t1775	t368
t1075	t1474
t1037	t1979
t912	t1099
t1522	t253
t620	t104
t285	t138
t79	t1168
t1536	t1006
t976	t909
t503	t1322
t1473	t586
t1008	t1680
t1854	t1923
t647	t991
t352	t1600
t113	t1630
t107	t1646
t353	t1922
t384	t445
t521	t1046
t1464	t1462
t1717	t1467
t1449	t1137
t697	t436
t1913	t876
t1785	t1937
t1044	t190
t1327	t257
t1564	t825
t1160	t28
t157	t833
t1112	t1208
t1143	t497
t1082	t1890
t559	t280
t1729	t95
t881	t1058
t416	t1212
t658	t1261
t1087	t1176
t198	t1061
t473	t545
t454	t902
t367	t1986
t740	t219
t1696	t813
t1876	t232
t1873	t1261
t1656	t1390
t49	t371
t1590	t741
t1472	t1375
t1321	t320
t482	t520
t1295	t980
t1712	t1873
t1968	t106
t318	t492
t299	t1865
t839	t1602
t1535	t1188
t1084	t747
t711	t1511
t1890	t1270
t132	t1844
t1406	t1503
t1397	t1235
t1918	t661
t325	t1680
t1436	t1601
t267	t549
t1108	t1125
t1136	t464
t1389	t1938
t1095	t1484
t679	t1125
t1575	t965
t753	t1875
t1871	t630
t142	t998
t564	t695
t54	t1326
t1862	t1296
t1146	t933
t905	t1566
t1512	t1119
t158	t802
t2	t431
t1214	t816
t1877	t1628
t1186	t425
t404	t1863
t1842	t674
t1351	t373
t495	t19
t1417	t679
t879	t1087
t1952	t1123
t805	t40
t127	t1605
t191	t1497
t1431	t1994
t317	t320
t1395	t692
t1656	t1508
t118	t1239
t1324	t392
t992	t107
t271	t648
t153	t1946
t1662	t1671
t63	t1833
t53	t1575
t195	t273
t1886	t790
t1703	t1358
t1396	t1904
t744	t1022
t161	t1569
t405	t658
t1977	t359
t1391	t679
t1342	t1852
t947	t1118
t1649	t348
t1594	t232
t363	t492
t597	t620
t912	t1979
t1321	t1816
t1303	t1663
t1286	t423
t1305	t618
t791	t57
t891	t163
t572	t504
t1573	t1779
t1958	t1976
t600	t1728
t25	t1553
t1131	t536
t1651	t151
t1694	t729
t424	t130
t896	t1902
t937	t854
t324	t348
t388	t1360
t229	t1269
t523	t1628
t303	t727
t806	t667
t451	t226
t448	t1793
t1544	t107
t1914	t599
t1623	t482
t1616	t1083
t1948	t634
t40	t1953
t156	t1328
t1282	t1272
t172	t1799
t651	t1498
t1164	t952
t441	t766
t1907	t281
t1567	t605
t1751	t719
t1392	t1768
t545	t1946
t538	t1162
t1590	t1966
t913	t1754
t1492	t1214
t1010	t533
t1707	t354
t1916	t44
t1934	t792
t1449	t1341
t1918	t1260
t349	t926
t1157	t182
t1405	t276
t1285	t1274
t840	t1718
t198	t975
t764	t1992
t1332	t520
t891	t981
t427	t1189
t852	t529
t1673	t60
t134	t1321
t1966	t925
t1353	t381
t557	t1895
t1253	t1020
t572	t738
t1297	t1555
t1647	t98
t1070	t1495
t1874	t1395
t1337	t1401
t1673	t1431
t1832	t35
t989	t1944
t294	t789
t667	t1992
t402	t1830
t1232	t362
t535	t496
t814	t27
t514	t97
t1444	t596
t1681	t823
t349	t716
t1476	t1055
t1543	t581
t1053	t1885
t1556	t1239
t1989	t1934
t116	t394
t947	t1379
t1090	t291
t467	t1387
t873	t1274
t1867	t1286
t1097	t137
t1813	t1750
t1774	t792
t189	t722
t1063	t1016
t1951	t124
t994	t1410
t1609	t717
t1824	t1046
t1180	t1197
t721	t468
t374	t1682
t1674	t1600
t898	t1617
t732	t742
t1264	t586
t1354	t1672
t1281	t515
t1174	t1500
t49	t1168
t367	t1531
t371	t1503
t1683	t1502
t931	t1753
t296	t1506
t947	t1981
t639	t817
t993	t1271
t1712	t1714
t1700	t589
t1149	t1425
t1450	t484
t1949	t1204
t1171	t1365
t1056	t267
t1361	t1356
t292	t878
t1716	t1076
t912	t621
t428	t1471
t1210	t1310
t368	t1058
t385	t1006
t175	t952
t1151	t103
t207	t856
t801	t1324
t1457	t592
t456	t1868
t190	t108
t1456	t871
t1733	t120
t633	t1605
t1913	t1938
t1757	t1399
t701	t823
t1311	t1190
t407	t1401
t62	t243
t58	t1098
t1257	t1784
t638	t737
t1696	t864
t1048	t1276
t333	t1248
t364	t341
t836	t1143
t240	t731
t1027	t127
t1922	t657
t203	t272
t549	t284
t1927	t1429
t961	t10
t699	t222
t1926	t1402
t1581	t498
t1145	t1352
t1651	t1419
t638	t950
t1367	t1019
t1672	t1833
t1025	t912
t1820	t783
t1874	t918
t221	t951
t1191	t1579
t1460	t1501
t1564	t599
t1207	t359
t1310	t421
t1347	t1244
t279	t65
t1775	t1626
t1982	t1922
t1347	t1597
t1039	t1517
t1094	t1556
t310	t862
t112	t225
t589	t376
t357	t1355
t1	t893
t1749	t1905
t1613	t220
t6	t979
t430	t1741
t1199	t925
t1283	t1597
t1053	t1468
t283	t79
t264	t1732
t1061	t69
t1221	t126
t1676	t1915
t182	t106
t917	t842
t1245	t726
t729	t1111
t1583	t1732
t568	t464
t213	t1493
t1017	t1139
t464	t387
t1391	t95
t1412	t567
t908	t1720
t588	t1227
t257	t380
t631	t977
t670	t1513
t1157	t1302
t1141	t295
t191	t717
t439	t1403
t1860	t1205
t821	t1636
t930	t728
t837	t967
t1610	t1254
t1456	t1365
t1159	t394
t954	t1531
t432	t1026
t1439	t1583
t1490	t1137
t517	t265
t550	t823
t714	t190
t1820	t1169
t283	t1430
t58	t1124
t953	t515
t276	t1387
t764	t1897
t797	t903
t1700	t421
t714	t839
t332	t146
t1664	t139
t1817	t1735
t995	t101
t1361	t1308
t1743	t1168
t1468	t724
t932	t208
t974	t1068
t407	t1836
t1723	t1100
t802	t1206
t572	t1520
t191	t447
t1138	t9
t1555	t965
t1176	t194
t612	t1964
t1225	t853
t1351	t382
t1187	t1818
t449	t601
t416	t1179
t1955	t522
t1783	t888
t1737	t667
t1508	t1403
t1667	t1665
t610	t1482
t1344	t1362
t757	t137
t1920	t1387
t1639	t341
t875	t1600
t1651	t1166
t144	t1655
t375	t1250
t1745	t1206
t1821	t1051
t615	t781
t1498	t1716
t879	t271
t822	t1800
t963	t1424
t649	t948
t950	t1979
t25	t222
t1146	t1367
t1922	t1713
t1983	t392
t1895	t1591
t1882	t1059
t928	t438
t1231	t727
t1196	t898
t1196	t1817
t575	t1899
t1233	t114
t1212	t1579
t1015	t185
t1808	t1759
t567	t1133
t342	t925
t1908	t778
t18	t1810
t201	t1546
t931	t760
t562	t1006
t427	t920
t312	t163
t1063	t722
t270	t1139
t1537	t458
t718	t381
t1789	t904
t1501	t1367
t873	t785
t1618	t1296
t22	t1126
t1144	t656
t571	t1791
t136	t630
t1082	t1604
t799	t1813
t1938	t903
t1110	t1222
t1015	t1926
t1124	t1753
t1057	t378
t1756	t409
t1449	t997
t1786	t1774
t809	t345
t1303	t1226
t1083	t886
t852	t717
t412	t548
t1051	t445
t611	t548
t1841	t143
t551	t1393
t217	t1740
t305	t1789
t342	t154
t1352	t14
t1877	t1276
t1842	t1923
t1611	t1004
t1612	t1409
t251	t172
t1037	t562
t1820	t1704
t928	t1568
t1669	t1593
t1067	t1655
t752	t753
t426	t653
t1251	t1222
t1564	t833
t374	t1710
t1156	t479
t624	t208
t958	t17
t1120	t1345
t300	t1750
t1508	t1925
t1543	t91
t373	t34
t814	t1216
t1090	t1357
t416	t1693
t1850	t1952
t1556	t71
t731	t720
t1432	t685
t1512	t1827
t227	t1270
t742	t206
t1985	t1460
t428	t1732
t1047	t531
t1163	t1187
t195	t1789
t23	t73
t1080	t1430
t851	t1046
t1281	t1600
t1607	t1728
t1103	t929
t316	t1917
t421	t959
t1557	t1434
t1421	t1175
t1846	t1364
t473	t837
t1464	t1630
t926	t1416
t873	t1717
t368	t526
t1866	t210
t549	t178
t50	t649
t1502	t949
t1839	t575
t1012	t1101
t1489	t1058
t755	t74
t395	t540
t1706	t95
t1532	t39
t812	t20
t838	t204
t1514	t1238
t1535	t1364
t1739	t1175
t571	t59
t379	t691
t1484	t1179
t612	t888
t688	t558
t1223	t432
t660	t13
t1667	t906
t331	t69
t1631	t1880
t954	t35
t1612	t240
t653	t1204
t208	t392
t289	t583
t1258	t524
t1729	t1782
t941	t616
t1193	t1000
t1993	t1300
t808	t1971
t47	t569
t837	t770
t1551	t523
t528	t1833
t1145	t298
t420	t1550
t1381	t222
t1106	t485
t1793	t910
t661	t486
t727	t1905
t1094	t793
t588	t1276
t1208	t91
t1673	t1227
t1341	t1026
t1603	t391
t631	t1855
t157	t618
t372	t1688
t1198	t1228
t526	t1401
t636	t1380
t1251	t449
t502	t1057
t1121	t1776
t177	t898
t72	t1548
t1847	t1744
t248	t548
t839	t543
t715	t789
t814	t1304
t1617	t277
t1099	t1052
t1101	t590
t1185	t1557
t1808	t1248
t202	t1541
t308	t1201
t1645	t1008
t53	t524
t486	t1920
t714	t1060
t1627	t441
t1492	t755
t1316	t849
t1093	t1302
t167	t1848
t108	t1923
t1029	t1032
t1849	t1321
t1083	t1477
t1087	t381
t251	t530
t1783	t454
t306	t739
t1782	t1829
t667	t1335
t854	t68
t465	t1691
t349	t1000
t67	t212
t1686	t1517
t97	t980
t1327	t723
t246	t546
t1083	t425
t554	t1861
t403	t723
t1926	t1558
t475	t1429
t1822	t1853
t1011	t1397
t1796	t1489
t1894	t425
t873	t1423
t856	t446
t415	t1898
t557	t1307
t405	t1238
t1412	t93
t1256	t1021
t572	t1626
t1297	t654
t1034	t1410
t780	t1769
t662	t5
t714	t1220
t924	t325
t864	t1499
t1965	t900
t1431	t423
t1233	t68
t1567	t1809
t863	t1944
t1927	t1777
t1330	t1308
t608	t1478
t317	t950
t1404	t1806
t921	t1172
t1516	t1589
t1726	t604
t1395	t1899
t642	t730
t589	t184
t368	t1585
t518	t4
t1820	t1153
t1453	t713
t1775	t1458
t1025	t1232
t815	t104
t1345	t1360
t814	t1148
t1236	t685
t1871	t1917
t543	t1558
t1229	t991
t261	t1895
t1530	t862
t531	t1825
t514	t973
t870	t520
t281	t1531
t1925	t1068
t443	t1988
t914	t1199
t158	t316
t1172	t883
t1305	t849
t1530	t195
t1722	t601
t1567	t1293
t493	t1982
t1137	t713
t1286	t1353
t1037	t403
t1028	t618
t1952	t811
t1047	t332
t1965	t291
t175	t273
t432	t1930
t1057	t1307
t1079	t1624
t1714	t1306
t1638	t1204
t1973	t436
t438	t174
t868	t919
t1734	t1233
t384	t624
t1098	t507
t1091	t1774
t1766	t1630
t1823	t885
t844	t1869
t1922	t1728
t1443	t477
t987	t692
t828	t1501
t1954	t1416
t1628	t1268
t1289	t1705
t186	t292
t1515	t68
t1577	t822
t1501	t1294
t556	t1049
t1827	t277
t951	t1738
t1898	t111
t1258	t92
t335	t1482
t666	t1058
t157	t882
t1533	t75
t606	t1092
t851	t1854
t149	t1915
t1166	t1431
t1783	t1322
t153	t169
t770	t1652
t1136	t604
t119	t1244
t395	t1939
t1961	t35
t1715	t1215
t869	t1744
t1940	t1268
t949	t635
t430	t880
t621	t1895
t1867	t1033
t1105	t185
t873	t482
t1909	t1484
t530	t1019
t1570	t803
t1352	t633
t576	t1552
t140	t843
t1636	t167
t1639	t91
t999	t875
t330	t734
t1644	t986
t1586	t586
t731	t33
t1928	t225
t613	t1948
t22	t295
t1917	t570
t571	t147
t1081	t685
t6	t800
t1601	t1345
t852	t528
t1124	t1307
t1005	t390
t684	t387
t1333	t979
t9	t968
t1506	t73
t930	t876
t503	t712
t1917	t681
t1642	t111
t465	t845
t706	t1583
t1053	t1271
t408	t1498
t149	t1267
t1230	t144
t312	t1139
t1778	t1737
t1686	t1046
t1991	t1366
t411	t1477
t426	t1246
t1713	t904
t128	t1272
t1837	t235
t1306	t1777
t116	t1680
t1411	t1801
t424	t620
t1207	t1025
t1835	t764
t1198	t422
t1021	t1294
t119	t1955
t186	t688
t1415	t1909
t1221	t1135
t274	t1377
t1985	t395
t439	t475
t32	t1357
t856	t1072
t133	t68
t1640	t1663
t503	t1969
t1231	t1814
t427	t21
t1198	t1481
t1564	t561
t1798	t1370
t536	t798
t738	t676
t781	t1184
t1072	t1750
t1076	t1139
t443	t1476
t1853	t1159
t874	t1652
t208	t57
t947	t11
t954	t693
t822	t14
t383	t1547
t704	t874
t465	t658
t1285	t490
t1159	t1601
t1379	t1577
t1666	t623
t1490	t1357
t685	t28
t1280	t1851
t496	t1258
t31	t1867
t536	t1058
t1916	t1055
t1094	t598
t131	t577
t220	t1302
t639	t637
t231	t765
t503	t543
t1551	t581
t1920	t1043
t1192	t1826
t1033	t244
t1045	t389
t238	t1125
t569	t143
t943	t815
t1569	t1413
t673	t952
t324	t1292
t1792	t869
t374	t122
t1423	t1829
t1053	t928
t263	t244
t1946	t1579
t800	t254
t1537	t1810
t1414	t476
t1004	t404
t1025	t1713
t3	t1826
t1437	t896
t1909	t1719
t562	t724
t1394	t1421
t1875	t1306
t543	t1179
t134	t401
t1917	t1161
t1561	t998
t718	t1495
t1770	t1243
t1174	t1612
t1696	t1854
t942	t488
t136	t1226
t1233	t1750
t1423	t1755
t1437	t1803
t184	t229
t1356	t656
t1165	t1339
t39	t1385
t1155	t1508
t419	t1585
t85	t607
t1186	t1274
t261	t145
t1885	t1614
t946	t223
t408	t1112
t1842	t490
t288	t1276
t4	t1937
t1001	t886
t1773	t1600
t1899	t1078
t276	t1109
t869	t1300
t532	t1762
t1013	t878
t1792	t1550
t1383	t1270
t936	t1312
t1778	t1522
t190	t1531
t1969	t1405
t393	t245
t1530	t1421
t1446	t395
t1166	t1684
t1969	t942
t1198	t1250
t882	t1496
t712	t786
t740	t258
t585	t1019
t322	t960
t1963	t1596
t1711	t426
t269	t1239
t786	t1367
t416	t1377
t1985	t888
t993	t181
t1533	t1619
t36	t693
t1149	t725
t1817	t385
t53	t900
t26	t579
t1394	t559
t732	t1890
t738	t1870
t1205	t481
t107	t1255
t310	t1348
t1916	t125
t72	t1299
t1578	t1320
t1743	t1587
t710	t659
t625	t1948
t1161	t855
t508	t1722
t133	t1270
t1653	t1973
t307	t1719
t153	t166
t388	t1156
t1561	t948
t217	t765
t1124	t1393
t1906	t498
t1376	t489
t1317	t1541
t1336	t690
t333	t1138
t1154	t256
t177	t718
t1662	t813
t1987	t1250
t466	t1767
t866	t851
t1942	t1163
t1343	t48
t37	t1274
t1611	t1321
t1038	t5
t1481	t1853
t1871	t1939
t1103	t237
t1714	t73
t407	t1998
t1382	t334
t1308	t1265
t1990	t1626
t940	t1746
t1421	t1545
t369	t663
t650	t794
t957	t1331
t1293	t295
t1947	t295
t6	t1599
t158	t1905
t1280	t1996
t269	t1249
t1490	t173
t891	t1159
t419	t1634
t1699	t819
t386	t1442
t461	t335
t994	t782
t1448	t483
t1432	t880
t502	t1269
t1082	t1630
t164	t967
t1839	t910
t639	t160
t1064	t56
t53	t1748
t1752	t409
t711	t1408
t768	t318
t1207	t1616
t1911	t626
t868	t35
t1633	t1015
t1258	t916
t1135	t720
t1490	t49
t1660	t1217
t665	t308
t963	t1657
t839	t1560
t1538	t915
t683	t1982
t8	t256
t1906	t1865
t827	t980
t1230	t1565
t1185	t1768
t289	t1760
t987	t1911
t1487	t747
t54	t686
t1921	t616
t1002	t48
t319	t1782
t702	t292
t1205	t1381
t369	t1916
t738	t1624
t628	t1601
t1533	t1346
t1155	t1150
t730	t1049
t1385	t1857
t587	t1505
t1579	t553
t1504	t235
t1110	t517
t840	t1629
t441	t1142
t1534	t1890
t262	t1574
t1166	t750
t1819	t237
t976	t541
t211	t629
t1951	t1513
t1526	t166
t22	t120
t542	t1212
t982	t1994
t960	t1194
t1014	t271
t1155	t1062
t1932	t555
t326	t708
t800	t883
t1959	t1443
t567	t1589
t724	t1055
t1997	t1090
t704	t498
t1623	t1055
t518	t1132
t953	t539
t629	t394
t203	t899
t1376	t160
t1852	t652
t612	t94
t475	t357
t343	t848
t1369	t1811
t1318	t1828
t1955	t1003
t1645	t390
t1986	t602
t1095	t1108
t137	t1459
t1350	t357
t1959	t785
t408	t777
t1400	t504
t125	t1678
t1970	t1879
t1502	t65
t1329	t789
t27	t1684
t214	t1186
t979	t291
t125	t1312
t608	t1951
t1784	t1921
t240	t1342
t774	t127
t458	t527
t1478	t214
t42	t1434
t801	t901
t1838	t727
t522	t1540
t446	t1026
t1514	t631
t121	t350
t1978	t374
t1109	t1851
t371	t1290
t1174	t1955
t1611	t1941
t1896	t785
t155	t3
t1969	t554
t331	t154
t966	t43
t861	t180
t1730	t1958
t416	t1239
t957	t361
t1990	t570
t1745	t901
t1010	t665
t908	t1172
t675	t1331
t1900	t549
t1170	t1544
t977	t540
t786	t860
t450	t1777
t1578	t962
t852	t1998
t340	t253
t521	t1940
t1001	t1575
t1822	t1160
t610	t1608
t233	t339
t94	t1423
t1951	t1935
t484	t1626
t290	t1423
t328	t865
t97	t1902
t1837	t1333
t864	t1980
t177	t708
t781	t1131
t1959	t1683
t1379	t1026
t1891	t989
t77	t1456
t1024	t911
t750	t1362
t781	t816
t1846	t766
t521	t295
t1422	t1857
t665	t1974
t1742	t713
t1802	t680
t557	t1880
t575	t526
t1359	t351
t830	t942
t209	t1467
t900	t1409
t1796	t1408
t1645	t1110
t815	t1617
t48	t865
t251	t1125
t1862	t436
t1237	t57
t1202	t497
t1943	t122
t413	t1033
t1338	t492
t332	t20
t118	t515
t198	t1119
t18	t1223
t1748	t1702
t517	t584
t1414	t1048
t602	t692
t1066	t540
t1905	t981
t1431	t1504
t1661	t395
t1847	t1890
t610	t1277
t695	t1558
t1022	t932
t1131	t386
t815	t1706
t592	t1497
t1615	t681
t953	t1558
t1480	t515
t902	t506
t77	t1637
t1376	t566
t1567	t225
t523	t1235
t1332	t560
t1996	t1601
t1812	t1058
t1013	t1764
t1943	t464
t1317	t1215
t1543	t1982
t1470	t225
t349	t816
t1042	t1462
t1722	t1960
t606	t1116
t1035	t1910
t221	t139
t482	t1006
t1518	t1800
t963	t1217
t733	t1801
t759	t884
t1738	t973
t1590	t570
t108	t1042
t1053	t1928
t1941	t1866
t1094	t334
t40	t103
t1670	t567
t1983	t903
t256	t1743
t487	t87
t301	t964
t51	t1256
t1479	t253
t1328	t497
t1395	t1876
t1371	t1528
t1518	t1945
t921	t845
t1885	t1488
t619	t1655
t678	t975
t276	t1052
t1832	t647
t1450	t549
t424	t1876
t1622	t231
t1389	t1022
t1154	t981
t1714	t786
t517	t1710
t361	t1442
t948	t515
t1431	t1931
t550	t1998
t1833	t991
t1917	t680
t1350	t595
t43	t480
t697	t1080
t786	t1160
t1179	t1409
t306	t907
t127	t1494
t191	t513
t86	t1976
t391	t178
t783	t95
t696	t1971
t584	t341
t1900	t151
t841	t686
t535	t1319
t769	t830
t1726	t415
t923	t167
t1128	t1084
t427	t369
t1726	t1379
t1818	t1872
t1347	t1964
t1040	t920
t1012	t1396
t969	t1464
t1808	t657
t427	t593
t818	t1984
t198	t75
t569	t1293
t591	t641
t1101	t437
t1691	t1058
t507	t1302
t504	t1508
t258	t1888
t1942	t1930
t534	t1499
t1825	t530
t314	t653
t841	t20
t1504	t971
t372	t374
t79	t836
t1825	t1416
t1868	t154
t844	t436
t1855	t641
t1339	t1972
t1015	t618
t1025	t979
t1138	t896
t1333	t962
t1661	t431
t1804	t944
t1800	t1075
t613	t673
t725	t623
t1400	t810
t1605	t1834
t1248	t1465
t979	t1749
t1278	t329
t828	t279
t890	t404
t762	t1192
t710	t1848
t1898	t1794
t1034	t717
t398	t1600
t1195	t1697
t1903	t289
t1465	t1596
t335	t1731
t485	t139
t1036	t1290
t1013	t89
t1174	t955
t731	t1120
t696	t1411
t130	t692
t303	t1516
t1776	t830
t1409	t480
t1356	t1428
t1174	t630
t1153	t74
t651	t978
t766	t804
t342	t974
t1212	t938
t269	t59
t283	t1249
t1069	t598
t565	t1304
t1932	t329
t776	t477
t1614	t1471
t441	t861
t1091	t1070
t1706	t114
t1075	t1716
t1088	t554
t1907	t659
t1165	t1508
t1380	t497
t414	t1396
t1955	t859
t1047	t249
t1116	t849
t1782	t641
t1818	t1816
t627	t709
t1330	t13
t23	t614
t1932	t619
t665	t254
t747	t379
t1483	t114
t1328	t1688
t1013	t170
t408	t1925
t1018	t1940
t1530	t1316
t699	t1552
t1751	t93
t1291	t107
t521	t340
t1310	t258
t1071	t804
t368	t151
t50	t36
t1157	t284
t375	t1640
t1556	t1176
t465	t1606
t841	t1622
t954	t1268
t1296	t1242
t566	t1646
t79	t1815
t1798	t167
t868	t522
t625	t1570
t697	t1785
t1860	t875
t1927	t155
t811	t1086
t1667	t1096
t1769	t796
t211	t818
t676	t1309
t1905	t849
t1988	t671
t1352	t1647
t1901	t1075
t1530	t1192
t879	t432
t500	t927
t572	t974
t898	t1331
t1696	t1403
t450	t1980
t525	t1218
t386	t1401
t1602	t1112
t387	t92
t339	t1308
t1940	t418
t141	t990
t963	t460
t1518	t1141
t246	t700
t1205	t138
t1887	t468
t427	t139
t1262	t1228
t385	t1640
t1118	t312
t143	t1188
t1627	t1714
t1543	t679
t950	t1768
t1824	t419
t1441	t1283
t1990	t1945
t587	t301
t327	t592
t987	t58
t510	t692
t564	t1235
t824	t611
t315	t1767
t637	t1878
t627	t15
t1297	t1832
t1284	t1347
t1642	t1779
t1009	t827
t1938	t1424
t1771	t1635
t1415	t1418
t1588	t789
t1651	t7
t379	t592
t1763	t1030
t1404	t1270
t1131	t1816
t616	t1981
t1131	t96
t1151	t173
t1327	t1804
t1890	t540
t1561	t115
t358	t1807
t1599	t142
t1241	t266
t647	t876
t655	t377
t1699	t1302
t683	t1281
t1037	t104
t116	t602
t631	t1038
t1344	t295
t1064	t112
t1197	t817
t113	t1584
t505	t309
t158	t650
t29	t1482
t947	t116
t1743	t1666
t62	t1253
t922	t932
t655	t1548
t914	t1147
t97	t1077
t1121	t1485
t410	t92
t1707	t1201
t555	t1759
t158	t1442
t1674	t1854
t1661	t1637
t1983	t829
t281	t239
t255	t1465
t1085	t1604
t1966	t316
t897	t959
t603	t1022
t1298	t1451
t1082	t193
t1977	t1733
t911	t1994
t78	t1795
t1852	t100
t1025	t1128
t31	t2
t1790	t160
t960	t1534
t1564	t1100
t717	t1448
t651	t33
t611	t1569
t879	t1974
t1067	t786
t1507	t576
t702	t469
t757	t844
t1100	t901
t846	t1923
t1609	t855
t1032	t686
t1327	t849
t897	t1308
t297	t1162
t1989	t1691
t993	t663
t472	t204
t1697	t254
t375	t1625
t201	t209
t535	t1425
t1778	t1620
t867	t585
t1673	t871
t978	t1766
t6	t1321
t1032	t1261
t521	t1470
t468	t1243
t1514	t280
t1183	t722
t1329	t1278
t532	t322
t1087	t504
t1571	t1250
t776	t1769
t742	t1923
t1880	t1722
t627	t599
t388	t861
t1518	t1273
t1168	t1637
t190	t483
t186	t699
t1895	t782
t788	t378
t1875	t983
t1747	t196
t1181	t300
t234	t1190
t893	t1020
t514	t729
t305	t536
t766	t586
t511	t546
t996	t449
t1030	t515
t1359	t1539
t332	t1125
t282	t1288
t656	t581
t742	t226
t1489	t3
t1652	t765
t1627	t1677
t639	t944
t1036	t910
t796	t1968
t1247	t880
t142	t1022
t426	t1732
t895	t270
t228	t1038
t340	t204
t895	t764
t844	t39
t396	t1879
t1044	t273
t1827	t619
t55	t1153
t1008	t247
t1956	t190
t214	t1502
t1315	t451
t1879	t37
t1029	t738
t303	t1509
t1281	t1430
t1606	t1619
t817	t1019
t1793	t1357
t1705	t1058
t421	t876
t144	t1878
t843	t680
t1071	t1879
t803	t1476
t1726	t1571
t1293	t904
t1241	t1971
t264	t659
t439	t470
t1010	t56
t1535	t1030
t1354	t636
t447	t1204
t234	t1786
t375	t528
t1688	t824
t909	t553
t1095	t839
t783	t1519
t545	t275
t420	t1812
t671	t1727
t1908	t1603
t1913	t1219
t176	t44
t708	t94
t993	t882
t928	t770
t398	t1610
t1699	t664
t1165	t1869
t1835	t897
t1710	t637
t564	t1345
t1821	t346
t566	t997
t611	t1755
t1460	t1489
t406	t498
t1468	t737
t363	t1393
t1032	t1845
t992	t587
t1448	t1573
t67	t571
t464	t1176
t1903	t1522
t1694	t1283
t1466	t1718
t1215	t39
t1638	t1984
t333	t517
t1950	t947
t580	t409
t559	t570
t1685	t626
t1440	t1259
t1715	t594
t601	t600
t840	t794
t691	t1735
t780	t1399
t443	t1292
t859	t1497
t1576	t1925
t1195	t1827
t945	t1100
t1372	t442
t22	t1210
t1736	t381
t1641	t1810
t328	t1819
t157	t26
t1256	t339
t1145	t1899
t1709	t68
t875	t1705
t268	t1070
t799	t1805
t1611	t740
t46	t892
t929	t1270
t1400	t144
t1148	t168
t407	t1748
t74	t1721
t156	t1033
t603	t346
t269	t543
t1241	t1576
t1866	t239
t1168	t446
t1176	t925
t947	t498
t261	t258
t82	t383
t447	t1765
t612	t701
t1325	t760
t1860	t1844
t230	t1183
t1920	t209
t1053	t320
t1465	t865
t66	t1024
t940	t382
t515	t163
t399	t1333
t625	t342
t1601	t808
t200	t989
t890	t804
t1429	t1683
t26	t1566
t1902	t991
t1072	t1096
t1390	t512
t943	t1436
t273	t1912
t326	t874
t615	t471
t1676	t223
t1588	t1866
t1460	t320
t420	t1682
t1400	t1003
t1555	t643
t812	t1749
t1739	t436
t1509	t784
t1018	t51
t615	t351
t443	t101
t1733	t1214
t1839	t1033
t175	t1910
t1279	t641
t1780	t480
t1886	t743
t195	t635
t1951	t152
t825	t544
t874	t1021
t1207	t559
t1726	t1677
t771	t777
t125	t1758
t937	t1669
t1534	t28
t186	t896
t81	t165
t1183	t1054
t1726	t193
t882	t1678
t1899	t756
t338	t420
t700	t616
t1589	t323
t984	t1267
t909	t979
t418	t337
t1953	t345
t1132	t384
t768	t1179
t83	t735
t1252	t1011
t1452	t527
t1085	t1188
t989	t779
t764	t790
t1212	t897
t1380	t358
t1692	t323
t179	t1390
t1163	t368
t1378	t1869
t1883	t300
t837	t916
t1284	t1334
t538	t57
t1862	t1364
t355	t1186
t1710	t1469
t1554	t150
t1469	t436
t1074	t1901
t251	t144
t468	t271
t606	t1168
t914	t1262
t776	t11
t299	t379
t1763	t1284
t1778	t1666
t633	t668
t228	t673
t867	t1199
t1633	t1879
t10	t750
t1301	t595
t241	t669
t1048	t1042
t271	t758
t372	t1846
t1437	t1642
t997	t354
t867	t1206
t1299	t1205
t1142	t1879
t1822	t563
t1490	t1914
t1132	t1288
t1370	t1488
t535	t595
t261	t128
t67	t1663
t718	t1277
t507	t92
t381	t1333
t402	t991
t1670	t154
t1018	t702
t974	t935
t1167	t1427
t136	t109
t1476	t885
t1890	t623
t277	t1377
t671	t403
t1025	t1465
t1694	t657
t1838	t1227
t1076	t604
t1643	t1568
t1079	t1760
t1431	t1570
t889	t810
t1010	t1604
t1871	t935
t1947	t737
t1374	t686
t1883	t13
t1456	t1913
t1115	t395
t1452	t563
t257	t680
t914	t805
t836	t208
t1572	t605
t1187	t1142
t371	t1595
t26	t197
t1414	t949
t1292	t826
t1823	t1872
t566	t1759
t21	t171
t1530	t849
t1016	t1880
t1100	t387
t2000	t63
t499	t1689
t215	t1564
t1548	t1575
t1889	t749
t361	t1429
t563	t630
t434	t1646
t1927	t368
t1840	t627
t1776	t242
t1505	t117
t1241	t1020
t1478	t1476
t380	t418
t321	t285
t336	t1175
t1390	t431
t569	t996
t1730	t1329
t134	t1939
t1998	t1473
t1824	t398
t634	t1077
t374	t981
t1660	t1545
t1034	t434
t191	t1411
t1700	t788
t1256	t397
t1595	t91
t613	t212
t184	t1805
t1073	t34
t305	t1761
t428	t1994
t772	t146
t178	t787
t158	t713
t1460	t1572
t559	t1339
t1280	t848
t1368	t1357
t1664	t316
t1353	t1751
t1599	t596
t1749	t681
t1311	t578
t887	t1551
t1894	t1208
t1240	t1194
t1207	t146
t1091	t1626
t448	t611
t1494	t266
t854	t1825
t1734	t146
t1174	t705
t982	t32
t977	t471
t1585	t626
t44	t1345
t61	t20
t1505	t991
t911	t916
t1278	t1644
t416	t1809
t367	t1205
t1275	t139
t572	t181
t1953	t222
t1223	t709
t93	t1042
t598	t685
t1838	t1882
t1752	t1313
t805	t160
t1041	t764
t760	t98
t718	t367
t1081	t1944
t158	t771
t371	t1669
t845	t1546
t1227	t92
t223	t1076
t1459	t1710
t1460	t1470
t1707	t1617
t1434	t163
t1337	t1864
t921	t1799
t937	t816
t227	t1704
t1483	t1687
t565	t1853
t327	t1665
t833	t409
t83	t1159
t1056	t64
t1825	t539
t389	t309
t64	t1423
t1034	t1719
t1943	t461
t1870	t440
t1639	t591
t192	t35
t1376	t1083
t1464	t811
t1726	t570
t761	t1203
t1018	t676
t1674	t1630
t249	t1043
t590	t659
t1044	t1640
t1399	t893
t998	t746
t1040	t1486
t1166	t1890
t580	t164
t1160	t1270
t1622	t1105
t45	t206
t676	t1339
t613	t1459
t1384	t1068
t1291	t251
t1469	t1120
t944	t1585
t30	t1473
t1136	t1587
t359	t114
t988	t592
t1803	t1137
t1332	t98
t363	t429
t1825	t46
t1225	t1574
t22	t1893
t1798	t856
t743	t1675
t549	t1218
t757	t176
t250	t1974
t432	t575
t1844	t34
t122	t578
t1341	t380
t473	t1500
t1874	t203
t1250	t686
t1539	t675
t863	t383
t449	t1463
t915	t1727
t1588	t821
t1459	t736
t16	t1557
t314	t574
t1524	t1005
t776	t1119
t1260	t3
t1121	t345
t998	t65
t1121	t437
t324	t1799
t1444	t296
t186	t1036
t1570	t1562
t999	t1356
t1132	t1074
t820	t1143
t1566	t940
t149	t65
t1232	t756
t1856	t1071
t1649	t958
t70	t1461
t315	t1467
t1696	t1311
t568	t1797
t1514	t477
t743	t833
t1223	t520
t1655	t225
t1180	t601
t1029	t775
t1069	t699
t745	t1024
t67	t749
t1879	t194
t608	t270
t1099	t1208
t677	t341
t982	t565
t83	t916
t1722	t1622
t643	t1904
t951	t913
t714	t364
t922	t509
t1288	t1677
t582	t285
t305	t4
t395	t409
t532	t1305
t679	t1090
t1050	t1863
t1520	t1300
t1057	t365
t306	t460
t1710	t585
t597	t1066
t230	t980
t1966	t1829
t1200	t1807
t1297	t989
t1063	t489
t1443	t63
t1727	t803
t1370	t916
t1149	t1310
t838	t1316
t1314	t1387
t255	t570
t17	t1732
t1164	t1750
t572	t1212
t1255	t1766
t1903	t1362
t649	t1129
t1251	t995
t1332	t1658
t1161	t1568
t933	t967
t385	t125
t1	t462
t937	t170
t960	t1215
t317	t1499
t987	t1401
t369	t1403
t770	t1493
t347	t281
t1624	t1203
t1733	t783
t1297	t1468
t1118	t965
t410	t1003
t1543	t1389
t538	t853
t1180	t990
t1072	t1505
t643	t1371
t50	t1805
t1942	t1507
t221	t1512
t1043	t626
t969	t301
t76	t425
t1529	t115
t591	t1274
t1525	t122
t546	t1199
t781	t1986
t514	t190
t1988	t663
t393	t940
t336	t1255
t1370	t1706
t1629	t1541
t427	t1712
t668	t1547
t1207	t755
t1796	t959
t1192	t92
t1506	t997
t1263	t1364
t1469	t236
t976	t1935
t99	t1683
t1966	t154
t1959	t1286
t732	t1852
t62	t929
t823	t1055
t1318	t619
t1079	t1551
t727	t1819
t317	t482
t677	t321
t335	t1996
t644	t414
t579	t106
t1226	t1335
t988	t605
t923	t1314
t1407	t567
t1768	t1054
t480	t1139
t1032	t512
t22	t1332
t1804	t1007
t716	t117
t1900	t1653
t1623	t426
t1296	t1713
t1405	t1958
t1437	t1799
t743	t1974
t1157	t402
t1159	t481
t1322	t280
t322	t1162
t131	t1970
t699	t1773
t1954	t13
t671	t1683
t1768	t1222
t721	t1581
t537	t1797
t1831	t723
t1654	t899
t994	t715
t215	t897
t1317	t525
t615	t1806
t268	t440
t1715	t653
t698	t1958
t866	t1381
t1414	t403
t1858	t618
t110	t307
t71	t1279
t1997	t127
t100	t1981
t265	t60
t914	t660
t25	t1930
t52	t122
t1539	t418
t833	t1443
t1337	t1176
t1256	t1346
t1651	t1102
t1942	t172
t1874	t1878
t1031	t1520
t1699	t1989
t1069	t807
t694	t117
t1250	t1890
t451	t1628
t1689	t1549
t1928	t1624
t550	t1068
t1641	t1767
t806	t1562
t442	t1999
t1412	t1243
t1371	t1810
t142	t1058
t1619	t553
t1749	t845
t478	t543
t192	t726
t958	t858
t132	t911
t997	t392
t1405	t1205
t1736	t242
t1249	t1545
t1040	t1100
t1975	t789
t1706	t730
t1431	t893
t283	t1946
t1963	t831
t1961	t1801
t1414	t1445
t998	t450
t1449	t1480
t1880	t1134
t905	t1983
t1974	t1788
t169	t1861
t1167	t377
t1791	t519
t946	t1369
t1672	t1434
t1283	t383
t1537	t347
t1186	t489
t1934	t276
t511	t1792
t1014	t888
t1643	t1356
t986	t1026
t1747	t1755
t294	t641
t1504	t994
t169	t266
t49	t791
t579	t618
t1578	t32
t603	t1150
t571	t1740
t1667	t1005
t1651	t1768
t332	t1091
t726	t1360
t332	t786
t1657	t274
t612	t403
t1717	t146
t29	t431
t451	t581
t1138	t89
t1447	t163
t1163	t988
t485	t1485
t1282	t1652
t1987	t334
t491	t1843
t461	t1432
t268	t147
t121	t1863
t744	t1293
t1906	t1028
t1536	t15
t591	t460
t1700	t711
t461	t902
t1021	t438
t1592	t1772
t616	t1003
t222	t1178
t1214	t627
t701	t1340
t1665	t1254
t1013	t457
t1667	t1793
t615	t1927
t1195	t229
t1296	t1026
t1069	t56
t131	t1426
t1653	t622
t1836	t1756
t1420	t817
t313	t253
t1007	t395
t25	t1051
t939	t1545
t1132	t1983
t10	t762
t1130	t1621
t1350	t1116
t1801	t44
t52	t1679
t217	t337
t1174	t1281
t1650	t1109
t167	t351
t45	t528
t1100	t1701
t148	t163
t1624	t1568
t207	t38
t912	t1037
t745	t910
t912	t802
t738	t493
t1475	t894
t755	t1569
t1359	t1181
t1471	t1789
t221	t982
t1676	t526
t1247	t636
t1835	t24
t963	t1322
t939	t1393
t48	t178
t1850	t995
t870	t1951
t1450	t200
t1009	t678
t206	t1974
t906	t296
t1057	t1353
t1339	t524
t834	t1972
t1903	t1269
t1668	t1573
t157	t185
t67	t1390
t409	t1799
t1353	t278
t1732	t1112
t1733	t587
t289	t571
t1872	t1787
t1597	t39
t752	t1840
t319	t135
t839	t671
t1256	t294
t462	t319
t217	t594
t1267	t1175
t1047	t1151
t214	t1061
t1182	t1178
t594	t607
t1037	t1061
t124	t1773
t1867	t1702
t522	t705
t996	t1912
t1094	t429
t1144	t1856
t499	t17
t882	t1752
t719	t446
t616	t713
t638	t925
t837	t1051
t1069	t256
t86	t1290
t1730	t1337
t90	t442
t1778	t167
t1256	t1824
t921	t1145
t293	t1717
t227	t1661
t1231	t454
t305	t531
t1792	t707
t438	t880
t293	t1454
t1886	t400
t783	t178
t1896	t464
t768	t272
t1459	t2
t1556	t1526
t1694	t1773
t361	t1141
t559	t1821
t1559	t69
t1665	t1854
t1199	t1369
t1151	t1748
t134	t1594
t255	t270
t1308	t219
t638	t232
t1840	t679
t1420	t953
t1707	t1988
t998	t694
t559	t254
t1469	t275
t1486	t1424
t1009	t356
t1748	t263
t1064	t440
t714	t819
t639	t48
t561	t644
t254	t716
t1080	t1439
t508	t223
t69	t1077
t995	t1873
t388	t1373
t228	t173
t498	t751
t448	t790
t863	t1522
t1708	t45
t1043	t163
t1736	t1329
t1696	t1148
t191	t928
t1166	t535
t1144	t505
t29	t188
t389	t273
t1501	t993
t826	t336
t58	t735
t534	t1934
t921	t114
t1293	t1929
t344	t333
t1225	t1765
t427	t1675
t1429	t1960
t134	t1084
t1845	t897
t191	t1206
t1841	t516
t1440	t1728
t186	t1848
t657	t390
t1938	t253
t1698	t171
t1349	t1995
t1351	t211
t674	t1663
t1563	t1670
t186	t1660
t445	t925
t476	t1313
t538	t553
t1006	t544
t1185	t660
t1282	t529
t891	t1090
t1783	t695
t1098	t1192
t239	t853
t440	t1049
t274	t1432
t1151	t1405
t467	t932
t1554	t1552
t439	t1191
t1339	t185
t428	t41
t1945	t664
t1574	t1364
t1914	t1342
t224	t536
t812	t272
t1180	t1842
t1040	t510
t1350	t150
t612	t1173
t1559	t902
t1359	t664
t930	t847
t834	t1500
t1481	t237
t632	t1722
t776	t1219
t1096	t1921
t1760	t1364
t1286	t381
t587	t985
t149	t679
t1073	t940
t464	t196
t1411	t1595
t261	t1675
t1920	t462
t1694	t468
t456	t1227
t811	t1579
t1904	t858
t1848	t1811
t476	t1377
t868	t1792
t1601	t635
t1798	t276
t750	t1782
t22	t743
t461	t903
t1303	t910
t538	t1744
t1565	t1114
t1301	t7
t1849	t1816
t852	t295
t145	t1279
t833	t1674
t274	t1127
t1455	t567
t688	t1123
t603	t1408
t150	t1865
t1140	t223
t1919	t617
t23	t529
t366	t383
t1196	t1184
t745	t1780
t1142	t1078
t777	t981
t1753	t1829
t157	t771
t122	t1344
t1682	t1304
t1533	t459
t649	t460
t409	t553
t29	t893
t802	t470
t1653	t1569
t898	t1360
t1341	t334
t1838	t1310
t1586	t356
t196	t245
t1614	t1797
t1193	t1036
t1943	t292
t1559	t1775
t887	t1059
t1440	t486
t1064	t389
t1071	t482
t1974	t437
t94	t1036
t873	t1655
t1917	t1312
t1961	t1829
t1599	t413
t1440	t1781
t324	t1436
t1500	t950
t1071	t786
t141	t152
t1209	t470
t118	t123
t1739	t1895
t1088	t452
t805	t1427
t389	t1222
t884	t986
t1200	t1980
t1174	t335
t1008	t1785
t1320	t679
t1500	t126
t556	t882
t158	t845
t349	t1016
t1412	t678
t319	t1393
t1133	t1218
t430	t1755
t818	t765
t1419	t986
t583	t1568
t45	t855
t366	t1683
t812	t1306
t696	t1148
t1810	t1030
t1722	t1826
t1997	t1872
t200	t1853
t1710	t1834
t156	t1677
t608	t1349
t1155	t648
t797	t156
t936	t244
t1486	t1117
t1278	t1821
t1813	t1428
t458	t391
t1350	t268
t960	t1112
t985	t630
t1572	t1915
t1010	t773
t863	t1281
t1099	t30
t1167	t1334
t1470	t101
t1452	t1333
t915	t1003
t534	t1511
t1524	t1776
t836	t339
t1231	t1602
t846	t819
t557	t95
t894	t1272
t561	t196
t1038	t1753
t405	t68
t561	t956
t230	t927
t1156	t404
t1048	t167
t1151	t1243
t1437	t1860
t1407	t698
t1337	t1183
t763	t253
t1346	t1042
t562	t981
t816	t1109
t1187	t1173
t677	t636
t1047	t648
t788	t123
t820	t621
t1718	t92
t149	t871
t1100	t423
t766	t438
t48	t1949
t763	t983
t806	t65
t532	t1901
t1260	t1824
t687	t551
t595	t593
t51	t1139
t72	t645
t1937	t894
t314	t495
t587	t748
t1849	t1895
t1891	t208
t240	t1779
t1287	t598
t172	t1542
t905	t914
t1673	t1469
t638	t996
t1488	t307
t1590	t923
t863	t1030
t1263	t355
t1822	t577
t1818	t471
t951	t211
t1567	t1387
t269	t637
t1771	t1661
t1145	t1885
t26	t489
t1877	t754
t521	t1637
t1223	t1752
t69	t1848
t1041	t978
t590	t1114
t884	t1064
t156	t1192
t66	t856
t1582	t901
t67	t807
t58	t400
t1539	t1758
t1353	t1273
t748	t1531
t1872	t93
t218	t181
t22	t1528
t121	t1702
t213	t1921
t1101	t519
t349	t419
t1760	t1805
t864	t840
t632	t1137
t1707	t401
t651	t1358
t1419	t1255
t89	t1479
t639	t1996
t1320	t1192
t1291	t14
t780	t1222
t99	t123
t982	t493
t1154	t1513
t1994	t1222
t1412	t1360
t1320	t1517
t666	t1357
t888	t1488
t1711	t1861
t463	t389
t1950	t501
t594	t287
t664	t787
t1694	t535
t1168	t95
t955	t1156
t87	t480
t496	t1246
t1167	t1519
t435	t1195
t1567	t1115
t1095	t166
t1752	t114
t1322	t2000
t880	t1854
t1586	t318
t1954	t882
t1114	t1575
t589	t1043
t398	t220
t1436	t620
t977	t444
t1965	t1329
t53	t684
t1037	t1663
t712	t1575
t1437	t603
t1436	t172
t198	t1346
t1699	t992
t444	t488
t288	t749
t988	t312
t1217	t938
t704	t984
t1907	t1481
t1311	t766
t627	t1879
t1572	t1636
t1685	t790
t1475	t1335
t202	t64
t444	t1930
t403	t1371
t818	t563
t1223	t1164
t1653	t1939
t1400	t1625
t1427	t1261
t924	t560
t514	t224
t1445	t1020
t1138	t263
t1793	t1861
t638	t460
t105	t819
t1551	t577
t896	t139
t331	t315
t806	t1797
t683	t1048
t998	t309
t1027	t59
t707	t1868
t1450	t1615
t1106	t1425
t1631	t980
t1501	t1958
t1845	t1211
t1457	t1428
t1896	t323
t768	t1407
t1535	t335
t1468	t1980
t1198	t939
t49	t1791
t297	t496
t44	t1759
t1228	t1845
t653	t1127
t1140	t366
t1806	t1075
t1257	t694
t1828	t977
t472	t1893
t582	t1462
t1037	t1751
t1700	t1019
t1629	t1443
t322	t796
t62	t1103
t1964	t522
t1138	t932
t1144	t1816
t1231	t99
t1788	t1967
t180	t139
t1412	t245
t1470	t1652
t1709	t96
t768	t508
t157	t1899
t1293	t142
t1870	t176
t982	t1637
t1276	t1270
t774	t382
t1835	t89
t435	t275
t10	t585
t256	t975
t721	t309
t1392	t118
t1490	t1464
t1845	t598
t1067	t194
t1141	t680
t465	t5
t1156	t601
t934	t1619
t1997	t1625
t890	t1280
t61	t1034
t1859	t1922
t1565	t488
t324	t682
t773	t630
t1431	t1766
t1468	t1749
t232	t115
t702	t1136
t54	t1505
t302	t747
t1567	t1031
t409	t1583
t312	t942
t1586	t1299
t1419	t991
t954	t229
t1563	t471
t704	t618
t909	t377
t731	t717
t1739	t138
t190	t1509
t473	t1619
t1231	t1751
t1376	t1866
t536	t935
t1419	t345
t1961	t760
t1861	t680
t503	t1014
t349	t1638
t535	t1060
t1420	t1719
t743	t868
t590	t1024
t412	t1538
t514	t700
t838	t1119
t1651	t911
t727	t1175
t1198	t1844
t1629	t1496
t809	t543
t1349	t474
t1437	t1238
t1803	t1731
t1507	t163
t1665	t425
t511	t1616
t721	t8
t1639	t299
t260	t855
t1973	t98
t333	t1609
t455	t1517
t1702	t1218
t507	t737
t763	t280
t665	t955
t1515	t37
t1303	t397
t1524	t590
t1241	t794
t186	t818
t1478	t161
t1941	t1910
t412	t297
t230	t288
t197	t1799
t1389	t275
t417	t583
t708	t1365
t884	t1141
t665	t84
t464	t1158
t1810	t1393
t1544	t1100
t772	t1385
t177	t1904
t741	t1662
t1097	t638
t447	t1546
t800	t825
t664	t1203
t802	t1270
t303	t1682
t1436	t488
t1130	t1422
t1859	t698
t887	t395
t892	t1021
t1322	t1526
t600	t1393
t1533	t1423
t1737	t1362
t774	t1289
t571	t1647
t1515	t1375
t1230	t1715
t513	t1707
t527	t586
t1	t1100
t856	t1553
t714	t593
t603	t1026
t634	t1534
t1858	t1316
t625	t1382
t1537	t1394
t289	t1356
t1104	t1422
t1067	t446
t303	t147
t565	t586
t1190	t1637
t1682	t835
t751	t1534
t625	t217
t1040	t1390
t1586	t1464
t1284	t1089
t299	t728
t1195	t1678
t47	t743
t1526	t1768
t350	t826
t684	t5
t1328	t982
t834	t512
t269	t1739
t4	t1554
t1859	t1504
t545	t460
t1908	t1083
t703	t1601
t541	t1277
t536	t13
t1867	t368
t726	t876
t1892	t456
t1446	t1091
t1234	t754
t407	t23
t1281	t552
t1524	t381
t422	t813
t85	t296
t472	t1494
t866	t451
t963	t217
t494	t1504
t1104	t1413
t475	t840
t1328	t1271
t1964	t1587
t1303	t798
t1702	t1958
t546	t485
t386	t745
t1774	t3
t233	t678
t403	t1454
t1053	t620
t1291	t394
t662	t1344
t1207	t303
t813	t1865
t86	t1517
t31	t521
t1739	t1164
t1100	t1938
t909	t825
t375	t1177
t1342	t598
t175	t815
t255	t1314
t1708	t2
t676	t142
t1165	t761
t1372	t231
t1424	t904
t1180	t1117
t1712	t785
t1327	t1479
t953	t1953
t283	t769
t531	t1247
t1062	t273
t814	t1199
t639	t1607
t988	t855
t707	t15
t324	t1969
t338	t1891
t467	t1994
t290	t746
t1248	t1527
t532	t331
t1223	t172
t937	t575
t760	t1020
t1315	t441
t149	t1786
t1609	t1761
t1822	t1831
t793	t248
t168	t1853
t1714	t942
t637	t1213
t1920	t659
t649	t71
t398	t1619
t621	t582
t1712	t1553
t1978	t1129
t531	t902
t397	t254
t89	t1779
t227	t139
t1366	t1058
t1112	t243
t27	t730
t638	t96
t1906	t1564
t834	t1717
t1574	t787
t1397	t1695
t1343	t1995
t1616	t1488
t746	t789
t1700	t1183
t1841	t1334
t1363	t811
t1629	t896
t1858	t741
t167	t758
t1507	t1348
t1512	t166
t814	t1661
t609	t1956
t1748	t232
t1736	t425
t1673	t365
t879	t1455
t435	t1534
t1146	t1865
t1029	t525
t1181	t222
t1961	t597
t676	t496
t758	t307
t1153	t374
t1916	t728
t117	t243
t1450	t298
t1956	t805
t1281	t276
t1241	t174
t88	t347
t228	t1014
t201	t1362
t129	t1811
t1727	t1458
t463	t938
t402	t924
t1775	t472
t32	t748
t1174	t1704
t944	t1111
t1776	t126
t546	t857
t1940	t1666
t1850	t1768
t897	t1810
t559	t649
t234	t198
t1808	t926
t599	t1139
t1484	t339
t1146	t1142
t1613	t695
t1514	t1912
t554	t1227
t644	t1741
t417	t1137
t1015	t1214
t711	t1217
t971	t185
t1918	t1716
t1370	t20
t1974	t1066
t1390	t1749
t1097	t1888
t1353	t1072
t774	t1605
t356	t171
t42	t114
t1118	t998
t966	t1602
t1708	t973
t1395	t114
t120	t1648
t43	t1780
t1761	t898
t1954	t1164
t825	t1917
t252	t801
t93	t790
t1948	t789
t517	t172
t564	t433
t1063	t517
t1154	t1817
t424	t1987
t869	t1912
t90	t1175
t1085	t1643
t1832	t592
t427	t1544
t165	t1569
t706	t1557
t369	t826
t1626	t1396
t1715	t970
t1877	t414
t1752	t596
t180	t911
t1519	t848
t589	t593
t1606	t429
t451	t1811
t1301	t833
t36	t1745
t485	t19
t1775	t302
t1943	t681
t469	t1204
t265	t973
t1305	t1952
t852	t1923
t1776	t623
t1784	t1480
t307	t1755
t1271	t101
t1968	t1994
t11	t479
t265	t725
t353	t1758
t1701	t1414
t1288	t1030
t665	t219
t278	t640
t336	t1851
t745	t479
t1681	t243
t1723	t755
t179	t182
t527	t1545
t271	t1505
t1978	t1192
t1347	t634
t316	t1402
t1359	t223
t1952	t313
t924	t1553
t512	t1323
t1918	t1449
t1564	t112
t775	t208
t1153	t1393
t30	t1929
t1556	t481
t465	t977
t731	t971
t1335	t148
t1437	t437
t753	t1479
t1601	t1445
t487	t694
t300	t709
t1406	t488
t1142	t845
t1064	t549
t93	t1076
t158	t682
t1155	t1578
t1692	t635
t1365	t1758
t1456	t727
t435	t824
t1896	t184
t167	t1058
t1229	t1272
t744	t1021
t677	t377
t580	t1380
t465	t27
t1664	t935
t671	t1103
t891	t791
t1538	t982
t970	t1646
t1832	t1175
t1772	t291
t680	t115
t1042	t859
t988	t1594
t1710	t869
t459	t552
t1083	t103
t803	t563
t1681	t1340
t996	t145
t1605	t1994
t1653	t1521
t559	t1878
t1668	t1061
t226	t777
t845	t1401
t321	t129
t649	t787
t318	t1481
t497	t1316
t344	t1377
t1743	t640
t888	t1402
t1448	t940
t158	t226
t465	t1100
t1810	t713
t1432	t1309
t1670	t481
t1013	t1379
t1408	t975
t1100	t1928
t948	t1237
t1863	t59
t1099	t885
t1867	t1405
t937	t101
t1707	t862
t1440	t374
t1938	t178
t493	t1357
t507	t367
t227	t1590
t1567	t1224
t96	t272
t721	t1778
t1816	t1687
t303	t657
t1638	t1569
t8	t83
t1061	t695
t1156	t630
t762	t1474
t1435	t1832
t1785	t113
t1575	t515
t264	t589
t384	t889
t987	t1389
t1526	t1552
t1721	t859
t1977	t636
t1315	t1604
t169	t118
t21	t348
t1275	t925
t701	t803
t196	t480
t229	t975
t121	t779
t1999	t1904
t758	t484
t856	t1614
t1599	t767
t344	t1762
t1042	t1137
t1859	t1445
t761	t1499
t1627	t1270
t1814	t647
t313	t1938
t973	t723
t1581	t126
t527	t825
t369	t584
t1205	t524
t1743	t973
t1251	t975
t1944	t1878
t43	t519
t1618	t1829
t1151	t138
t1979	t1807
t1238	t1142
t569	t913
t331	t1173
t503	t1440
t1245	t1331
t1984	t1752
t732	t1681
t445	t244
t384	t210
t126	t876
t1024	t897
t1633	t755
t1230	t496
t1045	t1531
t1053	t94
t1301	t561
t206	t622
t182	t1517
t1560	t1945
t1712	t76
t1690	t1313
t292	t1410
t1841	t102
t369	t602
t1092	t1413
t1011	t1335
t771	t894
t47	t1760
t454	t460
t870	t1226
t1394	t1308
t1372	t464
t233	t1100
t1831	t155
t505	t633
t927	t1930
t1899	t1004
t264	t1630
t828	t670
t1801	t117
t1228	t1716
t1484	t490
t1157	t891
t518	t1288
t1063	t1982
t1039	t1688
t1790	t694
t555	t404
t1820	t1928
t1439	t1834
t1252	t784
t309	t792
t314	t597
t187	t677
t533	t1254
t1459	t667
t500	t1731
t1687	t188
t1196	t1081
t1614	t796
t1725	t447
t639	t97
t1571	t1068
t192	t1916
t344	t1419
t999	t829
t1986	t57
t1626	t1646
t144	t656
t310	t1259
t328	t571
t1095	t913
t157	t1347
t217	t1621
t698	t1878
t905	t24
t584	t1928
t1700	t1663
t1814	t1666
t577	t284
t1875	t836
t1234	t60
t1062	t1845
t824	t620
t266	t1495
t1126	t387
t1812	t659
t1840	t1528
t1965	t866
t443	t1082
t461	t1319
t727	t1034
t1691	t1449
t1438	t1228
t1217	t484
t1627	t1949
t1714	t274
t1085	t441
t439	t820
t759	t33
t1455	t1924
t564	t1898
t1320	t1424
t1621	t910
t562	t1353
t1572	t1621
t742	t1564
t960	t787
t639	t88
t1170	t1358
t582	t91
t111	t1279
t663	t1314
t1404	t107
t1875	t1323
t1133	t225
t638	t1190
t522	t623
t655	t1266
t360	t1974
t72	t489
t161	t1757
t1710	t1816
t265	t1781
t503	t736
t443	t84
t879	t476
t1389	t1629
t189	t117
t939	t1562
t936	t594
t21	t1869
t134	t1710
t615	t1600
t768	t1574
t294	t644
t1424	t1531
t313	t291
t1037	t1049
t778	t1589
t898	t133
t1184	t65
t505	t1273
t1877	t1482
t778	t711
t271	t955
t329	t540
t644	t1937
t1710	t681
t153	t645
t758	t623
t1571	t735
t840	t1493
t706	t370
t631	t232
t1570	t751
t1990	t1462
t1840	t206
t1220	t417
t922	t747
t703	t125
t1032	t33
t1664	t936
t1690	t1401
t590	t1503
t1285	t501
t453	t134
t286	t182
t1450	t570
t1625	t455
t1065	t1360
t1871	t576
t7	t1919
t42	t796
t534	t1204
t1978	t1012
t1152	t154
t234	t530
t1730	t1357
t1292	t1949
t1617	t115
t79	t1563
t11	t938
t1862	t450
t864	t1742
t1174	t660
t1430	t977
t1611	t377
t1282	t365
t217	t492
t6	t1714
t1725	t1866
t1285	t164
t153	t949
t195	t650
t1303	t140
t189	t1270
t1016	t1574
t1769	t229
t1377	t1058
t151	t1669
t10	t1030
t412	t1213
t1419	t880
t1988	t648
t575	t1271
t167	t377
t781	t920
t1870	t1133
t1935	t1744
t1895	t598
t1161	t1030
t836	t1270
t1159	t1634
t700	t1428
t11	t431
t1656	t342
t1778	t1394
t1429	t1043
t1343	t865
t384	t893
t393	t476
t1483	t1631
t995	t1083
t1958	t935
t347	t244
t578	t1674
t409	t1596
t412	t1916
t481	t7
t1823	t1685
t721	t1533
t884	t754
t969	t307
t1028	t1421
t730	t967
t882	t1765
t53	t796
t1823	t1264
t1475	t1586
t287	t948
t493	t1644
t71	t259
t1570	t390
t835	t292
t196	t1757
t1760	t380
t1549	t1387
t351	t935
t1067	t1016
t1741	t933
t1260	t84
t590	t1607
t1530	t643
t1391	t913
t116	t624
t768	t1180
t1537	t527
t1886	t1600
t1627	t1671
t627	t1893
t639	t1708
t1444	t1078
t496	t583
t759	t1161
t371	t629
t1699	t289
t1023	t251
t108	t210
t94	t962
t661	t1203
t1459	t855
t149	t1737
t399	t1120
t131	t1438
t428	t197
t854	t1640
t995	t380
t732	t1151
t1373	t713
t1556	t479
t1726	t1722
t246	t1410
t743	t1857
t1756	t1265
t513	t173
t1705	t392
t191	t750
t670	t281
t1265	t1261
t1667	t891
t1145	t233
t1960	t1675
t90	t1806
t36	t1659
t1714	t1166
t1899	t1109
t419	t1397
t1281	t1381
t1287	t819
t2000	t395
t200	t134
t398	t929
t209	t1109
t1126	t1662
t161	t128
t1869	t548
t1409	t1385
t433	t829
t246	t726
t406	t272
t9	t1674
t1978	t155
t156	t1792
t1082	t326
t1012	t336
t1087	t1304
t1569	t573
t1908	t1606
t62	t401
t279	t692
t580	t335
t805	t41
t1106	t1914
t1887	t335
t1532	t1040
t188	t737
t357	t1497
t1021	t74
t1035	t1740
t1283	t795
t878	t376
t317	t1862
t1534	t548
t365	t452
t1818	t87
t812	t749
t1651	t1829
t1201	t804
t1303	t446
t1253	t1188
t283	t247
t247	t1669
t1141	t23
t879	t1445
t751	t1895
t1712	t111
t795	t1387
t912	t769
t1882	t857
t867	t128
t279	t1500
t453	t1388
t768	t659
t156	t1347
t721	t566
t915	t1635
t884	t465
t73	t1377
t177	t962
t463	t566
t1660	t455
t1938	t1090
t1278	t847
t1611	t1614
t26	t658
t1841	t736
t1759	t723
t1047	t1489
t1440	t618
t1256	t868
t1627	t1146
t1151	t1191
t401	t1678
t768	t325
t838	t836
t1121	t1477
t136	t411
t10	t1041
t1031	t1310
t272	t311
t1711	t1936
t144	t24
t715	t779
t1913	t106
t230	t860
t918	t1371
t121	t141
t1315	t7
t486	t1015
t1532	t1331
t527	t1979
t1351	t673
t1662	t1203
t1458	t1314
t288	t878
t1472	t1486
t1875	t602
t1435	t630
t1484	t1120
t1071	t163
t1565	t447
t315	t383
t947	t960
t1168	t1423
t569	t1333
t326	t830
t521	t1848
t780	t663
t1224	t385
t1394	t1938
t146	t1093
t424	t1658
t1064	t1653
t89	t1551
t568	t796
t134	t1375
t1722	t1785
t344	t1267
t1130	t1039
t703	t225
t50	t844
t299	t737
t236	t1677
t853	t1630
t271	t1373
t42	t1181
t195	t1727
t1247	t1621
t1414	t1427
t1441	t646
t1896	t808
t172	t796
t884	t1270
t1874	t418
t1338	t384
t1383	t1192
t1032	t194
t1285	t933
t537	t1638
t678	t1579
t181	t1910
t1088	t1901
t412	t411
t145	t1239
t1343	t127
t255	t1506
t527	t1379
t399	t1009
t1638	t1964
t51	t1528
t695	t1410
t1490	t365
t1249	t1410
t86	t1649
t743	t322
t83	t1197
t1820	t505
t1765	t275
t1572	t1697
t1734	t1489
t109	t1938
t339	t1718
t1831	t901
t1567	t1427
t618	t980
t136	t849
t650	t12
t936	t853
t966	t94
t1328	t320
t1730	t1485
t1209	t1590
t930	t1659
t642	t184
t188	t1622
t645	t664
t455	t1137
t561	t1902
t415	t1827
t1571	t1684
t1991	t1757
t381	t114
t1946	t709
t1438	t974
t852	t629
t732	t1760
t1780	t1576
t1961	t1020
t556	t1173
t1618	t1304
t638	t915
t1565	t1371
t207	t1775
t286	t1218
t1206	t950
t1585	t1489
t292	t1502
t1682	t962
t472	t1369
t45	t37
t873	t1447
t491	t480
t179	t726
t247	t1175
t1618	t583
t499	t168
t66	t1074
t1099	t1428
t1167	t470
t1441	t1521
t1687	t564
t454	t275
t162	t860
t571	t692
t172	t1264
t1696	t87
t1645	t1274
t201	t850
t868	t356
t1945	t803
t735	t1123
t1100	t1443
t1262	t279
t327	t411
t1163	t1449
t1772	t1396
t1808	t1652
t1011	t1548
t1739	t455
t1808	t1644
t112	t1306
t1191	t1462
t590	t644
t863	t1133
t1522	t1019
t352	t775
t831	t1326
t743	t326
t711	t1536
t1046	t1597
t1079	t1635
t198	t867
t1421	t1003
t161	t585
t518	t679
t1395	t1749
t645	t1418
t714	t1925
t86	t1116
t1315	t1326
t62	t13
t1895	t777
t1362	t1981
t550	t970
t1200	t76
t1431	t1142
t1824	t1563
t125	t496
t1202	t142
t632	t117
t1404	t1299
t1988	t1419
t806	t1045
t344	t810
t1858	t135
t888	t657
t129	t933
t1887	t1406
t618	t821
t543	t621
t297	t28
t1278	t92
t1611	t644
t1924	t1933
t1469	t337
t901	t600
t187	t871
t1959	t443
t279	t520
t1850	t1370
t1882	t1581
t127	t629
t208	t524
t1210	t784
t667	t1161
t47	t1105
t740	t1721
t516	t1563
t685	t765
t980	t935
t864	t1947
t1820	t143
t234	t1009
t1008	t1058
t58	t89
t696	t1625
t1452	t214
t165	t675
t863	t594
t93	t496
t1024	t1217
t150	t1150
t314	t1628
t142	t1227
t763	t993
t153	t168
t1319	t414
t1762	t780
t1240	t891
t419	t1426
t1770	t1342
t1028	t566
t1028	t94
t545	t1740
t156	t588
t1414	t829
t733	t790
t1940	t883
t514	t1092
t1529	t329
t1253	t1093
t1235	t1026
t1784	t619
t1124	t125
t512	t1546
t1395	t1928
t1141	t68
t1535	t868
t756	t437
t1004	t1316
t370	t1648
t1524	t1899
t594	t164
t162	t1268
t1228	t1780
t102	t1424
t1866	t1598
t182	t1563
t862	t1072
t229	t1777
t1419	t1910
t83	t143
t1456	t1885
t783	t857
t402	t1518
t314	t1424
t1095	t616
t1566	t627
t1450	t1043
t1097	t1199
t306	t804
t2000	t1504
t634	t1054
t943	t1585
t1062	t1447
t1478	t1649
t753	t1052
t887	t1375
t620	t845
t22	t1124
t372	t853
t872	t1026
t160	t101
t1537	t1724
t1164	t1467
t468	t292
t1141	t1967
t1035	t354
t965	t1360
t1975	t457
t191	t378
t908	t1071
t754	t524
t378	t859
t718	t485
t1228	t553
t1819	t1227
t1116	t1026
t569	t1580
t1283	t1453
t132	t1059
t906	t30
t1004	t726
t1210	t959
t1700	t494
t1852	t1274
t762	t1267
t806	t44
t412	t1052
t827	t1919
t606	t1837
t129	t1919
t772	t695
t1299	t641
t1961	t1457
t1354	t1878
t1512	t82
t1449	t231
t1144	t985
t645	t1960
t1945	t171
t156	t300
t1525	t437
t332	t274
t212	t1033
t485	t1324
t1907	t1199
t1247	t1925
t463	t869
t711	t1800
t1681	t1416
t401	t335
t262	t874
t274	t1249
t492	t1724
t670	t1003
t706	t113
t1340	t1399
t1606	t801
t207	t1872
t1673	t579
t1698	t312
t1126	t1272
t1698	t1505
t1449	t1614
t1533	t126
t663	t874
t1805	t885
t369	t1077
t399	t304
t1238	t1244
t1337	t362
t710	t202
t1275	t1227
t1839	t718
t972	t622
t1355	t1779
t1132	t117
t729	t815
t1795	t1755
t1473	t68
t1529	t1831
t1352	t1178
t888	t911
t1973	t326
t1973	t1602
t1703	t59
t1449	t12
t1962	t1815
t435	t521
t1793	t1361
t1522	t1293
t801	t1901
t742	t1573
t135	t680
t674	t1617
t632	t229
t153	t942
t7	t1923
t1041	t577
t1869	t418
t1660	t567
t422	t664
t487	t1476
t1359	t1974
t1789	t713
t875	t148
t1012	t76
t1696	t533
t908	t686
t1839	t423
t218	t421
t475	t181
t511	t419
t1801	t43
t1064	t1407
t1230	t1795
t377	t1227
t1990	t1473
t448	t116
t300	t1805
t326	t680
t1357	t1517
t1785	t592
t557	t247
t1007	t1249
t992	t1192
t1678	t1137
t1469	t715
t131	t670
t1538	t601
t1164	t440
t1130	t744
t820	t901
t1073	t1497
t1439	t1173
t205	t1457
t588	t111
t744	t798
t1950	t1057
t1205	t1259
t137	t1787
t1690	t1916
t72	t611
t1130	t1137
t1174	t1547
t864	t1993
t533	t1504
t863	t913
t547	t1921
t1932	t377
t1535	t93
t1319	t1117
t1881	t1178
t1025	t995
t1424	t1878
t863	t1179
t1999	t713
t632	t792
t1943	t16
t1530	t1184
t1879	t94
t442	t195
t1115	t1872
t695	t1267
t1850	t630
t1522	t640
t757	t1994
t1819	t1640
t491	t418
t250	t2000
t1383	t1678
t1555	t1884
t475	t862
t359	t236
t778	t1051
t851	t938
t551	t767
t246	t1227
t687	t593
t1756	t1457
t818	t1591
t1592	t1409
t1446	t824
t73	t1620
t346	t1003
t86	t276
t1725	t1056
t218	t1717
t3	t170
t1883	t1728
t1027	t193
t1522	t991
t674	t44
t1865	t981
t314	t80
t1515	t1168
t1969	t274
t737	t1077
t39	t1799
t1570	t642
t399	t1469
t23	t1304
t1266	t1261
t1920	t44
t1135	t1521
t306	t43
t167	t965
t963	t1960
t1961	t204
t1386	t1408
t1991	t1022
t58	t115
t957	t73
t189	t1751
t551	t1948
t1987	t1933
t1394	t325
t770	t602
t1466	t1534
t1682	t445
t688	t1181
t1040	t1992
t887	t675
t1536	t403
t1667	t1545
t1404	t1005
t405	t1117
t1435	t110
t921	t217
t1658	t185
t125	t13
t332	t1673
t1629	t1716
t639	t748
t1825	t842
t461	t1720
t1588	t124
t752	t437
t141	t115
t46	t882
t1047	t100
t1406	t865
t1739	t311
t909	t1270
t562	t868
t149	t1912
t471	t238
t836	t560
t614	t247
t440	t737
t420	t1245
t866	t150
t1169	t437
t495	t607
t1986	t1281
t1533	t167
t16	t807
t461	t1806
t88	t615
t113	t1458
t958	t1677
t837	t1326
t1295	t1165
t1751	t981
t1264	t893
t12	t522
t1772	t573
t1239	t108
t593	t842
t29	t1158
t1954	t1343
t203	t725
t901	t1035
t1658	t1137
t866	t1853
t835	t484
t1318	t763
t1257	t1122
t348	t1919
t1138	t846
t1879	t1316
t1736	t897
t230	t661
t1838	t171
t583	t1385
t88	t671
t819	t1647
t644	t235
t271	t1983
t831	t1296
t1929	t1068
t1643	t1592
t1076	t933
t1157	t1014
t1277	t898
t799	t374
t198	t1924
t1602	t139
t642	t1462
t314	t2000
t1080	t278
t1564	t23
t1586	t381
t1296	t859
t306	t1968
t482	t163
t1392	t496
t1832	t779
t1305	t1493
t1954	t1332
t429	t1363
t1956	t642
t772	t1461
t828	t1858
t1160	t345
t1903	t168
t655	t1876
t1186	t604
t537	t753
t1282	t777
t1040	t1571
t1841	t1585
t1450	t328
t702	t622
t864	t1158
t537	t792
t712	t1079
t456	t1662
t976	t800
t61	t219
t1570	t737
t1820	t1608
t1883	t226
t1451	t741
t262	t1583
t941	t1533
t1934	t1508
t601	t101
t805	t1597
t574	t1217
t44	t1425
t537	t227
t1329	t371
t198	t258
t1086	t685
t1309	t1765
t759	t855
t1363	t1915
t1876	t1123
t1429	t155
t1885	t604
t1266	t664
t1378	t492
t249	t926
t145	t97
t1157	t1717
t1259	t174
t1240	t794
t1685	t1528
t564	t1086
t306	t39
t250	t626
t1849	t786
t881	t1777
t1406	t715
t453	t1335
t228	t1727
t809	t203
t404	t1574
t1298	t1440
t702	t1738
t768	t991
t433	t1787
t1143	t1463
t536	t962
t1734	t1043
t202	t1503
t1830	t1733
t53	t931
t802	t1103
t1543	t1970
t344	t1639
t1180	t1417
t962	t619
t1240	t454
t1595	t1721
t370	t1492
t177	t1244
t1315	t1082
t963	t63
t1745	t1719
t327	t1669
t1110	t311
t1109	t1499
t1918	t501
t573	t1546
t1551	t1261
t375	t1763
t264	t1284
t1882	t1704
t1953	t445
t1466	t466
t134	t1631
t538	t41
t905	t1472
t1148	t1718
t987	t1840
t312	t760
t104	t59
t1368	t1923
t1690	t612
t532	t1326
t80	t1360
t1419	t1513
t1709	t720
t331	t561
t1561	t87
t1395	t103
t690	t915
t585	t761
t609	t1550
t1359	t1586
t710	t1500
t1523	t1570
t1920	t107
t1481	t1308
t1425	t1646
t1263	t1427
t141	t1356
t411	t571
t568	t1124
t1370	t869
t424	t1381
t1496	t1953
t799	t788
t72	t1930
t1021	t1424
t559	t155
t1207	t844
t1468	t1603
t314	t837
t75	t125
t1602	t37
t1142	t1589
t1043	t1857
t397	t1655
t1856	t1254
t568	t1546
t837	t1280
t292	t1981
t1186	t1403
t957	t1381
t61	t986
t90	t1994
t923	t1534
t1508	t792
t863	t893
t73	t506
t1412	t1939
t1065	t140
t1102	t898
t192	t1579
t743	t417
t439	t1993
t827	t509
t326	t456
t1367	t231
t1536	t1807
t557	t1527
t963	t446
t1262	t790
t1633	t1768
t1988	t1217
t1720	t244
t1645	t1762
t1565	t188
t159	t899
t1221	t636
t712	t765
t203	t1070
t248	t1178
t198	t1921
t29	t612
t939	t1899
t727	t1410
t839	t1459
t1908	t524
t1507	t750
t1841	t868
t369	t235
t128	t630
t699	t1776
t565	t1811
t856	t9
t1205	t1640
t729	t1777
t836	t27
t1849	t70
t1534	t1495
t846	t1228
t531	t1990
t663	t1604
t1572	t210
t1871	t154
t1603	t199
t516	t404
t1453	t1356
t928	t1011
t568	t13
t396	t670
t1796	t295
t168	t614
t912	t1258
t313	t1397
t1460	t1388
t1957	t990
t1727	t1173
t97	t1060
t1929	t1033
t1364	t163
t1965	t691
t636	t1125
t1900	t1215
t1271	t1688
t1870	t52
t1717	t1480
t1391	t312
t1295	t65
t1973	t1776
t350	t1679
t1064	t1492
t1444	t154
t83	t978
t256	t682
t1429	t592
t1179	t635
t808	t450
t1955	t1765
t872	t183
t951	t1275
t1882	t326
t1295	t1573
t913	t341
t820	t1465
t1117	t382
t1683	t147
t1206	t359
t863	t1417
t1982	t673
t1979	t154
t405	t136
t1958	t1919
t81	t1189
t1235	t1888
t1594	t1496
t930	t558
t230	t960
t1527	t592
t1714	t1441
t218	t1406
t1168	t1695
t408	t244
t1073	t825
t974	t1647
t1063	t1297
t228	t1332
t934	t1807
t1589	t916
t712	t1531
t727	t867
t1056	t1323
t1260	t1764
t864	t1388
t93	t1585
t1536	t1411
t700	t1750
t1694	t1800
t1783	t1512
t1131	t1644
t458	t330
t1199	t1111
t90	t1845
t927	t1016
t1252	t1083
t665	t1753
t1839	t42
t834	t1228
t1398	t299
t1798	t1457
t423	t865
t113	t1259
t1974	t1107
t1555	t224
t395	t1508
t1467	t586
t874	t130
t1016	t109
t729	t1500
t595	t146
t386	t1979
t1430	t219
t1392	t479
t1299	t1409
t1470	t1843
t1065	t438
t286	t1572
t1513	t1527
t27	t437
t461	t796
t1318	t1361
t1013	t862
t1973	t1509
t8	t46
t1676	t278
t1330	t1945
t1263	t531
t638	t1015
t1822	t948
t812	t650
t249	t685
t1439	t1936
t1449	t907
t1665	t1275
t1629	t815
t213	t1489
t1275	t1754
t526	t446
t531	t1724
t762	t1881
t1565	t898
t324	t1635
t1537	t189
t977	t1604
t1688	t1190
t42	t1727
t134	t599
t1582	t1417
t1649	t322
t183	t1173
t824	t1562
t562	t1829
t729	t1499
t1904	t630
t1318	t104
t762	t501
t1014	t702
t1911	t925
t1050	t409
t1736	t615
t897	t991
t1642	t1089
t648	t1158
t1817	t1032
t1471	t829
t989	t748
t1191	t1921
t8	t538
t1040	t674
t213	t1384
t1523	t1951
t73	t1765
t1394	t805
t697	t685
t1038	t1931
t1782	t640
t1661	t1403
t793	t14
t739	t1439
t763	t79
t721	t730
t817	t1883
t608	t175
t1645	t1604
t1153	t668
t504	t656
t422	t328
t1737	t1833
t1891	t1346
t443	t437
t84	t730
t1536	t1077
t1769	t794
t1643	t600
t246	t118
t518	t1345
t1146	t411
t1871	t926
t1017	t515
t1154	t1090
t777	t990
t105	t1681
t1674	t1912
t1343	t1695
t1277	t1458
t1914	t965
t275	t1829
t1205	t34
t319	t715
t677	t1385
t1577	t644
t500	t1813
t901	t784
t1225	t210
t368	t1720
t1461	t1481
t1463	t1020
t1309	t675
t1786	t1348
t1986	t641
t322	t1237
t1699	t590
t1149	t928
t1249	t1684
t149	t1638
t96	t476
t1219	t1771
t1734	t1188
t1216	t1385
t1126	t1774
t383	t1189
t1691	t1966
t398	t133
t1383	t603
t477	t1604
t753	t1208
t453	t706
t1983	t397
t1679	t857
t872	t672
t1287	t310
t442	t1917
t1786	t1273
t22	t673
t793	t1591
t1701	t1074
t925	t171
t22	t1315
t1601	t1617
t313	t1500
t1210	t1715
t365	t680
t1831	t931
t927	t1312
t1842	t872
t819	t616
t149	t1031
t663	t1096
t1887	t1906
t662	t547
t719	t114
t1118	t1057
t1700	t608
t851	t1732
t1757	t123
t149	t323
t826	t1447
t1461	t34
t1916	t1647
t1212	t470
t1382	t1509
t1730	t1782
t1808	t425
t321	t1828
t319	t409
t1248	t1409
t1700	t930
t631	t794
t944	t900
t864	t309
t1667	t497
t724	t1873
t862	t209
t972	t1421
t246	t1713
t657	t1930
t465	t978
t1343	t1091
t310	t790
t45	t1266
t1607	t526
t1446	t600
t303	t1955
t1726	t948
t1389	t68
t1720	t1854
t188	t761
t6	t871
t1388	t1934
t741	t932
t1847	t1052
t1065	t980
t1015	t630
t780	t1253
t736	t1272
t1187	t486
t575	t813
t945	t652
t1481	t782
t82	t1743
t272	t1017
t427	t341
t254	t1387
t1734	t1923
t1349	t457
t1397	t1585
t504	t219
t1736	t845
t1286	t321
t1103	t1245
t536	t1844
t928	t1203
t798	t1898
t1751	t41
t140	t1220
t1366	t452
t1734	t1481
t1914	t166
t21	t424
t1415	t152
t699	t74
t1390	t238
t672	t1242
t921	t1484
t304	t1624
t527	t1043
t1348	t1288
t1933	t1675
t374	t1802
t763	t1112
t43	t1381
t901	t1662
t759	t1790
t1102	t343
t1082	t388
t914	t1866
t1162	t17
t1792	t151
t168	t1744
t272	t865
t1639	t1320
t1683	t1568
t827	t843
t1303	t1361
t1652	t604
t569	t111
t615	t1238
t798	t1306
t1182	t426
t1959	t692
t394	t630
t121	t387
t915	t1945
t661	t882
t599	t1304
t49	t960
t1478	t1058
t478	t495
t638	t1631
t1831	t122
t1388	t725
t1354	t779
t206	t1143
t372	t1551
t293	t1601
t838	t798
t1131	t586
t348	t414
t1943	t604
t1840	t291
t1861	t1521
t1159	t1602
t465	t63
t435	t582
t112	t1552
t1459	t1043
t1044	t1545
t591	t446
t944	t1274
t1018	t6
t699	t873
t1002	t1215
t610	t1126
t972	t952
t1187	t1159
t1394	t1786
t1736	t613
t796	t1304
t993	t84
t1338	t1751
t1374	t1718
t1715	t599
t191	t96
t1282	t242
t494	t1885
t1788	t713
t1713	t894
t1341	t130
t738	t360
t247	t986
t1473	t1568
t1903	t881
t1560	t593
t182	t776
t1046	t163
t313	t1766
t1156	t193
t670	t1881
t701	t892
t1699	t602
t77	t1230
t912	t46
t18	t728
t127	t1248
t820	t530
t1504	t1781
t1698	t1713
t774	t792
t1522	t1375
t202	t295
t478	t323
t311	t796
t264	t1652
t1120	t1531
t1164	t1422
t1992	t1188
t1440	t371
t1793	t1770
t372	t545
t1435	t1256
t1856	t695
t413	t1750
t1665	t1517
t399	t490
t1650	t544
t1014	t237
t683	t1605
t1084	t1594
t795	t990
t655	t1474
t938	t1445
t233	t1175
t121	t1202
t740	t362
t1959	t138
t1518	t1477
t1472	t1717
t527	t284
t1102	t1100
t1341	t1686
t1810	t243
t925	t1716
t1575	t1807
t802	t1385
t1629	t629
t1775	t208
t1092	t1557
t1202	t960
t364	t1528
t780	t1910
t1747	t113
t1404	t1783
t745	t897
t454	t1373
t1190	t760
t1533	t601
t206	t1020
t1853	t1662
t1047	t1971
t1544	t222
t397	t673
t443	t1979
t256	t477
t1950	t1643
t318	t925
t844	t1175
t274	t393
t179	t440
t142	t1024
t744	t1746
t1073	t1888
t439	t1673
t1169	t480
t1853	t1060
t273	t63
t67	t645
t25	t453
t768	t914
t86	t311
t410	t622
t274	t490
t465	t1424
t413	t700
t1852	t224
t1053	t1528
t469	t1464
t1672	t1980
t840	t1510
t11	t673
t386	t1721
t638	t124
t299	t1971
t1153	t365
t1806	t1219
t1846	t1813
t1841	t1081
t1451	t1034
t534	t660
t13	t452
t1	t302
t1941	t1020
t1739	t355
t1372	t690
t937	t1354
t6	t579
t16	t164
t213	t1855
t976	t157
t1398	t1546
t457	t1339
t972	t566
t328	t1434
t1174	t397
t1241	t1046
t1451	t528
t1117	t1844
t1262	t1797
t1800	t1150
t1032	t358
t1073	t1816
t1398	t40
t1991	t1504
t233	t44
t922	t978
t912	t690
t86	t475
t1448	t1740
t1917	t1819
t30	t1724
t1806	t920
t921	t1797
t800	t172
t135	t865
t1886	t1099
t530	t616
t1785	t1428
t1520	t259
t838	t1046
t1341	t1413
t1657	t1560
t1852	t1001
t1681	t1077
t751	t843
t1495	t59
t420	t1133
t1407	t373
t419	t1449
t1908	t1056
t1166	t1866
t1103	t1093
t1310	t538
t1130	t781
t360	t982
t725	t929
t305	t1733
t1812	t888
t149	t1201
t1783	t1521
t972	t169
t334	t1921
t207	t920
t786	t378
t1412	t981
t22	t826
t1083	t848
t22	t635
t976	t1840
t772	t1970
t908	t290
t1431	t1089
t469	t381
t1918	t1926
t798	t1890
t410	t1320
t342	t1704
t1458	t123
t1563	t1695
t704	t1325
t872	t911
t360	t1288
t1388	t1483
t676	t1281
t585	t1728
t879	t360
t1308	t1408
t1	t1441
t1412	t1019
t239	t1375
t546	t309
t877	t357
t1736	t1604
t1896	t1347
t816	t173
t144	t1274
t78	t1448
t882	t1403
t1294	t1264
t1062	t773
t1726	t302
t1492	t1152
t1926	t1519
t31	t139
t1131	t1657
t1343	t1457
t241	t1340
t66	t733
t584	t942
t1438	t616
t498	t529
t1617	t1646
t1093	t1213
t485	t220
t1985	t806
t1501	t796
t1106	t926
t408	t882
t1931	t1851
t350	t397
t718	t1672
t487	t1807
t1598	t515
t509	t1114
t887	t674
t835	t633
t1670	t1595
t934	t1876
t924	t1132
t1143	t392
t1162	t1797
t1709	t396
t1295	t1579
t1059	t1779
t180	t686
t1441	t618
t963	t46
t1067	t1552
t271	t627
t119	t926
t1818	t1785
t1867	t204
t1346	t1410
t942	t1497
t423	t1499
t905	t1920
t1623	t1986
t302	t1722
t936	t1680
t854	t414
t432	t238
t258	t1773
t7	t1861
t1467	t1158
t1963	t753
t1141	t197
t130	t354
t1284	t1916
t695	t1384
t1328	t1720
t218	t1247
t1670	t984
t951	t1142
t687	t1284
t939	t968
t317	t560
t1592	t1427
t1775	t251
t819	t1265
t1817	t108
t131	t873
t1954	t162
t759	t1497
t1199	t1000
t1317	t1080
t498	t1016
t473	t744
t222	t1777
t118	t1373
t1426	t1332
t1031	t1066
t1493	t1976
t1154	t1560
t568	t1857
t1257	t543
t886	t510
t230	t1924
t732	t529
t457	t1075
t1263	t93
t1891	t1648
t1155	t38
t42	t560
t571	t1313
t1129	t1579
t1973	t1294
t1505	t1652
t405	t1539
t1180	t1719
t1900	t1424
t996	t965
t1820	t1425
t363	t1550
t1625	t660
t1207	t1402
t660	t777
t230	t30
t1391	t1039
t1616	t1034
t1943	t1092
t503	t467
t1989	t592
t1506	t1764
t491	t585
t1861	t444
t1032	t709
t42	t541
t1233	t1108
t1301	t519
t828	t1483
t305	t1882
t1321	t1993
t1823	t169
t1657	t1622
t646	t34
t822	t991
t1142	t1084
t1315	t1746
t829	t1026
t1883	t1765
t1820	t1096
t1538	t1762
t1763	t1379
t1887	t1860
t764	t653
t1386	t201
t1801	t635
t61	t1569
t1686	t1401
t1535	t1556
t433	t489
t561	t474
t1673	t30
t420	t1552
t1730	t287
t19	t268
t1655	t885
t833	t1930
t1351	t386
t1151	t1894
t1940	t353
t449	t845
t1957	t1222
t801	t353
t1975	t2000
t256	t1449
t1330	t1894
t120	t1495
t1790	t1666
t706	t107
t1343	t633
t1726	t186
t809	t869
t21	t583
t1838	t816
t1714	t1342
t6	t1366
t1491	t1560
t1303	t1487
t605	t524
t751	t194
t1827	t355
t160	t434
t1472	t611
t473	t635
t1967	t1495
t395	t1807
t1209	t501
t937	t156
t1227	t975
t1688	t614
t1237	t1621
t1318	t1522
t534	t1727
t305	t1205
t1043	t548
t1701	t803
t1723	t1373
t1618	t1758
t518	t1647
t988	t290
t1736	t1542
t1974	t126
t1820	t1242
t784	t1547
t322	t1393
t500	t1526
t880	t285
t1029	t1444
t1154	t1906
t1900	t67
t1040	t1797
t410	t1399
t23	t1175
t989	t1584
t477	t1981
t454	t1237
t819	t1972
t1061	t116
t1647	t1188
t1230	t1424
t1831	t1245
t1190	t715
t1181	t758
t1927	t1817
t1242	t57
t2000	t1897
t1243	t746
t768	t1197
t1954	t1549
t251	t978
t1824	t164
t1174	t853
t762	t199
t537	t858
t744	t910
t797	t1580
t1950	t655
t1769	t1677
t10	t1386
t1498	t1632
t988	t1485
t1250	t1172
t1262	t1505
t1694	t1807
t750	t263
t1544	t1054
t386	t1175
t695	t1242
t1386	t1194
t1346	t1646
t113	t880
t996	t68
t727	t713
t473	t918
t1071	t564
t226	t1427
t384	t1244
t61	t148
t1560	t1922
t53	t4
t1032	t490
t235	t1541
t584	t444
t1607	t1333
t1491	t521
t1338	t1397
t1613	t278
t1961	t1974
t1764	t1799
t1702	t567
t1996	t1873
t391	t309
t78	t876
t4	t1418
t1924	t385
t1620	t57
t601	t664
t755	t1261
t1053	t469
t731	t1074
t584	t1068
t1326	t746
t1321	t922
t1292	t1090
t1019	t68
t241	t1990
t1693	t298
t180	t1780
t983	t1897
t861	t1743
t1311	t1528
t1349	t1558
t1927	t299
t1771	t819
t1383	t1255
t1091	t1926
t1918	t1920
t278	t1147
t264	t1629
t1889	t820
t1754	t1884
t1941	t107
t1875	t1810
t1106	t1248
t400	t1348
t1336	t244
t442	t30
t42	t545
t960	t1340
t1185	t657
t286	t778
t1927	t1719
t1988	t1280
t834	t122
t1382	t1503
t1221	t260
t221	t552
t324	t730
t1624	t1217
t555	t1878
t537	t1341
t435	t1831
t1871	t748
t1624	t965
t1146	t1515
t651	t1337
t66	t499
t670	t674
t610	t265
t1209	t174
t370	t823
t1746	t1791
t56	t678
t1588	t509
t1442	t382
t1825	t893
t1822	t789
t1907	t1061
t1111	t1801
t1303	t1510
t1347	t810
t1554	t1703
t1656	t501
t1736	t1002
t1558	t1637
t1008	t576
t1834	t479
t224	t1225
t1144	t984
t378	t570
t1942	t1468
t1350	t965
t35	t1448
t1998	t1296
t1218	t1740
t635	t942
t457	t1767
t177	t1509
t1626	t515
t405	t1045
t1367	t1580
t1557	t1644
t930	t1737
t1378	t530
t62	t1412
t693	t786
t871	t1553
t17	t1863
t757	t920
t1817	t1721
t230	t350
t637	t825
t216	t1137
t798	t592
t1840	t546
t1482	t586
t1096	t1425
t132	t1293
t1715	t958
t269	t1327
t580	t507
t1012	t1425
t1555	t1601
t179	t922
t696	t587
t922	t648
t258	t790
t1163	t1167
t374	t60
t1990	t150
t569	t502
t411	t520
t963	t196
t251	t1628
t1336	t1784
t29	t1495
t1085	t1138
t1515	t1735
t341	t842
t1668	t1744
t145	t1976
t969	t1015
t937	t1188
t1501	t601
t1298	t1110
t1354	t1938
t1941	t1818
t1804	t488
t1597	t1960
t271	t1579
t1638	t526
t1414	t98
t1748	t1895
t51	t1980
t1069	t1168
t1651	t243
t1656	t1365
t410	t1855
t1182	t290
t1973	t888
t879	t450
t1799	t284
t1712	t1510
t1753	t1150
t1122	t1477
t1151	t1992
t745	t1635
t228	t712
t1853	t1637
t820	t1782
t182	t1929
t1196	t1578
t243	t553
t1635	t935
t663	t1066
t1871	t293
t844	t1213
t800	t575
t1293	t591
t1571	t1718
t1559	t1878
t1694	t583
t360	t368
t1091	t1493
t1792	t94
t626	t1075
t478	t528
t1841	t1135
t250	t1873
t840	t362
t1091	t340
t1359	t1025
t1858	t1579
t1351	t1635
t1932	t1718
t1729	t858
t1859	t1878
t1693	t1981
t1828	t185
t9	t1387
t306	t617
t732	t1536
t1951	t174
t1221	t956
t1623	t7
t1163	t616
t1798	t937
t1285	t1880
t342	t647
t1405	t1107
t353	t935
t374	t187
t1897	t414
t334	t1122
t1017	t672
t1209	t1244
t1859	t1838
t516	t730
t1626	t777
t671	t1895
t1253	t1313
t161	t1476
t1804	t684
t247	t974
t1187	t1108
t1244	t1072
t1711	t1713
t881	t641
t228	t1155
t1329	t850
t917	t1572
t748	t971
t1806	t847
t1610	t910
t834	t1562
t1551	t970
t1736	t1703
t385	t1766
t992	t1562
t1946	t1546
t707	t57
t1918	t124
t1400	t297
t563	t1387
t1870	t982
t1570	t275
t1867	t1494
t1336	t1686
t574	t1467
t127	t1598
t1359	t1965
t435	t482
t730	t225
t1472	t850
t1680	t1313
t832	t1375
t716	t278
t1811	t138
t474	t1797
t1842	t110
t442	t1528
t667	t1591
t1804	t1755
t944	t1319
t1832	t278
t526	t1356
t368	t358
t1475	t550
t1249	t894
t1636	t128
t368	t466
t711	t1935
t1072	t509
t927	t1796
t324	t384
t1986	t1540
t789	t623
t1544	t1283
t900	t1970
t667	t582
t1407	t971
t1624	t425
t613	t850
t1736	t322
t729	t364
t1327	t1360
t85	t1115
t1802	t880
t589	t526
t246	t1876
t639	t992
t974	t1766
t854	t528
t1234	t1654
t1904	t1531
t1515	t1075
t1955	t1531
t1046	t1206
t1044	t1284
t442	t561
t718	t585
t1775	t1854
t1210	t1033
t1571	t540
t1109	t592
t1963	t461
t1775	t36
t1816	t1137
t1565	t440
t1906	t1212
t490	t1135
t1024	t1528
t1268	t1646
t575	t1764
t1369	t1458
t1244	t1319
t1707	t3
t1903	t500
t365	t925
t661	t950
t500	t67
t58	t1346
t1240	t939
t1165	t533
t1585	t949
t432	t892
t1031	t1292
t128	t1374
t52	t390
t866	t397
t1654	t646
t150	t1904
t1177	t594
t1760	t554
t1432	t109
t1918	t1964
t169	t1991
t414	t1423
t906	t1395
t710	t82
t993	t113
t487	t263
t1914	t626
t1171	t276
t532	t1883
t169	t1052
t1510	t570
t7	t726
t1049	t152
t140	t265
t1470	t414
t1080	t1487
t1711	t784
t1731	t506
t315	t586
t1102	t1004
t661	t1448
t1856	t1473
t1939	t760
t1212	t477
t802	t1828
t1817	t1646
t411	t713
t1881	t1925
t1240	t377
t749	t1893
t1656	t256
t841	t1384
t1171	t1134
t1903	t1512
t1575	t1269
t762	t1228
t704	t1397
t513	t1213
t1983	t509
t827	t1474
t1065	t58
t1840	t1995
t472	t319
t1778	t1953
t1056	t748
t62	t1597
t396	t988
t80	t893
t1251	t1638
t697	t1887
t547	t409
t430	t1880
t1340	t1267
t298	t254
t194	t476
t1894	t1891
t324	t1654
t1612	t1424
t576	t1038
t381	t1160
t147	t1229
t1319	t253
t1963	t1100
t1106	t1134
t514	t1578
t1732	t1408
t298	t343
t294	t1811
t1170	t1643
t1154	t632
t303	t524
t836	t203
t1730	t1980
t852	t69
t1347	t1681
t1352	t1503
t1182	t698
t655	t620
t356	t668
t1009	t1521
t609	t195
t615	t1810
t1105	t1597
t305	t1852
t914	t1382
t410	t1267
t577	t1270
t1289	t1239
t912	t1619
t714	t1415
t862	t858
t1299	t1889
t1729	t552
t1714	t1117
t788	t892
t809	t978
t1012	t694
t1643	t570
t1303	t339
t1130	t688
t1416	t452
t1007	t1412
t1629	t482
t246	t916
t655	t1677
t1120	t871
t922	t1358
t1283	t926
t1318	t77
t1555	t1571
t372	t1642
t473	t1407
t656	t165
t1507	t1947
t97	t1904
t217	t1215
t252	t1112
t459	t444
t1725	t154
t432	t1282
t1698	t1805
t198	t1505
t1748	t1751
t1022	t878
t759	t103
t739	t1718
t1965	t547
t815	t570
t1236	t345
t1427	t1910
t1105	t1553
t615	t28
t1101	t1416
t1475	t386
t450	t558
t81	t978
t989	t1463
t1372	t1583
t778	t800
t1098	t211
t1274	t98
t549	t810
t1333	t1387
t568	t917
t1941	t1329
t428	t57
t159	t860
t1233	t1146
t1131	t1897
t211	t1895
t799	t606
t174	t1797
t1754	t1779
t1696	t1421
t501	t616
t272	t163
t769	t1584
t632	t1895
t255	t98
t1708	t699
t1109	t777
t1834	t1720
t1490	t511
t1551	t28
t887	t1983
t1433	t1237
t1407	t1343
t1449	t1024
t815	t1135
t1429	t1408
t1028	t1684
t1606	t1951
t1471	t974
t1359	t1560
t752	t1564
t47	t744
t1660	t1877
t1257	t1321
t884	t446
t1271	t973
t1906	t835
t186	t1250
t1706	t1658
t396	t536
t1501	t1496
t108	t1868
t1903	t1126
t1163	t1849
t252	t971
t948	t170
t20	t38
t1429	t601
t1193	t1265
t200	t1377
t879	t1868
t1694	t1527
t618	t1175
t262	t267
t1187	t1473
t1606	t708
t169	t653
t1116	t91
t1646	t779
t40	t1569
t30	t359
t636	t1134
t1725	t784
t655	t154
t1518	t504
t1535	t420
t1338	t907
t1199	t437
t1645	t1875
t283	t1027
t122	t1261
t1271	t1937
t16	t1760
t743	t1646
t339	t232
t625	t1659
t1432	t1206
t1725	t1642
t45	t224
t704	t1072
t1291	t1663
t1014	t1313
t1592	t1246
t1267	t860
t1577	t1782
t1284	t1380
t1786	t1477
t565	t1244
t625	t542
t559	t466
t1633	t821
t1446	t1569
t813	t1006
t1334	t319
t1292	t1921
t1920	t1264
t94	t1795
t1590	t1853
t1104	t1487
t54	t554
t1936	t1457
t1559	t1667
t393	t421
t416	t1156
t412	t95
t374	t152
t1950	t840
t80	t685
t1303	t390
t1522	t1744
t811	t1258
t1455	t272
t1295	t341
t615	t1249
t859	t171
t1885	t1406
t121	t1841
t921	t565
t1044	t1766
t831	t700
t215	t1084
t1182	t1463
t539	t761
t1506	t1735
t410	t1712
t1326	t830
t854	t1333
t1330	t780
t999	t234
t1927	t85
t659	t59
t896	t244
t1953	t664
t1954	t694
t639	t1471
t200	t371
t144	t476
t433	t707
t1027	t424
t1191	t623
t1163	t1389
t1987	t1292
t88	t926
t1284	t157
t1481	t1058
t1676	t876
t964	t1024
t1837	t1162
t1411	t1890
t1217	t813
t514	t369
t7	t512
t258	t758
t1726	t95
t742	t1750
t508	t1381
t1244	t1448
t562	t995
t1299	t1813
t217	t1457
t443	t147
t1275	t129
t1963	t1941
t733	t592
t1817	t1430
t1822	t3
t722	t894
t454	t894
t1690	t599
t1448	t343
t1809	t865
t1094	t1423
t93	t1843
t327	t1382
t1438	t1139
t87	t1017
t2	t1967
t1333	t1999
t47	t870
t908	t804
t625	t1102
t615	t1992
t1140	t1044
t441	t1683
t45	t360
t1040	t138
t923	t1785
t160	t865
t1414	t459
t727	t1084
t595	t1066
t703	t975
t1446	t1442
t448	t370
t595	t1731
t338	t511
t1468	t82
t264	t511
t177	t1352
t1209	t717
t1897	t1462
t966	t1966
t1833	t1815
t1950	t757
t1850	t1119
t1398	t1926
t143	t59
t405	t1633
t1206	t916
t1149	t1247
t1245	t1374
t393	t1365
t116	t548
t588	t160
t701	t1844
t1257	t966
t983	t998
t1605	t1779
t1243	t76
t702	t705
t1824	t547
t1095	t5
t921	t154
t233	t63
t198	t1625
t214	t748
t1157	t1620
t458	t1019
t1236	t533
t1064	t1201
t1031	t949
t1934	t695
t1909	t1923
t1839	t1274
t470	t421
t493	t667
t1460	t310
t1417	t1928
t1128	t1191
t173	t932
t814	t1019
t375	t1334
t1263	t1585
t504	t1366
t1966	t1021
t1469	t1004
t1024	t1721
t1245	t1172
t1699	t1739
t1927	t1826
t1124	t1972
t542	t1275
t854	t635
t1870	t694
t564	t9
t1303	t1030
t1007	t1556
t783	t1593
t1701	t710
t6	t265
t1894	t1592
t1555	t635
t1140	t446
t337	t619
t1233	t552
t1187	t690
t153	t1457
t1827	t824
t188	t1300
t1140	t323
t324	t89
t218	t1742
t211	t73
t1278	t57
t760	t991
t1109	t845
t1488	t903
t1235	t1777
t369	t1326
t624	t242
t1773	t991
t1769	t798
t788	t596
t1221	t1742
t1065	t305
t976	t919
t424	t1405
t1496	t522
t820	t1477
t269	t1052
t1084	t1408
t950	t1919
t668	t1109
t1397	t155
t543	t1777
t1118	t855
t48	t720
t743	t831
t1490	t1557
t1822	t1043
t1136	t1906
t1140	t1019
t366	t1262
t611	t967
t221	t997
t689	t785
t820	t1340
t806	t235
t1980	t1357
t1142	t1526
t518	t273
t1310	t1832
t1092	t1745
t621	t570
t1703	t307
t864	t1929
t203	t1292
t1233	t1208
t636	t389
t158	t1835
t1707	t1015
t491	t1640
t592	t573
t1354	t900
t1157	t633
t1341	t1771
t1977	t56
t724	t1269
t1522	t760
t1662	t1758
t1260	t197
t1116	t1548
t929	t1666
t1450	t4
t30	t1426
t1994	t1742
t1588	t1190
t840	t1498
t1818	t104
t1187	t821
t342	t570
t769	t1749
t337	t126
t222	t1671
t88	t1735
t697	t1420
t771	t13
t547	t300
t1464	t896
t443	t794
t1707	t1701
t432	t1370
t1700	t1276
t1595	t190
t1738	t1306
t416	t1208
t1825	t1728
t1110	t144
t1708	t1998
t795	t1971
t1534	t845
t398	t496
t671	t455
t201	t1815
t761	t259
t205	t1549
t1587	t115
t1993	t154
t443	t1120
t1618	t773
t606	t579
t1367	t692
t679	t1423
t1329	t1201
t443	t1652
t1398	t849
t1330	t642
t1142	t678
t495	t173
t1080	t1431
t385	t17
t242	t971
t994	t254
t1558	t1648
t1233	t152
t1183	t1125
t1451	t523
t1564	t728
t1635	t1442
t373	t394
t823	t1663
t1363	t409
t369	t988
t774	t506
t81	t1421
t1551	t978
t366	t1387
t1719	t460
t1565	t1895
t1029	t1789
t162	t1720
t217	t1683
t1963	t444
t633	t1718
t1954	t1470
t1390	t1059
t1350	t685
t879	t1889
t1353	t672
t1049	t245
t162	t581
t896	t277
t381	t754
t947	t290
t333	t1268
t164	t1254
t1724	t829
t1202	t1784
t1723	t247
t1548	t653
t1911	t1659
t1155	t1125
t1094	t1259
t825	t1424
t128	t747
t432	t935
t920	t865
t430	t1340
t1933	t1220
t1037	t1346
t1917	t1746
t1977	t593
t741	t404
t1323	t623
t1983	t1125
t1667	t1836
t1612	t1383
t518	t1161
t612	t624
t1571	t1387
t884	t181
t818	t1695
t442	t1070
t1132	t1348
t1103	t1542
t448	t674
t658	t1497
t941	t1224
t1524	t28
t1762	t1446
t207	t1683
t948	t848
t1320	t163
t1520	t14
t1556	t280
t1097	t265
t738	t1427
t610	t114
t307	t1147
t1220	t911
t1814	t1598
t297	t72
t603	t933
t818	t7
t468	t59
t1700	t538
t809	t1288
t1201	t28
t1770	t582
t1475	t637
t350	t467
t1752	t436
t1892	t154
t473	t797
t1715	t111
t1870	t1021
t1552	t1655
t799	t108
t1649	t717
t1606	t1776
t1984	t413
t1001	t107
t333	t181
t1252	t896
t860	t1902
t62	t1761
t1144	t864
t314	t686
t1706	t1596
t1285	t216
t1837	t545
t837	t970
t1350	t1369
t1451	t1577
t93	t1742
t1318	t846
t232	t553
t338	t621
t1019	t1385
t687	t734
t1453	t1049
t1277	t1375
t334	t1890
t1451	t605
t1776	t1385
t1234	t1933
t1010	t1419
t1106	t243
t1386	t1912
t1697	t1051
t77	t1095
t964	t1045
t1942	t357
t1231	t1353
t1252	t1135
t912	t1446
t709	t1457
t1478	t84
t528	t1580
t1761	t1583
t1234	t72
t36	t287
t1649	t1228
t499	t161
t459	t792
t283	t1733
t487	t1928
t1029	t1523
t759	t1201
t1983	t1571
t1832	t1622
t25	t593
t954	t1228
t1818	t108
t1063	t1403
t1822	t502
t1976	t208
t774	t1973
t654	t1826
t494	t296
t536	t1089
t749	t510
t136	t997
t623	t804
t1084	t1519
t1700	t502
t659	t1594
t1962	t147
t1295	t1159
t1	t1743
t463	t1568
t1253	t916
t992	t1034
t1988	t28
t401	t1117
t1507	t1589
t1044	t1399
t1592	t493
t50	t920
t1555	t1844
t1287	t1261
t905	t204
t1592	t780
t1670	t765
t1284	t1847
t1524	t115
t1170	t897
t1808	t529
t697	t1884
t1859	t876
t781	t1983
t730	t1442
t1112	t1402
t1245	t1789
t1331	t431
t750	t1055
t996	t802
t837	t1992
t149	t1327
t430	t1616
t1776	t496
t1140	t215
t1554	t1587
t1292	t1294
t646	t1078
t1106	t1885
t289	t1266
t730	t1208
t1293	t1244
t1848	t1178
t1767	t1189
t502	t1659
t1693	t1946
t1582	t973
t8	t1932
t853	t1637
t569	t1855
t1988	t1473
t250	t1159
t677	t183
t763	t563
t1790	t1381
t1096	t391
t459	t509
t1361	t845
t940	t1780
t1924	t142
t988	t776
t1618	t1648
t1468	t1293
t424	t1541
t1444	t383
t1928	t1211
t774	t1385
t902	t9
t1184	t1788
t1753	t583
t1877	t1644
t1240	t1948
t1327	t452
t532	t1391
t1289	t1528
t62	t1596
t908	t1562
t618	t1494
t1470	t510
t1301	t1132
t1729	t14
t335	t1423
t1538	t1770
t265	t830
t778	t1100
t299	t46
t1333	t1542
t595	t104
t88	t1479
t305	t1213
t1356	t894
t1412	t1202
t1143	t414
t1234	t1173
t714	t526
t1595	t1995
t837	t538
t778	t1562
t429	t457
t764	t859
t1487	t644
t498	t1173
t167	t630
t1681	t1189
t1420	t1565
t1645	t1779
t207	t1959
t892	t1074
t1421	t1558
t884	t1998
t1305	t1342
t896	t1499
t1951	t1666
t1370	t1227
t19	t789
t937	t1491
t972	t1866
t533	t1424
t177	t1771
t37	t1273
t870	t1355
t1478	t1583
t1079	t928
t1664	t123
t149	t1115
t1572	t321
t1707	t1831
t1311	t1605
t557	t1127
t1996	t808
t419	t1405
t1110	t248
t257	t103
t839	t1482
t764	t627
t1487	t1225
t349	t1292
t963	t1550
t1532	t1904
t1557	t1890
t395	t635
t1678	t994
t551	t670
t297	t1588
t1824	t1911
t1398	t880
t819	t1424
t473	t931
t489	t1237
t953	t901
t1589	t570
t1328	t425
t507	t1718
t898	t1923
t1382	t1711
t160	t1602
t872	t707
t356	t1289
t445	t383
t1338	t1152
t560	t1910
t58	t1984
t633	t71
t751	t456
t409	t582
t347	t1735
t589	t925
t1964	t1577
t753	t1289
t1441	t1815
t1079	t1417
t543	t1213
t662	t345
t1094	t729
t1251	t517
t233	t543
t136	t180
t1668	t712
t1942	t1513
t1573	t1683
t1778	t1354
t1372	t1291
t189	t1814
t424	t1703
t1667	t439
t748	t1113
t1909	t1852
t1314	t1865
t721	t521
t195	t1951
t702	t675
t687	t396
t1315	t1393
t1073	t1363
t1061	t692
t638	t752
t1214	t1004
t165	t1791
t1389	t243
t1839	t360
t1616	t1403
t951	t1976
t670	t959
t1657	t203
t433	t1477
t46	t1463
t317	t390
t773	t212
t1443	t1731
t412	t454
t532	t76
t1133	t139
t1698	t1485
t77	t1234
t1658	t37
t1055	t581
t1888	t1413
t1337	t790
t1157	t297
t1040	t411
t1986	t14
t181	t210
t1287	t1781
t809	t648
t565	t136
t1708	t1617
t1804	t442
t140	t996
t1491	t1516
t1586	t252
t999	t1972
t1212	t1503
t172	t1345
t557	t1968
t1181	t1374
t1382	t253
t1775	t1555
t1708	t612
t719	t932
t797	t593
t898	t1765
t1591	t859
t305	t204
t1556	t679
t1896	t1868
t1120	t282
t624	t522
t458	t1548
t1881	t135
t1689	t1135
t214	t307
t72	t1719
t1303	t456
t75	t1758
t1672	t1158
t1984	t1790
t1606	t233
t134	t1946
t10	t222
t1407	t1935
t1874	t939
t399	t1005
t1518	t1508
t1327	t510
t1952	t1497
t1988	t363
t1723	t1016
t1756	t1901
t1379	t1658
t1275	t965
t1024	t1782
t486	t1177
t1096	t1574
t757	t500
t693	t1302
t1785	t1580
t1726	t454
t1460	t414
t1390	t1540
t1483	t1139
t801	t155
t1611	t192
t1768	t1807
t1713	t173
t1969	t1321
t526	t337
t375	t512
t75	t713
t1700	t1582
t624	t160
t1490	t1380
t1515	t1921
t1645	t637
t1612	t92
t1190	t346
t1445	t1172
t574	t252
t150	t471
t1128	t1988
t1751	t291
t335	t284
t1303	t1976
t1965	t41
t780	t1113
t1877	t1576
t1133	t1735
t168	t1494
t1193	t673
t63	t1499
t366	t650
t559	t1982
t1664	t1554
t555	t1055
t1842	t1509
t901	t1598
t854	t202
t10	t812
t606	t133
t1944	t1620
t1455	t486
t947	t1913
t825	t977
t482	t1058
t1392	t870
t211	t1777
t820	t185
t1585	t1628
t1549	t1511
t1124	t1766
t844	t1981
t875	t826
t1406	t340
t1749	t1971
t1973	t1863
t562	t479
t1407	t1072
t1128	t1429
t855	t553
t1816	t1213
t941	t1557
t25	t11
t90	t1745
t473	t1257
t721	t534
t905	t1869
t655	t1678
t1143	t1306
t375	t557
t568	t853
t1783	t422
t318	t254
t375	t430
t1924	t1584
t1873	t1316
t698	t87
t1618	t540
t958	t1438
t1556	t1258
t697	t1625
t946	t117
t1887	t95
t1822	t1019
t881	t942
t1986	t1373
t310	t1331
t350	t1926
t917	t1378
t758	t860
t1670	t462
t1710	t231
t1853	t1242
t1614	t1628
t1004	t1994
t132	t1441
t758	t686
t94	t73
t653	t1773
t1018	t1519
t332	t9
t419	t1160
t16	t852
t6	t1316
t1487	t1769
t1693	t1258
t391	t1294
t319	t1266
t1563	t276
t837	t1925
t584	t1396
t374	t382
t871	t965
t227	t480
t660	t1418
t1350	t291
t1011	t351
t374	t1472
t52	t1413
t262	t1222
t1978	t1574
t1784	t1558
t1210	t1250
t1783	t182
t47	t1835
t879	t633
t1303	t926
t1285	t1041
t568	t1015
t66	t1304
t1761	t1004
t924	t1727
t1297	t130
t195	t1411
t1776	t621
t762	t462
t985	t1671
t1010	t170
t448	t558
t83	t878
t53	t1646
t1625	t641
t478	t950
t503	t198
t391	t1864
t385	t193
t1385	t586
t47	t1571
t281	t1086
t1870	t239
t525	t1339
t816	t600
t1820	t1508
t827	t222
t1556	t151
t69	t1683
t1751	t356
t807	t653
t153	t1042
t1342	t1553
t72	t656
t610	t1375
t1517	t1779
t736	t151
t1559	t877
t1722	t652
t856	t1884
t408	t1765
t1491	t1687
t610	t1545
t6	t712
t811	t874
t1430	t1695
t1765	t519
t1165	t165
t55	t216
t1756	t1878
t19	t124
t1143	t801
t48	t1457
t1522	t466
t1514	t152
t1726	t1205
t537	t1419
t409	t1135
t1722	t1024
t820	t1741
t10	t1554
t1871	t1199
t1888	t488
t508	t1364
t776	t997
t1812	t147
t1338	t622
t278	t883
t790	t1547
t1476	t1674
t624	t629
t1044	t537
t491	t1300
t1599	t1738
t1465	t440
t335	t456
t1917	t106
t846	t959
t1611	t901
t1773	t1517
t569	t1108
t1625	t627
t791	t1976
t970	t1890
t1355	t558
t418	t1454
t1723	t345
t1073	t619
t78	t1061
t1025	t830
t75	t276
t1146	t824
t887	t1482
t1552	t796
t615	t1046
t1105	t904
t863	t507
t1380	t170
t610	t449
t1911	t690
t1676	t484
t367	t1083
t1559	t405
t1324	t1416
t1515	t1156
t1010	t1471
t901	t1333
t1624	t849
t1126	t1164
t1368	t1167
t901	t92
t504	t205
t1651	t332
t1198	t587
t314	t1034
t687	t187
t1005	t147
t1120	t1497
t360	t1837
t389	t1542
t1008	t540
t823	t1004
t1234	t1036
t937	t358
t405	t506
t1714	t795
t1121	t719
t1645	t1144
t1966	t675
t1520	t1127
t1627	t1364
t1114	t849
t112	t452
t638	t1591
t45	t645
t389	t41
t1415	t87
t1975	t958
t961	t469
t1622	t275
t1896	t1740
t1032	t933
t1625	t747
t1223	t1897
t566	t1580
t937	t124
t671	t1679
t1944	t1795
t554	t245
t1973	t291
t550	t1271
t791	t959
t953	t823
t1885	t1752
t1906	t556
t502	t962
t852	t434
t1851	t880
t1047	t520
t492	t784
t1634	t858
t1262	t730
t819	t720
t509	t794
t1949	t270
t1242	t1396
t268	t1194
t256	t627
t839	t1603
t1837	t401
t1395	t1999
t1726	t489
t1944	t1060
t447	t204
t560	t1720
t18	t351
t432	t1652
t780	t425
t1399	t1384
t580	t20
t1726	t925
t908	t1390
t785	t351
t1081	t455
t1911	t1875
t877	t1218
t1500	t715
t881	t1892
t655	t586
t216	t1078
t1069	t170
t271	t1232
t1525	t1312
t1638	t37
t958	t496
t1642	t27
t1731	t1316
t724	t1788
t529	t1273
t172	t243
t119	t1510
t1014	t1499
t650	t1258
t516	t1357
t1381	t1735
t820	t734
t501	t686
t1276	t1175
t768	t1632
t289	t322
t1710	t1787
t1321	t1500
t1348	t431
t1370	t292
t717	t380
t1563	t1735
t1376	t1620
t943	t1114
t1327	t973
t1082	t1718
t846	t794
t1947	t1022
t22	t866
t1027	t1752
t638	t136
t411	t804
t1179	t216
t195	t932
t255	t528
t757	t343
t1321	t312
t1391	t348
t448	t614
t262	t1575
t1121	t124
t306	t1634
t877	t653
t465	t2
t1029	t855
t1327	t1321
t1471	t1785
t231	t949
t603	t926
t1561	t1993
t1013	t869
t1993	t512
t1885	t1745
t930	t1795
t1661	t1442
t708	t160
t84	t614
t645	t1052
t459	t1604
t1996	t1090
t1809	t1379
t1538	t1910
t1235	t28
t730	t1982
t670	t1628
t1198	t474
t722	t417
t216	t1003
t503	t1269
t1729	t582
t945	t1177
t1170	t1625
t333	t1159
t1065	t26
t1663	t1782
t806	t1203
t547	t1753
t915	t563
t1890	t586
t49	t549
t347	t1486
t1014	t1837
t1877	t1948
t1388	t1768
t987	t179
t1959	t931
t447	t1749
t1838	t454
t1846	t1878
t359	t1495
t440	t1399
t1958	t692
t1958	t1513
t514	t739
t541	t685
t1440	t1553
t31	t203
t1962	t1506
t828	t1758
t419	t633
t520	t1393
t1559	t1441
t513	t926
t1817	t449
t702	t132
t467	t977
t1070	t1675
t1978	t377
t1068	t991
t377	t971
t1523	t1709
t534	t952
t111	t1521
t377	t446
t1040	t39
t276	t640
t964	t60
t1578	t1982
t949	t1113
t1524	t899
t739	t1367
t1161	t1755
t1743	t489
t1022	t1019
t1164	t1413
t1835	t1555
t912	t1938
t994	t244
t242	t1164
t1073	t41
t751	t991
t1690	t1755
t1148	t1319
t864	t1823
t1061	t674
t403	t231
t1498	t1418
t1867	t1438
t805	t358
t684	t949
t414	t681
t987	t1876
t1491	t1624
t1860	t643
t958	t849
t1353	t392
t821	t229
t1192	t549
t582	t1902
t521	t1259
t1433	t848
t718	t1882
t1708	t1095
t507	t1604
t195	t1899
t303	t1173
t478	t1457
t1790	t1531
t1537	t1401
t1900	t1143
t1900	t1816
t1785	t529
t613	t691
t658	t1480
t1775	t14
t1590	t1678
t696	t339
t732	t1698
t944	t1226
t608	t1981
t1024	t1925
t1603	t1250
t817	t1625
t1698	t1249
t1041	t310
t1080	t803
t617	t1742
t386	t1211
t191	t1085
t355	t630
t786	t883
t638	t1611
t419	t300
t1467	t1358
t480	t810
t1295	t561
t1529	t106
t1330	t258
t1478	t808
t992	t493
t1838	t285
t1169	t751
t742	t279
t1342	t252
t731	t830
t809	t108
t1681	t1375
t1957	t1494
t1918	t1422
t1889	t1377
t780	t845
t474	t1396
t358	t1674
t1787	t1626
t3	t1521
t1415	t1593
t217	t1962
t119	t1594
t1121	t384
t1196	t1832
t503	t1052
t1703	t445
t1124	t486
t1199	t1473
t256	t1103
t931	t669
t683	t95
t1850	t1701
t1233	t303
t220	t1545
t602	t108
t1097	t679
t1567	t1288
t588	t358
t1605	t1476
t356	t1107
t1827	t1972
t609	t1013
t1144	t1837
t70	t743
t207	t1010
t1483	t239
t1564	t346
t1240	t717
t1614	t39
t1157	t1323
t1995	t904
t896	t1800
t820	t490
t433	t1076
t1407	t981
t116	t425
t1112	t1213
t998	t116
t1073	t233
t412	t1707
t232	t1499
t753	t52
t1348	t654
t1917	t1604
t631	t95
t499	t1133
t1369	t1211
t704	t1457
t1335	t942
t1489	t1229
t373	t1397
t579	t787
t191	t1595
t1817	t1534
t1032	t236
t1518	t1433
t514	t1483
t748	t128
t122	t885
t271	t993
t1544	t832
t1154	t1854
t206	t573
t224	t247
t747	t616
t70	t174
t302	t1160
t1103	t1502
t727	t1637
t46	t223
t1180	t819
t1942	t213
t1954	t1229
t435	t128
t473	t1625
t901	t700
t657	t522
t1988	t1488
t424	t1601
t1488	t376
t866	t1826
t1498	t761
t322	t446
t286	t217
t1870	t1172
t719	t1895
t851	t362
t348	t1621
t1155	t743
t813	t1718
t538	t592
t572	t268
t226	t1718
t240	t662
t1350	t1309
t770	t358
t487	t186
t45	t1210
t819	t1789
t1870	t1059
t53	t112
t375	t138
t239	t558
t1084	t1637
t1156	t1022
t86	t438
t1606	t1581
t363	t792
t1353	t1782
t958	t43
t1285	t329
t1633	t196
t53	t348
t1965	t1916
t963	t67
t696	t815
t1668	t495
t411	t1054
t1183	t1393
t416	t761
t58	t1960
t1130	t1369
t1997	t251
t32	t596
t134	t1821
t407	t1962
t1378	t64
t1810	t582
t1652	t193
t1552	t664
t88	t1966
t840	t878
t1559	t323
t1554	t860
t502	t861
t1897	t720
t655	t1406
t978	t777
t1376	t534
t296	t950
t1924	t384
t670	t243
t569	t110
t867	t1688
t944	t1912
t1505	t857
t121	t1791
t1381	t1191
t1835	t1922
t353	t1314
t1015	t447
t1322	t590
t1761	t490
t1257	t64
t1775	t1283
t60	t1222
t203	t998
t844	t225
t1623	t1422
t1094	t1590
t897	t1430
t957	t1396
t1101	t986
t1129	t630
t539	t989
t1359	t708
t997	t968
t533	t204
t854	t780
t1901	t1261
t289	t37
t50	t490
t820	t481
t1642	t1259
t422	t1847
t562	t1041
t557	t1758
t564	t1888
t1515	t1728
t562	t1122
t1287	t1848
t1079	t1226
t273	t354
t579	t1423
t1984	t733
t1514	t1619
t685	t1510
t1142	t65
t578	t1939
t1621	t1113
t1916	t1319
t1525	t1290
t412	t1977
t1897	t1445
t1940	t357
t1685	t932
t486	t551
t223	t563
t1085	t990
t1730	t1972
t1409	t1288
t1892	t1790
t1192	t883
t1481	t1242
t292	t471
t1452	t1319
t214	t586
t143	t13
t1918	t1272
t1041	t1670
t472	t1482
t1583	t460
t597	t1048
t1830	t246
t546	t562
t102	t1779
t1293	t334
t870	t1332
t800	t629
t661	t1274
t821	t1046
t1444	t313
t384	t691
t1405	t197
t1533	t1178
t541	t41
t1673	t950
t1312	t573
t8	t390
t1875	t1172
t516	t1788
t504	t422
t110	t364
t1160	t488
t878	t1848
t569	t953
t25	t160
t556	t1508
t767	t1647
t706	t1649
t1085	t797
t22	t162
t1342	t865
t1342	t426
t591	t1429
t159	t218
t878	t1749
t227	t1972
t428	t153
t47	t109
t1691	t1716
t430	t1268
t1352	t1235
t1733	t966
t640	t444
t1687	t554
t1995	t238
t330	t1183
t512	t278
t304	t1092
t185	t876
t1689	t1356
t915	t488
t1014	t1309
t112	t952
t274	t1575
t297	t1990
t786	t1647
t205	t1036
t226	t173
t1725	t1759
t219	t573
t1852	t1071
t487	t297
t1709	t1493
t546	t1782
t1185	t578
t362	t163
t607	t1509
t467	t911
t757	t1086
t66	t866
t55	t660
t1000	t1290
t381	t320
t663	t291
t1761	t1406
t213	t116
t795	t790
t1241	t236
t160	t616
t1748	t74
t1702	t1397
t1073	t311
t86	t1397
t589	t1711
t621	t784
t1710	t1517
t1056	t43
t234	t432
t416	t1
t1963	t646
t1182	t835
t1240	t1349
t1763	t1075
t548	t392
t1573	t903
t167	t845
t579	t1631
t942	t253
t89	t1754
t499	t1405
t1507	t984
t569	t1611
t223	t644
t1812	t484
t1449	t1120
t632	t1369
t461	t423
t128	t108
t578	t549
t938	t1919
t750	t681
t1945	t106
t1855	t30
t547	t1981
t1698	t1940
t737	t1976
t1280	t130
t766	t1795
t1192	t1114
t347	t472
t658	t155
t538	t171
t1073	t1486
t83	t1911
t636	t57
t1945	t24
t1682	t113
t1963	t634
t969	t1398
t1400	t1241
t1561	t1728
t1986	t1951
t1959	t1121
t1622	t1815
t318	t1212
t459	t1558
t1108	t1403
t1849	t938
t371	t1519
t1036	t452
t1983	t123
t1336	t1720
t241	t1583
t1053	t71
t61	t506
t102	t1508
t240	t728
t1535	t1794
t827	t129
t1985	t1851
t1411	t1865
t233	t1769
t1256	t509
t1370	t277
t1163	t273
t761	t1833
t75	t1366
t1453	t894
t1219	t433
t1573	t865
t127	t1430
t764	t1503
t721	t995
t1276	t529
t1661	t506
t330	t150
t615	t1693
t1978	t808
t293	t1720
t1575	t1422
t521	t929
t610	t1004
t651	t125
t953	t1309
t1796	t623
t1115	t39
t1027	t1293
t770	t1077
t1537	t1236
t1533	t1994
t597	t898
t133	t1905
t776	t295
t537	t744
t1318	t978
t527	t733
t456	t524
t905	t124
t280	t971
t1413	t573
t693	t1050
t612	t524
t1556	t1894
t1352	t899
t494	t836
t1707	t353
t777	t1777
t173	t1457
t873	t188
t1170	t793
t1571	t645
t64	t1486
t36	t1527
t1749	t596
t1831	t1915
t83	t256
t1065	t1172
t937	t1933
t1386	t561
t1491	t1190
t1422	t1925
t37	t237
t1141	t1665
t1038	t1470
t1769	t1117
t625	t1275
t547	t71
t1575	t1510
t448	t327
t1027	t420
t1180	t649
t46	t1921
t1452	t1626
t1025	t637
t349	t1921
t1551	t875
t1453	t898
t1180	t171
t1100	t1084
t1287	t1495
t844	t1972
t509	t1741
t54	t313
t1395	t1823
t1283	t181
t1874	t741
t1309	t1636
t399	t1201
t800	t1992
t1320	t923
t989	t1078
t132	t1340
t251	t1326
t599	t1573
t1703	t1780
t77	t193
t1411	t886
t399	t704
t1062	t1803
t1624	t971
t590	t1716
t415	t862
t1554	t1735
t294	t685
t1363	t1109
t264	t1322
t1117	t174
t305	t1102
t595	t859
t821	t1387
t521	t275
t214	t693
t733	t748
t1311	t1438
t1642	t595
t1554	t480
t1454	t1254
t1221	t37
t1688	t1204
t1444	t643
t1920	t320
t1944	t1325
t283	t481
t367	t232
t1988	t1411
t313	t571
t491	t1311
t1726	t1225
t439	t729
t334	t1211
t213	t1615
t1372	t1205
t887	t1735
t1627	t553
t1184	t1526
t46	t855
t759	t1956
t1909	t1774
t435	t1061
t1416	t208
t1888	t1632
t320	t1227
t1042	t1186
t1389	t712
t800	t633
t998	t95
t195	t558
t5	t885
t463	t89
t1212	t1546
t1909	t1255
t1560	t737
t698	t1390
t1639	t520
t1161	t1125
t1907	t1316
t528	t1754
t1243	t1422
t1432	t253
t290	t1819
t1588	t810
t279	t975
t697	t922
t1056	t926
t745	t1776
t699	t280
t700	t849
t1581	t710
t332	t352
t217	t1829
t580	t836
t1378	t238
t1378	t600
t439	t231
t1372	t915
t1599	t737
t1550	t1268
t1832	t581
t836	t266
t1283	t1438
t1590	t355
t110	t856
t1102	t591
t27	t1695
t1383	t1934
t1809	t1673
t438	t1447
t1155	t16
t534	t1217
t1626	t150
t75	t1788
t1943	t1977
t1395	t1486
t1898	t1719
t1673	t1111
t32	t1492
t539	t950
t1931	t789
t1900	t935
t461	t490
t1141	t771
t1042	t1410
t1786	t517
t1725	t1464
t1935	t1640
t310	t1604
t1433	t1121
t1618	t1892
t487	t1880
t1137	t266
t921	t1043
t409	t1427
t1260	t506
t1432	t1945
t370	t1608
t448	t606
t1451	t1946
t1311	t355
t1008	t848
t1611	t1131
t638	t470
t189	t124
t1064	t1765
t1830	t1693
t1882	t577
t827	t1558
t1104	t1054
t526	t664
t226	t977
t1559	t400
t1231	t565
t1722	t1971
t1544	t508
t922	t630
t299	t387
t438	t1033
t1043	t488
t223	t1004
t399	t1286
t318	t733
t1007	t1836
t865	t33
t22	t345
t5	t1375
t659	t1074
t1803	t1294
t762	t498
t81	t1356
t1170	t1861
t732	t144
t1918	t997
t1176	t741
t1810	t548
t1834	t476
t1053	t1159
t722	t1377
t504	t1741
t1507	t1949
t511	t784
t130	t1721
t1023	t670
t879	t248
t1694	t491
t742	t1629
t1456	t849
t486	t1224
t998	t1596
t1341	t1277
t1530	t648
t795	t197
t1177	t1445
t501	t747
t1104	t780
t1404	t445
t1776	t1750
t987	t948
t704	t3
t841	t1558
t1233	t1071
t250	t1335
t963	t41
t721	t161
t1280	t875
t839	t257
t958	t971
t1233	t1451
t1023	t1305
t1115	t1981
t89	t57
t704	t1828
t84	t755
t408	t676
t1767	t1497
t1824	t1951
t1797	t592
t1110	t1602
t1400	t628
t906	t464
t213	t567
t547	t1432
t189	t1288
t1998	t1797
t1063	t1037
t720	t746
t1940	t1992
t1073	t970
t1711	t1531
t1081	t674
t1989	t1284
t797	t767
t428	t779
t207	t441
t218	t1354
t415	t387
t1301	t1959
t1832	t1054
t246	t773
t1047	t615
t665	t1395
t548	t1976
t378	t959
t507	t39
t1301	t62
t1217	t1036
t1659	t1377
t381	t512
t113	t1878
t1150	t1755
t1197	t1981
t1197	t1164
t498	t601
t1970	t1093
t944	t44
t1444	t656
t1061	t397
t176	t1021
t423	t1103
t698	t1960
t909	t663
t177	t1636
t1126	t266
t1251	t1743
t1130	t1341
t1379	t180
t1156	t1720
t125	t1968
t1689	t1728
t1124	t1657
t284	t1127
t186	t985
t661	t749
t1845	t37
t1283	t216
t1110	t409
t1493	t1528
t1506	t1125
t48	t599
t1289	t278
t824	t1828
t260	t24
t1869	t1004
t1909	t1015
t1639	t1772
t662	t1169
t1778	t1979
t625	t1305
t504	t1133
t1710	t1307
t1487	t1226
t1134	t1666
t1982	t1626
t808	t1781
t1822	t1137
t1586	t1699
t132	t874
t1130	t226
t324	t238
t304	t1858
t156	t1759
t627	t474
t795	t1982
t487	t1019
t1	t565
t1739	t1051
t1715	t495
t867	t657
t1292	t1344
t1223	t855
t998	t747
t469	t605
t1654	t1677
t945	t136
t162	t1808
t448	t1165
t1102	t1948
t1377	t792
t1072	t1912
t408	t95
t1002	t967
t1694	t1676
t1743	t1331
t1410	t104
t661	t1263
t241	t1055
t1440	t992
t567	t1967
t384	t722
t733	t267
t1330	t1136
t309	t285
t1110	t170
t149	t1168
t1132	t1120
t1991	t1960
t841	t621
t18	t164
t717	t1857
t928	t1481
t628	t1801
t296	t1191
t595	t1615
t1435	t572
t1101	t237
t1636	t1768
t1504	t1091
t1072	t1865
t1788	t1408
t1729	t551
t137	t1772
t302	t1281
t1196	t1724
t1060	t506
t519	t259
t1065	t138
t314	t187
t279	t1617
t498	t602
t1145	t1465
t1062	t1547
t1995	t1545
t188	t1774
t192	t1281
t140	t536
t1057	t437
t1005	t1334
t1849	t889
t289	t1006
t1710	t1603
t541	t928
t1317	t76
t448	t1394
t690	t1454
t1784	t440
t1207	t881
t988	t1020
t87	t400
t527	t1002
t271	t654
t424	t1955
t1757	t1528
t1552	t1591
t533	t1051
t1200	t441
t352	t345
t1146	t1939
t189	t513
t1089	t1466
t1661	t1083
t797	t1698
t1751	t229
t1009	t181
t241	t1770
t241	t82
t423	t642
t862	t1511
t1083	t1423
t1381	t1213
t1042	t570
t1224	t1811
t1794	t849
t81	t868
t467	t570
t1010	t222
t1305	t1784
t282	t991
t451	t633
t1300	t1161
t797	t1807
t439	t296
t425	t1006
t1697	t400
t572	t904
t1747	t1466
t976	t1762
t1965	t770
t1048	t1173
t873	t622
t936	t1720
t267	t571
t203	t219
t31	t329
t593	t1068
t1577	t279
t448	t760
t886	t1497
t936	t1740
t1214	t601
t1440	t16
t1734	t1042
t36	t764
t1633	t1143
t1151	t703
t1163	t1448
t1595	t1528
t432	t650
t1268	t549
t94	t1720
t1340	t476
t688	t490
t454	t853
t1083	t295
t1082	t1594
t161	t663
t1287	t736
t1511	t1805
t1804	t578
t1051	t991
t1461	t582
t1356	t1373
t463	t1461
t265	t1938
t1063	t205
t1193	t1844
t1475	t1094
t1008	t1325
t649	t1228
t113	t737
t42	t792
t1514	t1140
t1446	t1089
t64	t1203
t1791	t123
t683	t581
t644	t1847
t550	t1235
t841	t31
t556	t1647
t1667	t1986
t292	t1333
t1073	t1040
t1862	t212
t79	t269
t1100	t564
t676	t1162
t132	t1541
t1690	t154
t795	t409
t157	t1642
t870	t393
t66	t1905
t1210	t457
t1943	t601
t1297	t3
t324	t397
t1907	t1774
t1796	t1190
t957	t716
t1770	t462
t1609	t222
t795	t1134
t1223	t960
t507	t342
t47	t918
t818	t1982
t300	t810
t1395	t605
t1022	t1482
t517	t258
t247	t619
t1315	t1010
t406	t953
t766	t231
t1645	t363
t11	t450
t1450	t516
t1951	t1331
t769	t1488
t1478	t1401
t904	t41
t286	t1590
t1160	t1227
t1458	t779
t1207	t189
t357	t578
t802	t265
t1845	t1728
t1988	t258
t702	t1427
t1140	t295
t1077	t480
t889	t1579
t304	t1570
t1328	t1444
t264	t623
t1344	t219
t1835	t850
t860	t1213
t665	t1173
t797	t1224
t1627	t933
t206	t1632
t1957	t1932
t1802	t1591
t885	t92
t498	t674
t463	t1890
t1299	t125
t1590	t49
t918	t1845
t70	t1590
t562	t446
t1395	t1546
t161	t876
t1	t1573
t1455	t1476
t655	t176
t1689	t1467
t501	t1519
t1694	t39
t1201	t1505
t1965	t1287
t1435	t676
t1712	t923
t1544	t26
t939	t225
t179	t1668
t1578	t1232
t221	t1831
t20	t111
t1456	t1418
t1736	t593
t1921	t14
t1079	t1752
t1328	t1377
t1475	t1607
t161	t184
t542	t316
t81	t1418
t805	t170
t297	t913
t35	t484
t1010	t93
t1623	t12
t473	t1620
t1872	t878
t667	t279
t1047	t962
t509	t1600
t1852	t75
t1736	t1441
t552	t1915
t1836	t362
t102	t28
t908	t162
t1394	t849
t688	t4
t1865	t1497
t1667	t271
t374	t1203
t514	t280
t1210	t506
t1520	t1888
t50	t1266
t1450	t989
t1157	t1404
t1703	t725
t1330	t1975
t869	t1474
t1773	t382
t1899	t827
t927	t1961
t727	t1773
t633	t209
t1529	t357
t964	t1829
t1310	t872
t852	t1108
t1964	t337
t1842	t702
t1762	t310
t1751	t296
t312	t1402
t78	t1853
t417	t1884
t1383	t317
t1464	t1099
t1321	t1390
t90	t856
t658	t1471
t1555	t1711
t188	t648
t1661	t130
t1199	t735
t250	t1328
t1606	t129
t701	t1604
t562	t1429
t841	t904
t304	t810
t1885	t1103
t30	t1036
t928	t530
t407	t1187
t1993	t1495
t1472	t975
t661	t1078
t213	t632
t107	t761
t1415	t516
t128	t1893
t1347	t296
t1846	t1423
t1458	t1508
t985	t1597
t1751	t114
t689	t620
t1903	t1077
t984	t1226
t1612	t314
t753	t114
t1064	t1719
t1098	t909
t1433	t1764
t1056	t907
t756	t1078
t1518	t1320
t1599	t153
t1603	t1020
t629	t1584
t763	t744
t1277	t1461
t895	t1826
t1040	t1070
t1524	t538
t1875	t1971
t434	t1735
t1122	t1288
t1328	t142
t1141	t1639
t75	t17
t129	t1930
t1543	t1311
t49	t1979
t1603	t1939
t627	t147
t676	t642
t1129	t139
t1398	t1211
t1641	t1991
t1435	t785
t1350	t20
t119	t1660
t467	t726
t1853	t598
t1494	t1497
t127	t1186
t1650	t680
t785	t1624
t1079	t709
t1609	t1659
t192	t61
t1305	t1211
t1456	t1244
t1705	t858
t870	t95
t735	t73
t462	t1345
t194	t1113
t1694	t1523
t841	t1067
t1063	t1749
t1101	t900
t1231	t1362
t108	t777
t187	t1179
t534	t438
t439	t1057
t741	t231
t495	t1854
t1853	t1294
t957	t1594
t805	t737
t1285	t109
t1877	t27
t1201	t474
t161	t1990
t449	t1366
t1524	t561
t1640	t1742
t175	t674
t906	t107
t1455	t1790
t1091	t1540
t1974	t1617
t1327	t249
t855	t1173
t305	t526
t1201	t307
t712	t302
t411	t860
t297	t1515
t786	t152
t329	t362
t732	t1213
t1896	t1272
t1117	t959
t1104	t1421
t1794	t916
t1118	t401
t467	t1261
t1989	t1087
t1420	t1313
t1633	t1254
t1557	t926
t410	t1916
t503	t1941
t722	t577
t1386	t1805
t1697	t896
t683	t231
t689	t626
t116	t100
t1888	t1026
t120	t1216
t177	t1988
t1225	t483
t84	t342
t972	t700
t797	t583
t9	t1304
t1038	t1300
t569	t236
t1505	t1878
t770	t1640
t335	t43
t448	t1511
t389	t236
t377	t986
t1301	t1252
t1488	t1531
t247	t1059
t892	t1587
t1405	t1385
t1378	t1446
t1567	t1789
t852	t695
t66	t907
t1530	t1732
t1223	t1753
t956	t728
t1830	t1259
t1997	t1339
t227	t681
t1706	t1123
t1659	t232
t335	t1819
t835	t126
t18	t336
t1073	t693
t1140	t3
t1555	t1836
t1889	t1307
t557	t1186
t1248	t1966
t213	t976
t984	t392
t1645	t1408
t1907	t1191
t1606	t1598
t294	t471
t568	t652
t1793	t338
t1155	t1176
t928	t1713
t1005	t681
t213	t1314
t1296	t686
t191	t730
t1786	t1363
t1465	t1335
t1900	t520
t120	t61
t1079	t1356
t181	t1746
t1164	t354
t1110	t21
t438	t130
t1037	t1052
t344	t1125
t1982	t1740
t1544	t1669
t156	t252
t1301	t1038
t641	t968
t1224	t1819
t80	t837
t331	t953
t1234	t1613
t1919	t1068
t702	t419
t93	t1899
t1074	t974
t1643	t1143
t1940	t1795
t357	t1659
t324	t608
t1818	t1213
t1550	t101
t1572	t869
t428	t564
t1257	t1916
t1951	t789
t1170	t932
t1650	t1811
t209	t1090
t732	t1452
t361	t853
t1376	t1742
t1909	t590
t1518	t1970
t45	t259
t937	t216
t79	t1095
t102	t1876
t1343	t440
t1126	t679
t221	t990
t1859	t1553
t1877	t736
t1973	t1601
t268	t648
t407	t1104
t1187	t1179
t434	t39
t162	t511
t1687	t445
t585	t1274
t868	t1006
t900	t1806
t1412	t117
t118	t815
t1470	t309
t1230	t1185
t1723	t733
t1803	t219
t801	t1526
t1536	t312
t625	t317
t322	t1439
t585	t174
t1256	t1570
t12	t735
t1005	t243
t738	t1344
t993	t1408
t1872	t573
t19	t1203
t1297	t184
t1943	t41
t314	t1670
t903	t1766
t1733	t739
t405	t739
t729	t1175
t1523	t1847
t1943	t674
t1081	t1819
t679	t515
t1454	t1917
t1317	t1648
t1561	t493
t677	t1081
t1181	t1026
t261	t1463
t518	t982
t1469	t785
t1136	t734
t848	t1374
t1157	t865
t548	t1253
t1882	t1380
t892	t617
t195	t1345
t45	t1855
t1539	t1011
t1859	t1828
t1762	t292
t1515	t320
t1080	t1438
t1412	t522
t287	t1558
t1504	t1423
t989	t1045
t1962	t122
t895	t1318
t1396	t616
t79	t642
t741	t117
t773	t635
t706	t167
t935	t792
t96	t1995
t1214	t447
t55	t623
t1176	t827
t1613	t1454
t316	t990
t1625	t1270
t1117	t354
t527	t1821
t1029	t1222
t862	t901
t458	t243
t862	t1732
t242	t1662
t1668	t1639
t719	t1605
t963	t1922
t1291	t269
t1809	t1624
t836	t669
t246	t1123
t1490	t715
t732	t1711
t1227	t1418
t4	t35
t1612	t1968
t1031	t1515
t746	t1060
t1351	t1663
t1741	t1060
t195	t1489
t1612	t690
t1937	t1632
t366	t965
t1825	t1268
t1555	t109
t356	t716
t54	t1258
t369	t546
t162	t1108
t1619	t1992
t639	t1488
t1853	t1854
t1389	t1649
t631	t1983
t627	t483
t17	t392
t228	t811
t846	t1425
t1371	t577
t1887	t1593
t249	t1215
t301	t1134
t135	t720
t727	t998
t1466	t64
t807	t1266
t1537	t1056
t1786	t367
t500	t168
t1830	t1303
t1778	t524
t433	t470
t1646	t1671
t137	t395
t1287	t835
t1439	t378
t1919	t1360
t1471	t231
t1315	t725
t1906	t790
t62	t12
t1797	t1528
t191	t1704
t1826	t126
t1803	t1934
t1379	t1833
t1194	t898
t1561	t256
t1586	t1125
t1098	t395
t1591	t1553
t871	t1794
t954	t1523
t764	t578
t1501	t630
t319	t675
t1523	t1054
t1913	t1122
t609	t313
t9	t71
t999	t651
t1069	t1106
t491	t229
t937	t836
t428	t717
t812	t360
t97	t160
t227	t1319
t175	t1749
t1450	t457
t62	t1659
t1859	t1759
t1053	t934
t1619	t1316
t1338	t540
t825	t853
t1870	t1320
t406	t1248
t650	t1503
t1073	t1346
t687	t35
t373	t755
t441	t1854
t504	t830
t514	t633
t491	t1402
t1257	t986
t189	t1749
t83	t1835
t710	t1866
t678	t1428
t569	t1873
t489	t1811
t643	t1088
t1165	t1127
t576	t523
t140	t1171
t1448	t57
t817	t479
t587	t719
t1441	t341
t20	t991
t743	t252
t525	t1074
t1598	t60
t1770	t786
t445	t431
t11	t756
t1476	t975
t1216	t479
t454	t728
t1529	t300
t688	t1282
t1586	t172
t1975	t1007
t389	t383
t520	t1401
t1023	t1862
t690	t229
t1200	t882
t881	t1371
t704	t203
t946	t1785
t1359	t1423
t1149	t831
t1419	t1408
t671	t1393
t1837	t645
t881	t538
t922	t734
t1556	t726
t1441	t1401
t1419	t765
t146	t583
t474	t1502
t299	t973
t631	t1693
t1274	t245
t1524	t1225
t928	t934
t1688	t354
t1185	t581
t1507	t1500
t1821	t916
t243	t635
t658	t990
t1532	t1182
t1699	t1181
t833	t310
t954	t1520
t572	t1299
t1659	t277
t482	t1334
t637	t669
t420	t913
t1963	t1346
t809	t84
t1804	t1006
t202	t1628
t1215	t975
t309	t1161
t1094	t1187
t1828	t68
t914	t1364
t1914	t1826
t1128	t1487
t759	t645
t924	t1923
t774	t310
t651	t176
t1230	t502
t1420	t24
t128	t1282
t243	t981
t1009	t1872
t1724	t1740
t1232	t673
t261	t1546
t1852	t1620
t1827	t1159
t187	t592
t424	t990
t1278	t1505
t1268	t1254
t767	t284
t886	t92
t860	t1779
t957	t696
t1218	t1976
t1631	t1316
t1098	t1904
t1669	t932
t827	t1915
t1676	t1331
t714	t302
t1476	t28
t501	t1393
t1888	t1531
t1403	t488
t1900	t1369
t198	t898
t1699	t765
t1470	t444
t120	t1333
t575	t390
t1121	t1086
t22	t690
t470	t1489
t1810	t278
t970	t1428
t1561	t1744
t1141	t1347
t48	t245
t927	t480
t770	t581
t1181	t1213
t561	t1232
t8	t297
t975	t1026
t134	t180
t649	t1767
t1233	t699
t1765	t345
t1367	t1070
t868	t805
t953	t920
t1013	t811
t255	t1021
t12	t1430
t613	t1550
